district_lgd_code,district_name,state_code,indicator_name,indicator_value,source_tag,updated_at
28001,Alluri Sitharama Raju,AP,jjm_tap_coverage,0.469,JJM_API,2026-09-01T00:00:00Z
28001,Alluri Sitharama Raju,AP,pmgsy_road_connected,0.736,PMGSY_API,2026-09-01T00:00:00Z
28001,Alluri Sitharama Raju,AP,swachh_odf_status,0.787,SWACHH_API,2026-09-01T00:00:00Z
28001,Alluri Sitharama Raju,AP,udise_schools_per_1000,1.47,UDISE_API,2026-09-01T00:00:00Z
28001,Alluri Sitharama Raju,AP,hospital_beds_per_1000,1.56,HEALTH_PORTAL,2026-09-01T00:00:00Z
28002,Anakapalli,AP,jjm_tap_coverage,0.729,JJM_API,2026-09-01T00:00:00Z
28002,Anakapalli,AP,pmgsy_road_connected,0.915,PMGSY_API,2026-09-01T00:00:00Z
28002,Anakapalli,AP,swachh_odf_status,0.916,SWACHH_API,2026-09-01T00:00:00Z
28002,Anakapalli,AP,udise_schools_per_1000,2.56,UDISE_API,2026-09-01T00:00:00Z
28002,Anakapalli,AP,hospital_beds_per_1000,1.7,HEALTH_PORTAL,2026-09-01T00:00:00Z
28003,Ananthapuramu,AP,jjm_tap_coverage,0.803,JJM_API,2026-09-01T00:00:00Z
28003,Ananthapuramu,AP,pmgsy_road_connected,0.921,PMGSY_API,2026-09-01T00:00:00Z
28003,Ananthapuramu,AP,swachh_odf_status,0.951,SWACHH_API,2026-09-01T00:00:00Z
28003,Ananthapuramu,AP,udise_schools_per_1000,1.49,UDISE_API,2026-09-01T00:00:00Z
28003,Ananthapuramu,AP,hospital_beds_per_1000,0.66,HEALTH_PORTAL,2026-09-01T00:00:00Z
28004,Annamayya,AP,jjm_tap_coverage,0.864,JJM_API,2026-09-01T00:00:00Z
28004,Annamayya,AP,pmgsy_road_connected,0.736,PMGSY_API,2026-09-01T00:00:00Z
28004,Annamayya,AP,swachh_odf_status,0.794,SWACHH_API,2026-09-01T00:00:00Z
28004,Annamayya,AP,udise_schools_per_1000,1.75,UDISE_API,2026-09-01T00:00:00Z
28004,Annamayya,AP,hospital_beds_per_1000,2.49,HEALTH_PORTAL,2026-09-01T00:00:00Z
28005,Bapatla,AP,jjm_tap_coverage,0.722,JJM_API,2026-09-01T00:00:00Z
28005,Bapatla,AP,pmgsy_road_connected,0.893,PMGSY_API,2026-09-01T00:00:00Z
28005,Bapatla,AP,swachh_odf_status,0.897,SWACHH_API,2026-09-01T00:00:00Z
28005,Bapatla,AP,udise_schools_per_1000,1.1,UDISE_API,2026-09-01T00:00:00Z
28005,Bapatla,AP,hospital_beds_per_1000,1.22,HEALTH_PORTAL,2026-09-01T00:00:00Z
28006,Chittoor,AP,jjm_tap_coverage,0.643,JJM_API,2026-09-01T00:00:00Z
28006,Chittoor,AP,pmgsy_road_connected,0.846,PMGSY_API,2026-09-01T00:00:00Z
28006,Chittoor,AP,swachh_odf_status,0.862,SWACHH_API,2026-09-01T00:00:00Z
28006,Chittoor,AP,udise_schools_per_1000,2.63,UDISE_API,2026-09-01T00:00:00Z
28006,Chittoor,AP,hospital_beds_per_1000,1.46,HEALTH_PORTAL,2026-09-01T00:00:00Z
28007,Dr. B.R. Ambedkar Konaseema,AP,jjm_tap_coverage,0.618,JJM_API,2026-09-01T00:00:00Z
28007,Dr. B.R. Ambedkar Konaseema,AP,pmgsy_road_connected,0.731,PMGSY_API,2026-09-01T00:00:00Z
28007,Dr. B.R. Ambedkar Konaseema,AP,swachh_odf_status,0.97,SWACHH_API,2026-09-01T00:00:00Z
28007,Dr. B.R. Ambedkar Konaseema,AP,udise_schools_per_1000,1.19,UDISE_API,2026-09-01T00:00:00Z
28007,Dr. B.R. Ambedkar Konaseema,AP,hospital_beds_per_1000,1.84,HEALTH_PORTAL,2026-09-01T00:00:00Z
28008,East Godavari,AP,jjm_tap_coverage,0.904,JJM_API,2026-09-01T00:00:00Z
28008,East Godavari,AP,pmgsy_road_connected,0.947,PMGSY_API,2026-09-01T00:00:00Z
28008,East Godavari,AP,swachh_odf_status,0.816,SWACHH_API,2026-09-01T00:00:00Z
28008,East Godavari,AP,udise_schools_per_1000,1.1,UDISE_API,2026-09-01T00:00:00Z
28008,East Godavari,AP,hospital_beds_per_1000,1.34,HEALTH_PORTAL,2026-09-01T00:00:00Z
28009,Eluru,AP,jjm_tap_coverage,0.646,JJM_API,2026-09-01T00:00:00Z
28009,Eluru,AP,pmgsy_road_connected,0.964,PMGSY_API,2026-09-01T00:00:00Z
28009,Eluru,AP,swachh_odf_status,0.905,SWACHH_API,2026-09-01T00:00:00Z
28009,Eluru,AP,udise_schools_per_1000,2.08,UDISE_API,2026-09-01T00:00:00Z
28009,Eluru,AP,hospital_beds_per_1000,0.68,HEALTH_PORTAL,2026-09-01T00:00:00Z
28010,Guntur,AP,jjm_tap_coverage,0.58,JJM_API,2026-09-01T00:00:00Z
28010,Guntur,AP,pmgsy_road_connected,0.743,PMGSY_API,2026-09-01T00:00:00Z
28010,Guntur,AP,swachh_odf_status,0.9,SWACHH_API,2026-09-01T00:00:00Z
28010,Guntur,AP,udise_schools_per_1000,1.61,UDISE_API,2026-09-01T00:00:00Z
28010,Guntur,AP,hospital_beds_per_1000,2.47,HEALTH_PORTAL,2026-09-01T00:00:00Z
28011,Kakinada,AP,jjm_tap_coverage,0.777,JJM_API,2026-09-01T00:00:00Z
28011,Kakinada,AP,pmgsy_road_connected,0.665,PMGSY_API,2026-09-01T00:00:00Z
28011,Kakinada,AP,swachh_odf_status,0.943,SWACHH_API,2026-09-01T00:00:00Z
28011,Kakinada,AP,udise_schools_per_1000,2.04,UDISE_API,2026-09-01T00:00:00Z
28011,Kakinada,AP,hospital_beds_per_1000,1.41,HEALTH_PORTAL,2026-09-01T00:00:00Z
28012,Krishna,AP,jjm_tap_coverage,0.967,JJM_API,2026-09-01T00:00:00Z
28012,Krishna,AP,pmgsy_road_connected,0.907,PMGSY_API,2026-09-01T00:00:00Z
28012,Krishna,AP,swachh_odf_status,0.974,SWACHH_API,2026-09-01T00:00:00Z
28012,Krishna,AP,udise_schools_per_1000,1.14,UDISE_API,2026-09-01T00:00:00Z
28012,Krishna,AP,hospital_beds_per_1000,2.0,HEALTH_PORTAL,2026-09-01T00:00:00Z
28013,Kurnool,AP,jjm_tap_coverage,0.644,JJM_API,2026-09-01T00:00:00Z
28013,Kurnool,AP,pmgsy_road_connected,0.982,PMGSY_API,2026-09-01T00:00:00Z
28013,Kurnool,AP,swachh_odf_status,0.898,SWACHH_API,2026-09-01T00:00:00Z
28013,Kurnool,AP,udise_schools_per_1000,2.7,UDISE_API,2026-09-01T00:00:00Z
28013,Kurnool,AP,hospital_beds_per_1000,0.82,HEALTH_PORTAL,2026-09-01T00:00:00Z
28014,Nandyal,AP,jjm_tap_coverage,0.769,JJM_API,2026-09-01T00:00:00Z
28014,Nandyal,AP,pmgsy_road_connected,0.842,PMGSY_API,2026-09-01T00:00:00Z
28014,Nandyal,AP,swachh_odf_status,0.807,SWACHH_API,2026-09-01T00:00:00Z
28014,Nandyal,AP,udise_schools_per_1000,2.63,UDISE_API,2026-09-01T00:00:00Z
28014,Nandyal,AP,hospital_beds_per_1000,1.56,HEALTH_PORTAL,2026-09-01T00:00:00Z
28015,NTR,AP,jjm_tap_coverage,0.789,JJM_API,2026-09-01T00:00:00Z
28015,NTR,AP,pmgsy_road_connected,0.675,PMGSY_API,2026-09-01T00:00:00Z
28015,NTR,AP,swachh_odf_status,0.926,SWACHH_API,2026-09-01T00:00:00Z
28015,NTR,AP,udise_schools_per_1000,2.15,UDISE_API,2026-09-01T00:00:00Z
28015,NTR,AP,hospital_beds_per_1000,0.78,HEALTH_PORTAL,2026-09-01T00:00:00Z
28016,Palnadu,AP,jjm_tap_coverage,0.68,JJM_API,2026-09-01T00:00:00Z
28016,Palnadu,AP,pmgsy_road_connected,0.795,PMGSY_API,2026-09-01T00:00:00Z
28016,Palnadu,AP,swachh_odf_status,0.982,SWACHH_API,2026-09-01T00:00:00Z
28016,Palnadu,AP,udise_schools_per_1000,1.31,UDISE_API,2026-09-01T00:00:00Z
28016,Palnadu,AP,hospital_beds_per_1000,0.85,HEALTH_PORTAL,2026-09-01T00:00:00Z
28017,Parvathipuram Manyam,AP,jjm_tap_coverage,0.608,JJM_API,2026-09-01T00:00:00Z
28017,Parvathipuram Manyam,AP,pmgsy_road_connected,0.943,PMGSY_API,2026-09-01T00:00:00Z
28017,Parvathipuram Manyam,AP,swachh_odf_status,0.798,SWACHH_API,2026-09-01T00:00:00Z
28017,Parvathipuram Manyam,AP,udise_schools_per_1000,1.36,UDISE_API,2026-09-01T00:00:00Z
28017,Parvathipuram Manyam,AP,hospital_beds_per_1000,1.33,HEALTH_PORTAL,2026-09-01T00:00:00Z
28018,Prakasam,AP,jjm_tap_coverage,0.543,JJM_API,2026-09-01T00:00:00Z
28018,Prakasam,AP,pmgsy_road_connected,0.742,PMGSY_API,2026-09-01T00:00:00Z
28018,Prakasam,AP,swachh_odf_status,0.786,SWACHH_API,2026-09-01T00:00:00Z
28018,Prakasam,AP,udise_schools_per_1000,1.67,UDISE_API,2026-09-01T00:00:00Z
28018,Prakasam,AP,hospital_beds_per_1000,1.89,HEALTH_PORTAL,2026-09-01T00:00:00Z
28019,Srikakulam,AP,jjm_tap_coverage,0.449,JJM_API,2026-09-01T00:00:00Z
28019,Srikakulam,AP,pmgsy_road_connected,0.969,PMGSY_API,2026-09-01T00:00:00Z
28019,Srikakulam,AP,swachh_odf_status,0.829,SWACHH_API,2026-09-01T00:00:00Z
28019,Srikakulam,AP,udise_schools_per_1000,1.22,UDISE_API,2026-09-01T00:00:00Z
28019,Srikakulam,AP,hospital_beds_per_1000,2.42,HEALTH_PORTAL,2026-09-01T00:00:00Z
28020,Sri Potti Sriramulu Nellore,AP,jjm_tap_coverage,0.947,JJM_API,2026-09-01T00:00:00Z
28020,Sri Potti Sriramulu Nellore,AP,pmgsy_road_connected,0.637,PMGSY_API,2026-09-01T00:00:00Z
28020,Sri Potti Sriramulu Nellore,AP,swachh_odf_status,0.91,SWACHH_API,2026-09-01T00:00:00Z
28020,Sri Potti Sriramulu Nellore,AP,udise_schools_per_1000,2.51,UDISE_API,2026-09-01T00:00:00Z
28020,Sri Potti Sriramulu Nellore,AP,hospital_beds_per_1000,1.06,HEALTH_PORTAL,2026-09-01T00:00:00Z
28021,Sri Sathya Sai,AP,jjm_tap_coverage,0.854,JJM_API,2026-09-01T00:00:00Z
28021,Sri Sathya Sai,AP,pmgsy_road_connected,0.755,PMGSY_API,2026-09-01T00:00:00Z
28021,Sri Sathya Sai,AP,swachh_odf_status,0.962,SWACHH_API,2026-09-01T00:00:00Z
28021,Sri Sathya Sai,AP,udise_schools_per_1000,2.11,UDISE_API,2026-09-01T00:00:00Z
28021,Sri Sathya Sai,AP,hospital_beds_per_1000,1.21,HEALTH_PORTAL,2026-09-01T00:00:00Z
28022,Tirupati,AP,jjm_tap_coverage,0.782,JJM_API,2026-09-01T00:00:00Z
28022,Tirupati,AP,pmgsy_road_connected,0.766,PMGSY_API,2026-09-01T00:00:00Z
28022,Tirupati,AP,swachh_odf_status,0.954,SWACHH_API,2026-09-01T00:00:00Z
28022,Tirupati,AP,udise_schools_per_1000,1.26,UDISE_API,2026-09-01T00:00:00Z
28022,Tirupati,AP,hospital_beds_per_1000,1.02,HEALTH_PORTAL,2026-09-01T00:00:00Z
28023,Visakhapatnam,AP,jjm_tap_coverage,0.886,JJM_API,2026-09-01T00:00:00Z
28023,Visakhapatnam,AP,pmgsy_road_connected,0.68,PMGSY_API,2026-09-01T00:00:00Z
28023,Visakhapatnam,AP,swachh_odf_status,0.859,SWACHH_API,2026-09-01T00:00:00Z
28023,Visakhapatnam,AP,udise_schools_per_1000,1.61,UDISE_API,2026-09-01T00:00:00Z
28023,Visakhapatnam,AP,hospital_beds_per_1000,1.95,HEALTH_PORTAL,2026-09-01T00:00:00Z
28024,Vizianagaram,AP,jjm_tap_coverage,0.468,JJM_API,2026-09-01T00:00:00Z
28024,Vizianagaram,AP,pmgsy_road_connected,0.659,PMGSY_API,2026-09-01T00:00:00Z
28024,Vizianagaram,AP,swachh_odf_status,0.903,SWACHH_API,2026-09-01T00:00:00Z
28024,Vizianagaram,AP,udise_schools_per_1000,1.81,UDISE_API,2026-09-01T00:00:00Z
28024,Vizianagaram,AP,hospital_beds_per_1000,1.73,HEALTH_PORTAL,2026-09-01T00:00:00Z
28025,West Godavari,AP,jjm_tap_coverage,0.814,JJM_API,2026-09-01T00:00:00Z
28025,West Godavari,AP,pmgsy_road_connected,0.75,PMGSY_API,2026-09-01T00:00:00Z
28025,West Godavari,AP,swachh_odf_status,0.931,SWACHH_API,2026-09-01T00:00:00Z
28025,West Godavari,AP,udise_schools_per_1000,2.67,UDISE_API,2026-09-01T00:00:00Z
28025,West Godavari,AP,hospital_beds_per_1000,2.1,HEALTH_PORTAL,2026-09-01T00:00:00Z
28026,Y.S.R. Kadapa,AP,jjm_tap_coverage,0.758,JJM_API,2026-09-01T00:00:00Z
28026,Y.S.R. Kadapa,AP,pmgsy_road_connected,0.561,PMGSY_API,2026-09-01T00:00:00Z
28026,Y.S.R. Kadapa,AP,swachh_odf_status,0.83,SWACHH_API,2026-09-01T00:00:00Z
28026,Y.S.R. Kadapa,AP,udise_schools_per_1000,2.25,UDISE_API,2026-09-01T00:00:00Z
28026,Y.S.R. Kadapa,AP,hospital_beds_per_1000,2.23,HEALTH_PORTAL,2026-09-01T00:00:00Z
12001,Anjaw,AR,jjm_tap_coverage,0.441,JJM_API,2026-09-01T00:00:00Z
12001,Anjaw,AR,pmgsy_road_connected,0.589,PMGSY_API,2026-09-01T00:00:00Z
12001,Anjaw,AR,swachh_odf_status,0.836,SWACHH_API,2026-09-01T00:00:00Z
12001,Anjaw,AR,udise_schools_per_1000,1.3,UDISE_API,2026-09-01T00:00:00Z
12001,Anjaw,AR,hospital_beds_per_1000,2.07,HEALTH_PORTAL,2026-09-01T00:00:00Z
12002,Changlang,AR,jjm_tap_coverage,0.976,JJM_API,2026-09-01T00:00:00Z
12002,Changlang,AR,pmgsy_road_connected,0.952,PMGSY_API,2026-09-01T00:00:00Z
12002,Changlang,AR,swachh_odf_status,0.882,SWACHH_API,2026-09-01T00:00:00Z
12002,Changlang,AR,udise_schools_per_1000,1.3,UDISE_API,2026-09-01T00:00:00Z
12002,Changlang,AR,hospital_beds_per_1000,2.18,HEALTH_PORTAL,2026-09-01T00:00:00Z
12003,Dibang Valley,AR,jjm_tap_coverage,0.905,JJM_API,2026-09-01T00:00:00Z
12003,Dibang Valley,AR,pmgsy_road_connected,0.746,PMGSY_API,2026-09-01T00:00:00Z
12003,Dibang Valley,AR,swachh_odf_status,0.887,SWACHH_API,2026-09-01T00:00:00Z
12003,Dibang Valley,AR,udise_schools_per_1000,1.67,UDISE_API,2026-09-01T00:00:00Z
12003,Dibang Valley,AR,hospital_beds_per_1000,2.05,HEALTH_PORTAL,2026-09-01T00:00:00Z
12004,East Kameng,AR,jjm_tap_coverage,0.429,JJM_API,2026-09-01T00:00:00Z
12004,East Kameng,AR,pmgsy_road_connected,0.613,PMGSY_API,2026-09-01T00:00:00Z
12004,East Kameng,AR,swachh_odf_status,0.972,SWACHH_API,2026-09-01T00:00:00Z
12004,East Kameng,AR,udise_schools_per_1000,2.75,UDISE_API,2026-09-01T00:00:00Z
12004,East Kameng,AR,hospital_beds_per_1000,0.74,HEALTH_PORTAL,2026-09-01T00:00:00Z
12005,East Siang,AR,jjm_tap_coverage,0.513,JJM_API,2026-09-01T00:00:00Z
12005,East Siang,AR,pmgsy_road_connected,0.682,PMGSY_API,2026-09-01T00:00:00Z
12005,East Siang,AR,swachh_odf_status,0.786,SWACHH_API,2026-09-01T00:00:00Z
12005,East Siang,AR,udise_schools_per_1000,1.65,UDISE_API,2026-09-01T00:00:00Z
12005,East Siang,AR,hospital_beds_per_1000,0.71,HEALTH_PORTAL,2026-09-01T00:00:00Z
12006,Kamle,AR,jjm_tap_coverage,0.588,JJM_API,2026-09-01T00:00:00Z
12006,Kamle,AR,pmgsy_road_connected,0.973,PMGSY_API,2026-09-01T00:00:00Z
12006,Kamle,AR,swachh_odf_status,0.932,SWACHH_API,2026-09-01T00:00:00Z
12006,Kamle,AR,udise_schools_per_1000,1.88,UDISE_API,2026-09-01T00:00:00Z
12006,Kamle,AR,hospital_beds_per_1000,1.17,HEALTH_PORTAL,2026-09-01T00:00:00Z
12007,Kra Daadi,AR,jjm_tap_coverage,0.772,JJM_API,2026-09-01T00:00:00Z
12007,Kra Daadi,AR,pmgsy_road_connected,0.947,PMGSY_API,2026-09-01T00:00:00Z
12007,Kra Daadi,AR,swachh_odf_status,0.922,SWACHH_API,2026-09-01T00:00:00Z
12007,Kra Daadi,AR,udise_schools_per_1000,1.63,UDISE_API,2026-09-01T00:00:00Z
12007,Kra Daadi,AR,hospital_beds_per_1000,1.44,HEALTH_PORTAL,2026-09-01T00:00:00Z
12008,Kurung Kumey,AR,jjm_tap_coverage,0.962,JJM_API,2026-09-01T00:00:00Z
12008,Kurung Kumey,AR,pmgsy_road_connected,0.904,PMGSY_API,2026-09-01T00:00:00Z
12008,Kurung Kumey,AR,swachh_odf_status,0.86,SWACHH_API,2026-09-01T00:00:00Z
12008,Kurung Kumey,AR,udise_schools_per_1000,2.44,UDISE_API,2026-09-01T00:00:00Z
12008,Kurung Kumey,AR,hospital_beds_per_1000,0.63,HEALTH_PORTAL,2026-09-01T00:00:00Z
12009,Lepa Rada,AR,jjm_tap_coverage,0.474,JJM_API,2026-09-01T00:00:00Z
12009,Lepa Rada,AR,pmgsy_road_connected,0.94,PMGSY_API,2026-09-01T00:00:00Z
12009,Lepa Rada,AR,swachh_odf_status,0.81,SWACHH_API,2026-09-01T00:00:00Z
12009,Lepa Rada,AR,udise_schools_per_1000,1.87,UDISE_API,2026-09-01T00:00:00Z
12009,Lepa Rada,AR,hospital_beds_per_1000,1.87,HEALTH_PORTAL,2026-09-01T00:00:00Z
12010,Lohit,AR,jjm_tap_coverage,0.471,JJM_API,2026-09-01T00:00:00Z
12010,Lohit,AR,pmgsy_road_connected,0.643,PMGSY_API,2026-09-01T00:00:00Z
12010,Lohit,AR,swachh_odf_status,0.921,SWACHH_API,2026-09-01T00:00:00Z
12010,Lohit,AR,udise_schools_per_1000,2.75,UDISE_API,2026-09-01T00:00:00Z
12010,Lohit,AR,hospital_beds_per_1000,0.7,HEALTH_PORTAL,2026-09-01T00:00:00Z
12011,Longding,AR,jjm_tap_coverage,0.518,JJM_API,2026-09-01T00:00:00Z
12011,Longding,AR,pmgsy_road_connected,0.573,PMGSY_API,2026-09-01T00:00:00Z
12011,Longding,AR,swachh_odf_status,0.943,SWACHH_API,2026-09-01T00:00:00Z
12011,Longding,AR,udise_schools_per_1000,1.99,UDISE_API,2026-09-01T00:00:00Z
12011,Longding,AR,hospital_beds_per_1000,2.02,HEALTH_PORTAL,2026-09-01T00:00:00Z
12012,Lower Dibang Valley,AR,jjm_tap_coverage,0.727,JJM_API,2026-09-01T00:00:00Z
12012,Lower Dibang Valley,AR,pmgsy_road_connected,0.693,PMGSY_API,2026-09-01T00:00:00Z
12012,Lower Dibang Valley,AR,swachh_odf_status,0.999,SWACHH_API,2026-09-01T00:00:00Z
12012,Lower Dibang Valley,AR,udise_schools_per_1000,2.0,UDISE_API,2026-09-01T00:00:00Z
12012,Lower Dibang Valley,AR,hospital_beds_per_1000,1.46,HEALTH_PORTAL,2026-09-01T00:00:00Z
12013,Lower Siang,AR,jjm_tap_coverage,0.875,JJM_API,2026-09-01T00:00:00Z
12013,Lower Siang,AR,pmgsy_road_connected,0.795,PMGSY_API,2026-09-01T00:00:00Z
12013,Lower Siang,AR,swachh_odf_status,0.909,SWACHH_API,2026-09-01T00:00:00Z
12013,Lower Siang,AR,udise_schools_per_1000,2.05,UDISE_API,2026-09-01T00:00:00Z
12013,Lower Siang,AR,hospital_beds_per_1000,1.23,HEALTH_PORTAL,2026-09-01T00:00:00Z
12014,Lower Subansiri,AR,jjm_tap_coverage,0.435,JJM_API,2026-09-01T00:00:00Z
12014,Lower Subansiri,AR,pmgsy_road_connected,0.959,PMGSY_API,2026-09-01T00:00:00Z
12014,Lower Subansiri,AR,swachh_odf_status,0.962,SWACHH_API,2026-09-01T00:00:00Z
12014,Lower Subansiri,AR,udise_schools_per_1000,1.55,UDISE_API,2026-09-01T00:00:00Z
12014,Lower Subansiri,AR,hospital_beds_per_1000,0.94,HEALTH_PORTAL,2026-09-01T00:00:00Z
12015,Namsai,AR,jjm_tap_coverage,0.572,JJM_API,2026-09-01T00:00:00Z
12015,Namsai,AR,pmgsy_road_connected,0.841,PMGSY_API,2026-09-01T00:00:00Z
12015,Namsai,AR,swachh_odf_status,0.887,SWACHH_API,2026-09-01T00:00:00Z
12015,Namsai,AR,udise_schools_per_1000,1.85,UDISE_API,2026-09-01T00:00:00Z
12015,Namsai,AR,hospital_beds_per_1000,1.12,HEALTH_PORTAL,2026-09-01T00:00:00Z
12016,Pakke Kessang,AR,jjm_tap_coverage,0.46,JJM_API,2026-09-01T00:00:00Z
12016,Pakke Kessang,AR,pmgsy_road_connected,0.929,PMGSY_API,2026-09-01T00:00:00Z
12016,Pakke Kessang,AR,swachh_odf_status,0.789,SWACHH_API,2026-09-01T00:00:00Z
12016,Pakke Kessang,AR,udise_schools_per_1000,1.13,UDISE_API,2026-09-01T00:00:00Z
12016,Pakke Kessang,AR,hospital_beds_per_1000,2.35,HEALTH_PORTAL,2026-09-01T00:00:00Z
12017,Papum Pare,AR,jjm_tap_coverage,0.717,JJM_API,2026-09-01T00:00:00Z
12017,Papum Pare,AR,pmgsy_road_connected,0.635,PMGSY_API,2026-09-01T00:00:00Z
12017,Papum Pare,AR,swachh_odf_status,0.951,SWACHH_API,2026-09-01T00:00:00Z
12017,Papum Pare,AR,udise_schools_per_1000,1.7,UDISE_API,2026-09-01T00:00:00Z
12017,Papum Pare,AR,hospital_beds_per_1000,2.42,HEALTH_PORTAL,2026-09-01T00:00:00Z
12018,Shi Yomi,AR,jjm_tap_coverage,0.751,JJM_API,2026-09-01T00:00:00Z
12018,Shi Yomi,AR,pmgsy_road_connected,0.705,PMGSY_API,2026-09-01T00:00:00Z
12018,Shi Yomi,AR,swachh_odf_status,0.796,SWACHH_API,2026-09-01T00:00:00Z
12018,Shi Yomi,AR,udise_schools_per_1000,1.88,UDISE_API,2026-09-01T00:00:00Z
12018,Shi Yomi,AR,hospital_beds_per_1000,0.67,HEALTH_PORTAL,2026-09-01T00:00:00Z
12019,Siang,AR,jjm_tap_coverage,0.975,JJM_API,2026-09-01T00:00:00Z
12019,Siang,AR,pmgsy_road_connected,0.781,PMGSY_API,2026-09-01T00:00:00Z
12019,Siang,AR,swachh_odf_status,0.914,SWACHH_API,2026-09-01T00:00:00Z
12019,Siang,AR,udise_schools_per_1000,1.72,UDISE_API,2026-09-01T00:00:00Z
12019,Siang,AR,hospital_beds_per_1000,2.34,HEALTH_PORTAL,2026-09-01T00:00:00Z
12020,Tawang,AR,jjm_tap_coverage,0.875,JJM_API,2026-09-01T00:00:00Z
12020,Tawang,AR,pmgsy_road_connected,0.845,PMGSY_API,2026-09-01T00:00:00Z
12020,Tawang,AR,swachh_odf_status,0.962,SWACHH_API,2026-09-01T00:00:00Z
12020,Tawang,AR,udise_schools_per_1000,2.36,UDISE_API,2026-09-01T00:00:00Z
12020,Tawang,AR,hospital_beds_per_1000,1.9,HEALTH_PORTAL,2026-09-01T00:00:00Z
12021,Tirap,AR,jjm_tap_coverage,0.886,JJM_API,2026-09-01T00:00:00Z
12021,Tirap,AR,pmgsy_road_connected,0.889,PMGSY_API,2026-09-01T00:00:00Z
12021,Tirap,AR,swachh_odf_status,0.958,SWACHH_API,2026-09-01T00:00:00Z
12021,Tirap,AR,udise_schools_per_1000,1.38,UDISE_API,2026-09-01T00:00:00Z
12021,Tirap,AR,hospital_beds_per_1000,1.43,HEALTH_PORTAL,2026-09-01T00:00:00Z
12022,Upper Siang,AR,jjm_tap_coverage,0.449,JJM_API,2026-09-01T00:00:00Z
12022,Upper Siang,AR,pmgsy_road_connected,0.761,PMGSY_API,2026-09-01T00:00:00Z
12022,Upper Siang,AR,swachh_odf_status,0.862,SWACHH_API,2026-09-01T00:00:00Z
12022,Upper Siang,AR,udise_schools_per_1000,2.69,UDISE_API,2026-09-01T00:00:00Z
12022,Upper Siang,AR,hospital_beds_per_1000,1.95,HEALTH_PORTAL,2026-09-01T00:00:00Z
12023,Upper Subansiri,AR,jjm_tap_coverage,0.441,JJM_API,2026-09-01T00:00:00Z
12023,Upper Subansiri,AR,pmgsy_road_connected,0.954,PMGSY_API,2026-09-01T00:00:00Z
12023,Upper Subansiri,AR,swachh_odf_status,0.884,SWACHH_API,2026-09-01T00:00:00Z
12023,Upper Subansiri,AR,udise_schools_per_1000,2.51,UDISE_API,2026-09-01T00:00:00Z
12023,Upper Subansiri,AR,hospital_beds_per_1000,2.04,HEALTH_PORTAL,2026-09-01T00:00:00Z
12024,West Kameng,AR,jjm_tap_coverage,0.421,JJM_API,2026-09-01T00:00:00Z
12024,West Kameng,AR,pmgsy_road_connected,0.705,PMGSY_API,2026-09-01T00:00:00Z
12024,West Kameng,AR,swachh_odf_status,0.906,SWACHH_API,2026-09-01T00:00:00Z
12024,West Kameng,AR,udise_schools_per_1000,1.42,UDISE_API,2026-09-01T00:00:00Z
12024,West Kameng,AR,hospital_beds_per_1000,1.87,HEALTH_PORTAL,2026-09-01T00:00:00Z
12025,West Siang,AR,jjm_tap_coverage,0.969,JJM_API,2026-09-01T00:00:00Z
12025,West Siang,AR,pmgsy_road_connected,0.761,PMGSY_API,2026-09-01T00:00:00Z
12025,West Siang,AR,swachh_odf_status,0.82,SWACHH_API,2026-09-01T00:00:00Z
12025,West Siang,AR,udise_schools_per_1000,1.33,UDISE_API,2026-09-01T00:00:00Z
12025,West Siang,AR,hospital_beds_per_1000,1.96,HEALTH_PORTAL,2026-09-01T00:00:00Z
12026,Itanagar Capital Complex,AR,jjm_tap_coverage,0.698,JJM_API,2026-09-01T00:00:00Z
12026,Itanagar Capital Complex,AR,pmgsy_road_connected,0.769,PMGSY_API,2026-09-01T00:00:00Z
12026,Itanagar Capital Complex,AR,swachh_odf_status,0.983,SWACHH_API,2026-09-01T00:00:00Z
12026,Itanagar Capital Complex,AR,udise_schools_per_1000,1.98,UDISE_API,2026-09-01T00:00:00Z
12026,Itanagar Capital Complex,AR,hospital_beds_per_1000,2.12,HEALTH_PORTAL,2026-09-01T00:00:00Z
18001,Baksa,AS,jjm_tap_coverage,0.954,JJM_API,2026-09-01T00:00:00Z
18001,Baksa,AS,pmgsy_road_connected,0.613,PMGSY_API,2026-09-01T00:00:00Z
18001,Baksa,AS,swachh_odf_status,0.914,SWACHH_API,2026-09-01T00:00:00Z
18001,Baksa,AS,udise_schools_per_1000,2.43,UDISE_API,2026-09-01T00:00:00Z
18001,Baksa,AS,hospital_beds_per_1000,0.67,HEALTH_PORTAL,2026-09-01T00:00:00Z
18002,Barpeta,AS,jjm_tap_coverage,0.48,JJM_API,2026-09-01T00:00:00Z
18002,Barpeta,AS,pmgsy_road_connected,0.52,PMGSY_API,2026-09-01T00:00:00Z
18002,Barpeta,AS,swachh_odf_status,0.81,SWACHH_API,2026-09-01T00:00:00Z
18002,Barpeta,AS,udise_schools_per_1000,1.15,UDISE_API,2026-09-01T00:00:00Z
18002,Barpeta,AS,hospital_beds_per_1000,0.58,HEALTH_PORTAL,2026-09-01T00:00:00Z
18003,Biswanath,AS,jjm_tap_coverage,0.863,JJM_API,2026-09-01T00:00:00Z
18003,Biswanath,AS,pmgsy_road_connected,0.562,PMGSY_API,2026-09-01T00:00:00Z
18003,Biswanath,AS,swachh_odf_status,0.902,SWACHH_API,2026-09-01T00:00:00Z
18003,Biswanath,AS,udise_schools_per_1000,1.73,UDISE_API,2026-09-01T00:00:00Z
18003,Biswanath,AS,hospital_beds_per_1000,2.13,HEALTH_PORTAL,2026-09-01T00:00:00Z
18004,Bongaigaon,AS,jjm_tap_coverage,0.71,JJM_API,2026-09-01T00:00:00Z
18004,Bongaigaon,AS,pmgsy_road_connected,0.684,PMGSY_API,2026-09-01T00:00:00Z
18004,Bongaigaon,AS,swachh_odf_status,0.816,SWACHH_API,2026-09-01T00:00:00Z
18004,Bongaigaon,AS,udise_schools_per_1000,2.69,UDISE_API,2026-09-01T00:00:00Z
18004,Bongaigaon,AS,hospital_beds_per_1000,1.03,HEALTH_PORTAL,2026-09-01T00:00:00Z
18005,Cachar,AS,jjm_tap_coverage,0.568,JJM_API,2026-09-01T00:00:00Z
18005,Cachar,AS,pmgsy_road_connected,0.643,PMGSY_API,2026-09-01T00:00:00Z
18005,Cachar,AS,swachh_odf_status,0.906,SWACHH_API,2026-09-01T00:00:00Z
18005,Cachar,AS,udise_schools_per_1000,2.15,UDISE_API,2026-09-01T00:00:00Z
18005,Cachar,AS,hospital_beds_per_1000,0.66,HEALTH_PORTAL,2026-09-01T00:00:00Z
18006,Charaideo,AS,jjm_tap_coverage,0.489,JJM_API,2026-09-01T00:00:00Z
18006,Charaideo,AS,pmgsy_road_connected,0.748,PMGSY_API,2026-09-01T00:00:00Z
18006,Charaideo,AS,swachh_odf_status,0.811,SWACHH_API,2026-09-01T00:00:00Z
18006,Charaideo,AS,udise_schools_per_1000,1.19,UDISE_API,2026-09-01T00:00:00Z
18006,Charaideo,AS,hospital_beds_per_1000,2.4,HEALTH_PORTAL,2026-09-01T00:00:00Z
18007,Chirang,AS,jjm_tap_coverage,0.58,JJM_API,2026-09-01T00:00:00Z
18007,Chirang,AS,pmgsy_road_connected,0.554,PMGSY_API,2026-09-01T00:00:00Z
18007,Chirang,AS,swachh_odf_status,0.804,SWACHH_API,2026-09-01T00:00:00Z
18007,Chirang,AS,udise_schools_per_1000,1.33,UDISE_API,2026-09-01T00:00:00Z
18007,Chirang,AS,hospital_beds_per_1000,1.1,HEALTH_PORTAL,2026-09-01T00:00:00Z
18008,Darrang,AS,jjm_tap_coverage,0.442,JJM_API,2026-09-01T00:00:00Z
18008,Darrang,AS,pmgsy_road_connected,0.864,PMGSY_API,2026-09-01T00:00:00Z
18008,Darrang,AS,swachh_odf_status,0.957,SWACHH_API,2026-09-01T00:00:00Z
18008,Darrang,AS,udise_schools_per_1000,1.98,UDISE_API,2026-09-01T00:00:00Z
18008,Darrang,AS,hospital_beds_per_1000,0.88,HEALTH_PORTAL,2026-09-01T00:00:00Z
18009,Dhemaji,AS,jjm_tap_coverage,0.743,JJM_API,2026-09-01T00:00:00Z
18009,Dhemaji,AS,pmgsy_road_connected,0.867,PMGSY_API,2026-09-01T00:00:00Z
18009,Dhemaji,AS,swachh_odf_status,0.908,SWACHH_API,2026-09-01T00:00:00Z
18009,Dhemaji,AS,udise_schools_per_1000,1.39,UDISE_API,2026-09-01T00:00:00Z
18009,Dhemaji,AS,hospital_beds_per_1000,1.8,HEALTH_PORTAL,2026-09-01T00:00:00Z
18010,Dhubri,AS,jjm_tap_coverage,0.41,JJM_API,2026-09-01T00:00:00Z
18010,Dhubri,AS,pmgsy_road_connected,0.555,PMGSY_API,2026-09-01T00:00:00Z
18010,Dhubri,AS,swachh_odf_status,0.766,SWACHH_API,2026-09-01T00:00:00Z
18010,Dhubri,AS,udise_schools_per_1000,1.15,UDISE_API,2026-09-01T00:00:00Z
18010,Dhubri,AS,hospital_beds_per_1000,0.58,HEALTH_PORTAL,2026-09-01T00:00:00Z
18011,Dibrugarh,AS,jjm_tap_coverage,0.878,JJM_API,2026-09-01T00:00:00Z
18011,Dibrugarh,AS,pmgsy_road_connected,0.97,PMGSY_API,2026-09-01T00:00:00Z
18011,Dibrugarh,AS,swachh_odf_status,0.957,SWACHH_API,2026-09-01T00:00:00Z
18011,Dibrugarh,AS,udise_schools_per_1000,1.59,UDISE_API,2026-09-01T00:00:00Z
18011,Dibrugarh,AS,hospital_beds_per_1000,1.15,HEALTH_PORTAL,2026-09-01T00:00:00Z
18012,Dima Hasao,AS,jjm_tap_coverage,0.648,JJM_API,2026-09-01T00:00:00Z
18012,Dima Hasao,AS,pmgsy_road_connected,0.961,PMGSY_API,2026-09-01T00:00:00Z
18012,Dima Hasao,AS,swachh_odf_status,0.973,SWACHH_API,2026-09-01T00:00:00Z
18012,Dima Hasao,AS,udise_schools_per_1000,1.91,UDISE_API,2026-09-01T00:00:00Z
18012,Dima Hasao,AS,hospital_beds_per_1000,0.98,HEALTH_PORTAL,2026-09-01T00:00:00Z
18013,Goalpara,AS,jjm_tap_coverage,0.579,JJM_API,2026-09-01T00:00:00Z
18013,Goalpara,AS,pmgsy_road_connected,0.985,PMGSY_API,2026-09-01T00:00:00Z
18013,Goalpara,AS,swachh_odf_status,0.9,SWACHH_API,2026-09-01T00:00:00Z
18013,Goalpara,AS,udise_schools_per_1000,1.94,UDISE_API,2026-09-01T00:00:00Z
18013,Goalpara,AS,hospital_beds_per_1000,2.38,HEALTH_PORTAL,2026-09-01T00:00:00Z
18014,Golaghat,AS,jjm_tap_coverage,0.566,JJM_API,2026-09-01T00:00:00Z
18014,Golaghat,AS,pmgsy_road_connected,0.654,PMGSY_API,2026-09-01T00:00:00Z
18014,Golaghat,AS,swachh_odf_status,0.946,SWACHH_API,2026-09-01T00:00:00Z
18014,Golaghat,AS,udise_schools_per_1000,2.72,UDISE_API,2026-09-01T00:00:00Z
18014,Golaghat,AS,hospital_beds_per_1000,1.17,HEALTH_PORTAL,2026-09-01T00:00:00Z
18015,Hailakandi,AS,jjm_tap_coverage,0.844,JJM_API,2026-09-01T00:00:00Z
18015,Hailakandi,AS,pmgsy_road_connected,0.903,PMGSY_API,2026-09-01T00:00:00Z
18015,Hailakandi,AS,swachh_odf_status,0.962,SWACHH_API,2026-09-01T00:00:00Z
18015,Hailakandi,AS,udise_schools_per_1000,2.4,UDISE_API,2026-09-01T00:00:00Z
18015,Hailakandi,AS,hospital_beds_per_1000,1.89,HEALTH_PORTAL,2026-09-01T00:00:00Z
18016,Hojai,AS,jjm_tap_coverage,0.733,JJM_API,2026-09-01T00:00:00Z
18016,Hojai,AS,pmgsy_road_connected,0.846,PMGSY_API,2026-09-01T00:00:00Z
18016,Hojai,AS,swachh_odf_status,0.848,SWACHH_API,2026-09-01T00:00:00Z
18016,Hojai,AS,udise_schools_per_1000,1.14,UDISE_API,2026-09-01T00:00:00Z
18016,Hojai,AS,hospital_beds_per_1000,1.08,HEALTH_PORTAL,2026-09-01T00:00:00Z
18017,Jorhat,AS,jjm_tap_coverage,0.494,JJM_API,2026-09-01T00:00:00Z
18017,Jorhat,AS,pmgsy_road_connected,0.929,PMGSY_API,2026-09-01T00:00:00Z
18017,Jorhat,AS,swachh_odf_status,0.806,SWACHH_API,2026-09-01T00:00:00Z
18017,Jorhat,AS,udise_schools_per_1000,2.79,UDISE_API,2026-09-01T00:00:00Z
18017,Jorhat,AS,hospital_beds_per_1000,1.35,HEALTH_PORTAL,2026-09-01T00:00:00Z
18018,Kamrup,AS,jjm_tap_coverage,0.557,JJM_API,2026-09-01T00:00:00Z
18018,Kamrup,AS,pmgsy_road_connected,0.569,PMGSY_API,2026-09-01T00:00:00Z
18018,Kamrup,AS,swachh_odf_status,0.877,SWACHH_API,2026-09-01T00:00:00Z
18018,Kamrup,AS,udise_schools_per_1000,2.02,UDISE_API,2026-09-01T00:00:00Z
18018,Kamrup,AS,hospital_beds_per_1000,2.03,HEALTH_PORTAL,2026-09-01T00:00:00Z
18019,Kamrup Metropolitan,AS,jjm_tap_coverage,0.86,JJM_API,2026-09-01T00:00:00Z
18019,Kamrup Metropolitan,AS,pmgsy_road_connected,0.69,PMGSY_API,2026-09-01T00:00:00Z
18019,Kamrup Metropolitan,AS,swachh_odf_status,0.872,SWACHH_API,2026-09-01T00:00:00Z
18019,Kamrup Metropolitan,AS,udise_schools_per_1000,1.35,UDISE_API,2026-09-01T00:00:00Z
18019,Kamrup Metropolitan,AS,hospital_beds_per_1000,1.32,HEALTH_PORTAL,2026-09-01T00:00:00Z
18020,Karbi Anglong,AS,jjm_tap_coverage,0.525,JJM_API,2026-09-01T00:00:00Z
18020,Karbi Anglong,AS,pmgsy_road_connected,0.885,PMGSY_API,2026-09-01T00:00:00Z
18020,Karbi Anglong,AS,swachh_odf_status,0.939,SWACHH_API,2026-09-01T00:00:00Z
18020,Karbi Anglong,AS,udise_schools_per_1000,2.05,UDISE_API,2026-09-01T00:00:00Z
18020,Karbi Anglong,AS,hospital_beds_per_1000,1.51,HEALTH_PORTAL,2026-09-01T00:00:00Z
18021,Karimganj,AS,jjm_tap_coverage,0.847,JJM_API,2026-09-01T00:00:00Z
18021,Karimganj,AS,pmgsy_road_connected,0.691,PMGSY_API,2026-09-01T00:00:00Z
18021,Karimganj,AS,swachh_odf_status,0.825,SWACHH_API,2026-09-01T00:00:00Z
18021,Karimganj,AS,udise_schools_per_1000,1.63,UDISE_API,2026-09-01T00:00:00Z
18021,Karimganj,AS,hospital_beds_per_1000,0.69,HEALTH_PORTAL,2026-09-01T00:00:00Z
18022,Kokrajhar,AS,jjm_tap_coverage,0.523,JJM_API,2026-09-01T00:00:00Z
18022,Kokrajhar,AS,pmgsy_road_connected,0.941,PMGSY_API,2026-09-01T00:00:00Z
18022,Kokrajhar,AS,swachh_odf_status,0.998,SWACHH_API,2026-09-01T00:00:00Z
18022,Kokrajhar,AS,udise_schools_per_1000,2.73,UDISE_API,2026-09-01T00:00:00Z
18022,Kokrajhar,AS,hospital_beds_per_1000,1.6,HEALTH_PORTAL,2026-09-01T00:00:00Z
18023,Lakhimpur,AS,jjm_tap_coverage,0.701,JJM_API,2026-09-01T00:00:00Z
18023,Lakhimpur,AS,pmgsy_road_connected,0.857,PMGSY_API,2026-09-01T00:00:00Z
18023,Lakhimpur,AS,swachh_odf_status,0.875,SWACHH_API,2026-09-01T00:00:00Z
18023,Lakhimpur,AS,udise_schools_per_1000,2.7,UDISE_API,2026-09-01T00:00:00Z
18023,Lakhimpur,AS,hospital_beds_per_1000,0.94,HEALTH_PORTAL,2026-09-01T00:00:00Z
18024,Majuli,AS,jjm_tap_coverage,0.466,JJM_API,2026-09-01T00:00:00Z
18024,Majuli,AS,pmgsy_road_connected,0.922,PMGSY_API,2026-09-01T00:00:00Z
18024,Majuli,AS,swachh_odf_status,0.922,SWACHH_API,2026-09-01T00:00:00Z
18024,Majuli,AS,udise_schools_per_1000,1.66,UDISE_API,2026-09-01T00:00:00Z
18024,Majuli,AS,hospital_beds_per_1000,2.46,HEALTH_PORTAL,2026-09-01T00:00:00Z
18025,Morigaon,AS,jjm_tap_coverage,0.887,JJM_API,2026-09-01T00:00:00Z
18025,Morigaon,AS,pmgsy_road_connected,0.721,PMGSY_API,2026-09-01T00:00:00Z
18025,Morigaon,AS,swachh_odf_status,0.977,SWACHH_API,2026-09-01T00:00:00Z
18025,Morigaon,AS,udise_schools_per_1000,1.66,UDISE_API,2026-09-01T00:00:00Z
18025,Morigaon,AS,hospital_beds_per_1000,2.04,HEALTH_PORTAL,2026-09-01T00:00:00Z
18026,Nagaon,AS,jjm_tap_coverage,0.867,JJM_API,2026-09-01T00:00:00Z
18026,Nagaon,AS,pmgsy_road_connected,0.864,PMGSY_API,2026-09-01T00:00:00Z
18026,Nagaon,AS,swachh_odf_status,0.798,SWACHH_API,2026-09-01T00:00:00Z
18026,Nagaon,AS,udise_schools_per_1000,1.36,UDISE_API,2026-09-01T00:00:00Z
18026,Nagaon,AS,hospital_beds_per_1000,1.95,HEALTH_PORTAL,2026-09-01T00:00:00Z
18027,Nalbari,AS,jjm_tap_coverage,0.927,JJM_API,2026-09-01T00:00:00Z
18027,Nalbari,AS,pmgsy_road_connected,0.98,PMGSY_API,2026-09-01T00:00:00Z
18027,Nalbari,AS,swachh_odf_status,0.906,SWACHH_API,2026-09-01T00:00:00Z
18027,Nalbari,AS,udise_schools_per_1000,1.39,UDISE_API,2026-09-01T00:00:00Z
18027,Nalbari,AS,hospital_beds_per_1000,1.32,HEALTH_PORTAL,2026-09-01T00:00:00Z
18028,Sivasagar,AS,jjm_tap_coverage,0.588,JJM_API,2026-09-01T00:00:00Z
18028,Sivasagar,AS,pmgsy_road_connected,0.815,PMGSY_API,2026-09-01T00:00:00Z
18028,Sivasagar,AS,swachh_odf_status,0.933,SWACHH_API,2026-09-01T00:00:00Z
18028,Sivasagar,AS,udise_schools_per_1000,1.91,UDISE_API,2026-09-01T00:00:00Z
18028,Sivasagar,AS,hospital_beds_per_1000,0.94,HEALTH_PORTAL,2026-09-01T00:00:00Z
18029,Sonitpur,AS,jjm_tap_coverage,0.797,JJM_API,2026-09-01T00:00:00Z
18029,Sonitpur,AS,pmgsy_road_connected,0.611,PMGSY_API,2026-09-01T00:00:00Z
18029,Sonitpur,AS,swachh_odf_status,0.847,SWACHH_API,2026-09-01T00:00:00Z
18029,Sonitpur,AS,udise_schools_per_1000,1.53,UDISE_API,2026-09-01T00:00:00Z
18029,Sonitpur,AS,hospital_beds_per_1000,0.89,HEALTH_PORTAL,2026-09-01T00:00:00Z
18030,South Salmara-Mankachar,AS,jjm_tap_coverage,0.476,JJM_API,2026-09-01T00:00:00Z
18030,South Salmara-Mankachar,AS,pmgsy_road_connected,0.526,PMGSY_API,2026-09-01T00:00:00Z
18030,South Salmara-Mankachar,AS,swachh_odf_status,0.796,SWACHH_API,2026-09-01T00:00:00Z
18030,South Salmara-Mankachar,AS,udise_schools_per_1000,1.15,UDISE_API,2026-09-01T00:00:00Z
18030,South Salmara-Mankachar,AS,hospital_beds_per_1000,0.58,HEALTH_PORTAL,2026-09-01T00:00:00Z
18031,Tinsukia,AS,jjm_tap_coverage,0.615,JJM_API,2026-09-01T00:00:00Z
18031,Tinsukia,AS,pmgsy_road_connected,0.593,PMGSY_API,2026-09-01T00:00:00Z
18031,Tinsukia,AS,swachh_odf_status,0.939,SWACHH_API,2026-09-01T00:00:00Z
18031,Tinsukia,AS,udise_schools_per_1000,1.87,UDISE_API,2026-09-01T00:00:00Z
18031,Tinsukia,AS,hospital_beds_per_1000,0.73,HEALTH_PORTAL,2026-09-01T00:00:00Z
18032,Udalguri,AS,jjm_tap_coverage,0.535,JJM_API,2026-09-01T00:00:00Z
18032,Udalguri,AS,pmgsy_road_connected,0.881,PMGSY_API,2026-09-01T00:00:00Z
18032,Udalguri,AS,swachh_odf_status,0.958,SWACHH_API,2026-09-01T00:00:00Z
18032,Udalguri,AS,udise_schools_per_1000,1.21,UDISE_API,2026-09-01T00:00:00Z
18032,Udalguri,AS,hospital_beds_per_1000,0.79,HEALTH_PORTAL,2026-09-01T00:00:00Z
18033,West Karbi Anglong,AS,jjm_tap_coverage,0.808,JJM_API,2026-09-01T00:00:00Z
18033,West Karbi Anglong,AS,pmgsy_road_connected,0.775,PMGSY_API,2026-09-01T00:00:00Z
18033,West Karbi Anglong,AS,swachh_odf_status,0.872,SWACHH_API,2026-09-01T00:00:00Z
18033,West Karbi Anglong,AS,udise_schools_per_1000,1.33,UDISE_API,2026-09-01T00:00:00Z
18033,West Karbi Anglong,AS,hospital_beds_per_1000,1.33,HEALTH_PORTAL,2026-09-01T00:00:00Z
18034,Bajali,AS,jjm_tap_coverage,0.437,JJM_API,2026-09-01T00:00:00Z
18034,Bajali,AS,pmgsy_road_connected,0.885,PMGSY_API,2026-09-01T00:00:00Z
18034,Bajali,AS,swachh_odf_status,0.844,SWACHH_API,2026-09-01T00:00:00Z
18034,Bajali,AS,udise_schools_per_1000,1.57,UDISE_API,2026-09-01T00:00:00Z
18034,Bajali,AS,hospital_beds_per_1000,1.62,HEALTH_PORTAL,2026-09-01T00:00:00Z
18035,Tamulpur,AS,jjm_tap_coverage,0.666,JJM_API,2026-09-01T00:00:00Z
18035,Tamulpur,AS,pmgsy_road_connected,0.987,PMGSY_API,2026-09-01T00:00:00Z
18035,Tamulpur,AS,swachh_odf_status,0.951,SWACHH_API,2026-09-01T00:00:00Z
18035,Tamulpur,AS,udise_schools_per_1000,1.5,UDISE_API,2026-09-01T00:00:00Z
18035,Tamulpur,AS,hospital_beds_per_1000,2.14,HEALTH_PORTAL,2026-09-01T00:00:00Z
10001,Araria,BR,jjm_tap_coverage,0.906,JJM_API,2026-09-01T00:00:00Z
10001,Araria,BR,pmgsy_road_connected,0.606,PMGSY_API,2026-09-01T00:00:00Z
10001,Araria,BR,swachh_odf_status,0.971,SWACHH_API,2026-09-01T00:00:00Z
10001,Araria,BR,udise_schools_per_1000,1.52,UDISE_API,2026-09-01T00:00:00Z
10001,Araria,BR,hospital_beds_per_1000,1.95,HEALTH_PORTAL,2026-09-01T00:00:00Z
10002,Arwal,BR,jjm_tap_coverage,0.866,JJM_API,2026-09-01T00:00:00Z
10002,Arwal,BR,pmgsy_road_connected,0.725,PMGSY_API,2026-09-01T00:00:00Z
10002,Arwal,BR,swachh_odf_status,0.993,SWACHH_API,2026-09-01T00:00:00Z
10002,Arwal,BR,udise_schools_per_1000,2.5,UDISE_API,2026-09-01T00:00:00Z
10002,Arwal,BR,hospital_beds_per_1000,1.54,HEALTH_PORTAL,2026-09-01T00:00:00Z
10003,Aurangabad,BR,jjm_tap_coverage,0.787,JJM_API,2026-09-01T00:00:00Z
10003,Aurangabad,BR,pmgsy_road_connected,0.66,PMGSY_API,2026-09-01T00:00:00Z
10003,Aurangabad,BR,swachh_odf_status,0.862,SWACHH_API,2026-09-01T00:00:00Z
10003,Aurangabad,BR,udise_schools_per_1000,2.64,UDISE_API,2026-09-01T00:00:00Z
10003,Aurangabad,BR,hospital_beds_per_1000,0.91,HEALTH_PORTAL,2026-09-01T00:00:00Z
10004,Banka,BR,jjm_tap_coverage,0.497,JJM_API,2026-09-01T00:00:00Z
10004,Banka,BR,pmgsy_road_connected,0.89,PMGSY_API,2026-09-01T00:00:00Z
10004,Banka,BR,swachh_odf_status,0.946,SWACHH_API,2026-09-01T00:00:00Z
10004,Banka,BR,udise_schools_per_1000,1.33,UDISE_API,2026-09-01T00:00:00Z
10004,Banka,BR,hospital_beds_per_1000,2.49,HEALTH_PORTAL,2026-09-01T00:00:00Z
10005,Begusarai,BR,jjm_tap_coverage,0.856,JJM_API,2026-09-01T00:00:00Z
10005,Begusarai,BR,pmgsy_road_connected,0.854,PMGSY_API,2026-09-01T00:00:00Z
10005,Begusarai,BR,swachh_odf_status,0.967,SWACHH_API,2026-09-01T00:00:00Z
10005,Begusarai,BR,udise_schools_per_1000,2.22,UDISE_API,2026-09-01T00:00:00Z
10005,Begusarai,BR,hospital_beds_per_1000,1.17,HEALTH_PORTAL,2026-09-01T00:00:00Z
10006,Bhagalpur,BR,jjm_tap_coverage,0.429,JJM_API,2026-09-01T00:00:00Z
10006,Bhagalpur,BR,pmgsy_road_connected,0.58,PMGSY_API,2026-09-01T00:00:00Z
10006,Bhagalpur,BR,swachh_odf_status,0.838,SWACHH_API,2026-09-01T00:00:00Z
10006,Bhagalpur,BR,udise_schools_per_1000,1.17,UDISE_API,2026-09-01T00:00:00Z
10006,Bhagalpur,BR,hospital_beds_per_1000,0.71,HEALTH_PORTAL,2026-09-01T00:00:00Z
10007,Bhojpur,BR,jjm_tap_coverage,0.468,JJM_API,2026-09-01T00:00:00Z
10007,Bhojpur,BR,pmgsy_road_connected,0.741,PMGSY_API,2026-09-01T00:00:00Z
10007,Bhojpur,BR,swachh_odf_status,0.88,SWACHH_API,2026-09-01T00:00:00Z
10007,Bhojpur,BR,udise_schools_per_1000,2.14,UDISE_API,2026-09-01T00:00:00Z
10007,Bhojpur,BR,hospital_beds_per_1000,1.19,HEALTH_PORTAL,2026-09-01T00:00:00Z
10008,Buxar,BR,jjm_tap_coverage,0.675,JJM_API,2026-09-01T00:00:00Z
10008,Buxar,BR,pmgsy_road_connected,0.708,PMGSY_API,2026-09-01T00:00:00Z
10008,Buxar,BR,swachh_odf_status,0.89,SWACHH_API,2026-09-01T00:00:00Z
10008,Buxar,BR,udise_schools_per_1000,2.06,UDISE_API,2026-09-01T00:00:00Z
10008,Buxar,BR,hospital_beds_per_1000,1.3,HEALTH_PORTAL,2026-09-01T00:00:00Z
10009,Darbhanga,BR,jjm_tap_coverage,0.629,JJM_API,2026-09-01T00:00:00Z
10009,Darbhanga,BR,pmgsy_road_connected,0.771,PMGSY_API,2026-09-01T00:00:00Z
10009,Darbhanga,BR,swachh_odf_status,0.978,SWACHH_API,2026-09-01T00:00:00Z
10009,Darbhanga,BR,udise_schools_per_1000,1.4,UDISE_API,2026-09-01T00:00:00Z
10009,Darbhanga,BR,hospital_beds_per_1000,2.13,HEALTH_PORTAL,2026-09-01T00:00:00Z
10010,East Champaran,BR,jjm_tap_coverage,0.723,JJM_API,2026-09-01T00:00:00Z
10010,East Champaran,BR,pmgsy_road_connected,0.83,PMGSY_API,2026-09-01T00:00:00Z
10010,East Champaran,BR,swachh_odf_status,0.933,SWACHH_API,2026-09-01T00:00:00Z
10010,East Champaran,BR,udise_schools_per_1000,1.12,UDISE_API,2026-09-01T00:00:00Z
10010,East Champaran,BR,hospital_beds_per_1000,1.24,HEALTH_PORTAL,2026-09-01T00:00:00Z
10011,Gaya,BR,jjm_tap_coverage,0.455,JJM_API,2026-09-01T00:00:00Z
10011,Gaya,BR,pmgsy_road_connected,0.841,PMGSY_API,2026-09-01T00:00:00Z
10011,Gaya,BR,swachh_odf_status,0.809,SWACHH_API,2026-09-01T00:00:00Z
10011,Gaya,BR,udise_schools_per_1000,1.6,UDISE_API,2026-09-01T00:00:00Z
10011,Gaya,BR,hospital_beds_per_1000,2.22,HEALTH_PORTAL,2026-09-01T00:00:00Z
10012,Gopalganj,BR,jjm_tap_coverage,0.54,JJM_API,2026-09-01T00:00:00Z
10012,Gopalganj,BR,pmgsy_road_connected,0.927,PMGSY_API,2026-09-01T00:00:00Z
10012,Gopalganj,BR,swachh_odf_status,0.813,SWACHH_API,2026-09-01T00:00:00Z
10012,Gopalganj,BR,udise_schools_per_1000,2.31,UDISE_API,2026-09-01T00:00:00Z
10012,Gopalganj,BR,hospital_beds_per_1000,2.44,HEALTH_PORTAL,2026-09-01T00:00:00Z
10013,Jamui,BR,jjm_tap_coverage,0.531,JJM_API,2026-09-01T00:00:00Z
10013,Jamui,BR,pmgsy_road_connected,0.834,PMGSY_API,2026-09-01T00:00:00Z
10013,Jamui,BR,swachh_odf_status,0.958,SWACHH_API,2026-09-01T00:00:00Z
10013,Jamui,BR,udise_schools_per_1000,1.26,UDISE_API,2026-09-01T00:00:00Z
10013,Jamui,BR,hospital_beds_per_1000,2.21,HEALTH_PORTAL,2026-09-01T00:00:00Z
10014,Jehanabad,BR,jjm_tap_coverage,0.655,JJM_API,2026-09-01T00:00:00Z
10014,Jehanabad,BR,pmgsy_road_connected,0.833,PMGSY_API,2026-09-01T00:00:00Z
10014,Jehanabad,BR,swachh_odf_status,0.955,SWACHH_API,2026-09-01T00:00:00Z
10014,Jehanabad,BR,udise_schools_per_1000,1.52,UDISE_API,2026-09-01T00:00:00Z
10014,Jehanabad,BR,hospital_beds_per_1000,2.49,HEALTH_PORTAL,2026-09-01T00:00:00Z
10015,Kaimur,BR,jjm_tap_coverage,0.719,JJM_API,2026-09-01T00:00:00Z
10015,Kaimur,BR,pmgsy_road_connected,0.898,PMGSY_API,2026-09-01T00:00:00Z
10015,Kaimur,BR,swachh_odf_status,0.942,SWACHH_API,2026-09-01T00:00:00Z
10015,Kaimur,BR,udise_schools_per_1000,2.4,UDISE_API,2026-09-01T00:00:00Z
10015,Kaimur,BR,hospital_beds_per_1000,2.4,HEALTH_PORTAL,2026-09-01T00:00:00Z
10016,Katihar,BR,jjm_tap_coverage,0.431,JJM_API,2026-09-01T00:00:00Z
10016,Katihar,BR,pmgsy_road_connected,0.76,PMGSY_API,2026-09-01T00:00:00Z
10016,Katihar,BR,swachh_odf_status,0.853,SWACHH_API,2026-09-01T00:00:00Z
10016,Katihar,BR,udise_schools_per_1000,2.14,UDISE_API,2026-09-01T00:00:00Z
10016,Katihar,BR,hospital_beds_per_1000,2.13,HEALTH_PORTAL,2026-09-01T00:00:00Z
10017,Khagaria,BR,jjm_tap_coverage,0.808,JJM_API,2026-09-01T00:00:00Z
10017,Khagaria,BR,pmgsy_road_connected,0.959,PMGSY_API,2026-09-01T00:00:00Z
10017,Khagaria,BR,swachh_odf_status,0.953,SWACHH_API,2026-09-01T00:00:00Z
10017,Khagaria,BR,udise_schools_per_1000,1.48,UDISE_API,2026-09-01T00:00:00Z
10017,Khagaria,BR,hospital_beds_per_1000,1.72,HEALTH_PORTAL,2026-09-01T00:00:00Z
10018,Kishanganj,BR,jjm_tap_coverage,0.88,JJM_API,2026-09-01T00:00:00Z
10018,Kishanganj,BR,pmgsy_road_connected,0.845,PMGSY_API,2026-09-01T00:00:00Z
10018,Kishanganj,BR,swachh_odf_status,0.94,SWACHH_API,2026-09-01T00:00:00Z
10018,Kishanganj,BR,udise_schools_per_1000,1.67,UDISE_API,2026-09-01T00:00:00Z
10018,Kishanganj,BR,hospital_beds_per_1000,0.62,HEALTH_PORTAL,2026-09-01T00:00:00Z
10019,Lakhisarai,BR,jjm_tap_coverage,0.462,JJM_API,2026-09-01T00:00:00Z
10019,Lakhisarai,BR,pmgsy_road_connected,0.625,PMGSY_API,2026-09-01T00:00:00Z
10019,Lakhisarai,BR,swachh_odf_status,0.863,SWACHH_API,2026-09-01T00:00:00Z
10019,Lakhisarai,BR,udise_schools_per_1000,2.34,UDISE_API,2026-09-01T00:00:00Z
10019,Lakhisarai,BR,hospital_beds_per_1000,1.64,HEALTH_PORTAL,2026-09-01T00:00:00Z
10020,Madhepura,BR,jjm_tap_coverage,0.622,JJM_API,2026-09-01T00:00:00Z
10020,Madhepura,BR,pmgsy_road_connected,0.738,PMGSY_API,2026-09-01T00:00:00Z
10020,Madhepura,BR,swachh_odf_status,0.845,SWACHH_API,2026-09-01T00:00:00Z
10020,Madhepura,BR,udise_schools_per_1000,2.23,UDISE_API,2026-09-01T00:00:00Z
10020,Madhepura,BR,hospital_beds_per_1000,1.74,HEALTH_PORTAL,2026-09-01T00:00:00Z
10021,Madhubani,BR,jjm_tap_coverage,0.468,JJM_API,2026-09-01T00:00:00Z
10021,Madhubani,BR,pmgsy_road_connected,0.701,PMGSY_API,2026-09-01T00:00:00Z
10021,Madhubani,BR,swachh_odf_status,0.899,SWACHH_API,2026-09-01T00:00:00Z
10021,Madhubani,BR,udise_schools_per_1000,2.75,UDISE_API,2026-09-01T00:00:00Z
10021,Madhubani,BR,hospital_beds_per_1000,1.72,HEALTH_PORTAL,2026-09-01T00:00:00Z
10022,Munger,BR,jjm_tap_coverage,0.444,JJM_API,2026-09-01T00:00:00Z
10022,Munger,BR,pmgsy_road_connected,0.584,PMGSY_API,2026-09-01T00:00:00Z
10022,Munger,BR,swachh_odf_status,0.93,SWACHH_API,2026-09-01T00:00:00Z
10022,Munger,BR,udise_schools_per_1000,1.44,UDISE_API,2026-09-01T00:00:00Z
10022,Munger,BR,hospital_beds_per_1000,2.16,HEALTH_PORTAL,2026-09-01T00:00:00Z
10023,Muzaffarpur,BR,jjm_tap_coverage,0.86,JJM_API,2026-09-01T00:00:00Z
10023,Muzaffarpur,BR,pmgsy_road_connected,0.932,PMGSY_API,2026-09-01T00:00:00Z
10023,Muzaffarpur,BR,swachh_odf_status,0.974,SWACHH_API,2026-09-01T00:00:00Z
10023,Muzaffarpur,BR,udise_schools_per_1000,2.59,UDISE_API,2026-09-01T00:00:00Z
10023,Muzaffarpur,BR,hospital_beds_per_1000,1.1,HEALTH_PORTAL,2026-09-01T00:00:00Z
10024,Nalanda,BR,jjm_tap_coverage,0.966,JJM_API,2026-09-01T00:00:00Z
10024,Nalanda,BR,pmgsy_road_connected,0.745,PMGSY_API,2026-09-01T00:00:00Z
10024,Nalanda,BR,swachh_odf_status,0.962,SWACHH_API,2026-09-01T00:00:00Z
10024,Nalanda,BR,udise_schools_per_1000,1.56,UDISE_API,2026-09-01T00:00:00Z
10024,Nalanda,BR,hospital_beds_per_1000,1.39,HEALTH_PORTAL,2026-09-01T00:00:00Z
10025,Nawada,BR,jjm_tap_coverage,0.626,JJM_API,2026-09-01T00:00:00Z
10025,Nawada,BR,pmgsy_road_connected,0.754,PMGSY_API,2026-09-01T00:00:00Z
10025,Nawada,BR,swachh_odf_status,0.867,SWACHH_API,2026-09-01T00:00:00Z
10025,Nawada,BR,udise_schools_per_1000,2.67,UDISE_API,2026-09-01T00:00:00Z
10025,Nawada,BR,hospital_beds_per_1000,1.89,HEALTH_PORTAL,2026-09-01T00:00:00Z
10026,Patna,BR,jjm_tap_coverage,0.685,JJM_API,2026-09-01T00:00:00Z
10026,Patna,BR,pmgsy_road_connected,0.608,PMGSY_API,2026-09-01T00:00:00Z
10026,Patna,BR,swachh_odf_status,0.818,SWACHH_API,2026-09-01T00:00:00Z
10026,Patna,BR,udise_schools_per_1000,2.46,UDISE_API,2026-09-01T00:00:00Z
10026,Patna,BR,hospital_beds_per_1000,1.03,HEALTH_PORTAL,2026-09-01T00:00:00Z
10027,Purnia,BR,jjm_tap_coverage,0.779,JJM_API,2026-09-01T00:00:00Z
10027,Purnia,BR,pmgsy_road_connected,0.929,PMGSY_API,2026-09-01T00:00:00Z
10027,Purnia,BR,swachh_odf_status,0.837,SWACHH_API,2026-09-01T00:00:00Z
10027,Purnia,BR,udise_schools_per_1000,2.31,UDISE_API,2026-09-01T00:00:00Z
10027,Purnia,BR,hospital_beds_per_1000,2.3,HEALTH_PORTAL,2026-09-01T00:00:00Z
10028,Rohtas,BR,jjm_tap_coverage,0.928,JJM_API,2026-09-01T00:00:00Z
10028,Rohtas,BR,pmgsy_road_connected,0.846,PMGSY_API,2026-09-01T00:00:00Z
10028,Rohtas,BR,swachh_odf_status,0.892,SWACHH_API,2026-09-01T00:00:00Z
10028,Rohtas,BR,udise_schools_per_1000,2.54,UDISE_API,2026-09-01T00:00:00Z
10028,Rohtas,BR,hospital_beds_per_1000,2.2,HEALTH_PORTAL,2026-09-01T00:00:00Z
10029,Saharsa,BR,jjm_tap_coverage,0.684,JJM_API,2026-09-01T00:00:00Z
10029,Saharsa,BR,pmgsy_road_connected,0.636,PMGSY_API,2026-09-01T00:00:00Z
10029,Saharsa,BR,swachh_odf_status,0.806,SWACHH_API,2026-09-01T00:00:00Z
10029,Saharsa,BR,udise_schools_per_1000,2.26,UDISE_API,2026-09-01T00:00:00Z
10029,Saharsa,BR,hospital_beds_per_1000,1.61,HEALTH_PORTAL,2026-09-01T00:00:00Z
10030,Samastipur,BR,jjm_tap_coverage,0.764,JJM_API,2026-09-01T00:00:00Z
10030,Samastipur,BR,pmgsy_road_connected,0.829,PMGSY_API,2026-09-01T00:00:00Z
10030,Samastipur,BR,swachh_odf_status,0.869,SWACHH_API,2026-09-01T00:00:00Z
10030,Samastipur,BR,udise_schools_per_1000,2.74,UDISE_API,2026-09-01T00:00:00Z
10030,Samastipur,BR,hospital_beds_per_1000,1.33,HEALTH_PORTAL,2026-09-01T00:00:00Z
10031,Saran,BR,jjm_tap_coverage,0.612,JJM_API,2026-09-01T00:00:00Z
10031,Saran,BR,pmgsy_road_connected,0.947,PMGSY_API,2026-09-01T00:00:00Z
10031,Saran,BR,swachh_odf_status,0.859,SWACHH_API,2026-09-01T00:00:00Z
10031,Saran,BR,udise_schools_per_1000,1.42,UDISE_API,2026-09-01T00:00:00Z
10031,Saran,BR,hospital_beds_per_1000,2.4,HEALTH_PORTAL,2026-09-01T00:00:00Z
10032,Sheikhpura,BR,jjm_tap_coverage,0.686,JJM_API,2026-09-01T00:00:00Z
10032,Sheikhpura,BR,pmgsy_road_connected,0.617,PMGSY_API,2026-09-01T00:00:00Z
10032,Sheikhpura,BR,swachh_odf_status,0.933,SWACHH_API,2026-09-01T00:00:00Z
10032,Sheikhpura,BR,udise_schools_per_1000,2.17,UDISE_API,2026-09-01T00:00:00Z
10032,Sheikhpura,BR,hospital_beds_per_1000,1.17,HEALTH_PORTAL,2026-09-01T00:00:00Z
10033,Sheohar,BR,jjm_tap_coverage,0.422,JJM_API,2026-09-01T00:00:00Z
10033,Sheohar,BR,pmgsy_road_connected,0.846,PMGSY_API,2026-09-01T00:00:00Z
10033,Sheohar,BR,swachh_odf_status,0.98,SWACHH_API,2026-09-01T00:00:00Z
10033,Sheohar,BR,udise_schools_per_1000,2.52,UDISE_API,2026-09-01T00:00:00Z
10033,Sheohar,BR,hospital_beds_per_1000,1.87,HEALTH_PORTAL,2026-09-01T00:00:00Z
10034,Sitamarhi,BR,jjm_tap_coverage,0.955,JJM_API,2026-09-01T00:00:00Z
10034,Sitamarhi,BR,pmgsy_road_connected,0.668,PMGSY_API,2026-09-01T00:00:00Z
10034,Sitamarhi,BR,swachh_odf_status,0.941,SWACHH_API,2026-09-01T00:00:00Z
10034,Sitamarhi,BR,udise_schools_per_1000,1.73,UDISE_API,2026-09-01T00:00:00Z
10034,Sitamarhi,BR,hospital_beds_per_1000,1.25,HEALTH_PORTAL,2026-09-01T00:00:00Z
10035,Siwan,BR,jjm_tap_coverage,0.691,JJM_API,2026-09-01T00:00:00Z
10035,Siwan,BR,pmgsy_road_connected,0.765,PMGSY_API,2026-09-01T00:00:00Z
10035,Siwan,BR,swachh_odf_status,0.975,SWACHH_API,2026-09-01T00:00:00Z
10035,Siwan,BR,udise_schools_per_1000,1.85,UDISE_API,2026-09-01T00:00:00Z
10035,Siwan,BR,hospital_beds_per_1000,0.72,HEALTH_PORTAL,2026-09-01T00:00:00Z
10036,Supaul,BR,jjm_tap_coverage,0.895,JJM_API,2026-09-01T00:00:00Z
10036,Supaul,BR,pmgsy_road_connected,0.925,PMGSY_API,2026-09-01T00:00:00Z
10036,Supaul,BR,swachh_odf_status,0.971,SWACHH_API,2026-09-01T00:00:00Z
10036,Supaul,BR,udise_schools_per_1000,1.23,UDISE_API,2026-09-01T00:00:00Z
10036,Supaul,BR,hospital_beds_per_1000,1.53,HEALTH_PORTAL,2026-09-01T00:00:00Z
10037,Vaishali,BR,jjm_tap_coverage,0.735,JJM_API,2026-09-01T00:00:00Z
10037,Vaishali,BR,pmgsy_road_connected,0.838,PMGSY_API,2026-09-01T00:00:00Z
10037,Vaishali,BR,swachh_odf_status,0.88,SWACHH_API,2026-09-01T00:00:00Z
10037,Vaishali,BR,udise_schools_per_1000,1.68,UDISE_API,2026-09-01T00:00:00Z
10037,Vaishali,BR,hospital_beds_per_1000,2.17,HEALTH_PORTAL,2026-09-01T00:00:00Z
10038,West Champaran,BR,jjm_tap_coverage,0.525,JJM_API,2026-09-01T00:00:00Z
10038,West Champaran,BR,pmgsy_road_connected,0.959,PMGSY_API,2026-09-01T00:00:00Z
10038,West Champaran,BR,swachh_odf_status,0.866,SWACHH_API,2026-09-01T00:00:00Z
10038,West Champaran,BR,udise_schools_per_1000,1.88,UDISE_API,2026-09-01T00:00:00Z
10038,West Champaran,BR,hospital_beds_per_1000,2.08,HEALTH_PORTAL,2026-09-01T00:00:00Z
22001,Balod,CG,jjm_tap_coverage,0.702,JJM_API,2026-09-01T00:00:00Z
22001,Balod,CG,pmgsy_road_connected,0.719,PMGSY_API,2026-09-01T00:00:00Z
22001,Balod,CG,swachh_odf_status,0.995,SWACHH_API,2026-09-01T00:00:00Z
22001,Balod,CG,udise_schools_per_1000,2.66,UDISE_API,2026-09-01T00:00:00Z
22001,Balod,CG,hospital_beds_per_1000,2.05,HEALTH_PORTAL,2026-09-01T00:00:00Z
22002,Baloda Bazar,CG,jjm_tap_coverage,0.809,JJM_API,2026-09-01T00:00:00Z
22002,Baloda Bazar,CG,pmgsy_road_connected,0.692,PMGSY_API,2026-09-01T00:00:00Z
22002,Baloda Bazar,CG,swachh_odf_status,0.805,SWACHH_API,2026-09-01T00:00:00Z
22002,Baloda Bazar,CG,udise_schools_per_1000,1.7,UDISE_API,2026-09-01T00:00:00Z
22002,Baloda Bazar,CG,hospital_beds_per_1000,1.51,HEALTH_PORTAL,2026-09-01T00:00:00Z
22003,Balrampur,CG,jjm_tap_coverage,0.477,JJM_API,2026-09-01T00:00:00Z
22003,Balrampur,CG,pmgsy_road_connected,0.932,PMGSY_API,2026-09-01T00:00:00Z
22003,Balrampur,CG,swachh_odf_status,0.943,SWACHH_API,2026-09-01T00:00:00Z
22003,Balrampur,CG,udise_schools_per_1000,2.57,UDISE_API,2026-09-01T00:00:00Z
22003,Balrampur,CG,hospital_beds_per_1000,2.01,HEALTH_PORTAL,2026-09-01T00:00:00Z
22004,Bastar,CG,jjm_tap_coverage,0.855,JJM_API,2026-09-01T00:00:00Z
22004,Bastar,CG,pmgsy_road_connected,0.974,PMGSY_API,2026-09-01T00:00:00Z
22004,Bastar,CG,swachh_odf_status,0.845,SWACHH_API,2026-09-01T00:00:00Z
22004,Bastar,CG,udise_schools_per_1000,1.4,UDISE_API,2026-09-01T00:00:00Z
22004,Bastar,CG,hospital_beds_per_1000,1.9,HEALTH_PORTAL,2026-09-01T00:00:00Z
22005,Bemetara,CG,jjm_tap_coverage,0.543,JJM_API,2026-09-01T00:00:00Z
22005,Bemetara,CG,pmgsy_road_connected,0.631,PMGSY_API,2026-09-01T00:00:00Z
22005,Bemetara,CG,swachh_odf_status,0.795,SWACHH_API,2026-09-01T00:00:00Z
22005,Bemetara,CG,udise_schools_per_1000,1.96,UDISE_API,2026-09-01T00:00:00Z
22005,Bemetara,CG,hospital_beds_per_1000,1.39,HEALTH_PORTAL,2026-09-01T00:00:00Z
22006,Bijapur,CG,jjm_tap_coverage,0.564,JJM_API,2026-09-01T00:00:00Z
22006,Bijapur,CG,pmgsy_road_connected,0.869,PMGSY_API,2026-09-01T00:00:00Z
22006,Bijapur,CG,swachh_odf_status,0.785,SWACHH_API,2026-09-01T00:00:00Z
22006,Bijapur,CG,udise_schools_per_1000,1.98,UDISE_API,2026-09-01T00:00:00Z
22006,Bijapur,CG,hospital_beds_per_1000,2.06,HEALTH_PORTAL,2026-09-01T00:00:00Z
22007,Bilaspur,CG,jjm_tap_coverage,0.838,JJM_API,2026-09-01T00:00:00Z
22007,Bilaspur,CG,pmgsy_road_connected,0.618,PMGSY_API,2026-09-01T00:00:00Z
22007,Bilaspur,CG,swachh_odf_status,0.881,SWACHH_API,2026-09-01T00:00:00Z
22007,Bilaspur,CG,udise_schools_per_1000,1.66,UDISE_API,2026-09-01T00:00:00Z
22007,Bilaspur,CG,hospital_beds_per_1000,0.77,HEALTH_PORTAL,2026-09-01T00:00:00Z
22008,Dantewada,CG,jjm_tap_coverage,0.634,JJM_API,2026-09-01T00:00:00Z
22008,Dantewada,CG,pmgsy_road_connected,0.912,PMGSY_API,2026-09-01T00:00:00Z
22008,Dantewada,CG,swachh_odf_status,0.787,SWACHH_API,2026-09-01T00:00:00Z
22008,Dantewada,CG,udise_schools_per_1000,1.37,UDISE_API,2026-09-01T00:00:00Z
22008,Dantewada,CG,hospital_beds_per_1000,1.02,HEALTH_PORTAL,2026-09-01T00:00:00Z
22009,Dhamtari,CG,jjm_tap_coverage,0.927,JJM_API,2026-09-01T00:00:00Z
22009,Dhamtari,CG,pmgsy_road_connected,0.925,PMGSY_API,2026-09-01T00:00:00Z
22009,Dhamtari,CG,swachh_odf_status,0.811,SWACHH_API,2026-09-01T00:00:00Z
22009,Dhamtari,CG,udise_schools_per_1000,1.41,UDISE_API,2026-09-01T00:00:00Z
22009,Dhamtari,CG,hospital_beds_per_1000,1.77,HEALTH_PORTAL,2026-09-01T00:00:00Z
22010,Durg,CG,jjm_tap_coverage,0.808,JJM_API,2026-09-01T00:00:00Z
22010,Durg,CG,pmgsy_road_connected,0.617,PMGSY_API,2026-09-01T00:00:00Z
22010,Durg,CG,swachh_odf_status,0.905,SWACHH_API,2026-09-01T00:00:00Z
22010,Durg,CG,udise_schools_per_1000,2.47,UDISE_API,2026-09-01T00:00:00Z
22010,Durg,CG,hospital_beds_per_1000,2.42,HEALTH_PORTAL,2026-09-01T00:00:00Z
22011,Gariaband,CG,jjm_tap_coverage,0.896,JJM_API,2026-09-01T00:00:00Z
22011,Gariaband,CG,pmgsy_road_connected,0.828,PMGSY_API,2026-09-01T00:00:00Z
22011,Gariaband,CG,swachh_odf_status,0.959,SWACHH_API,2026-09-01T00:00:00Z
22011,Gariaband,CG,udise_schools_per_1000,2.08,UDISE_API,2026-09-01T00:00:00Z
22011,Gariaband,CG,hospital_beds_per_1000,2.06,HEALTH_PORTAL,2026-09-01T00:00:00Z
22012,Gaurela Pendra Marwahi,CG,jjm_tap_coverage,0.951,JJM_API,2026-09-01T00:00:00Z
22012,Gaurela Pendra Marwahi,CG,pmgsy_road_connected,0.84,PMGSY_API,2026-09-01T00:00:00Z
22012,Gaurela Pendra Marwahi,CG,swachh_odf_status,0.993,SWACHH_API,2026-09-01T00:00:00Z
22012,Gaurela Pendra Marwahi,CG,udise_schools_per_1000,2.35,UDISE_API,2026-09-01T00:00:00Z
22012,Gaurela Pendra Marwahi,CG,hospital_beds_per_1000,1.52,HEALTH_PORTAL,2026-09-01T00:00:00Z
22013,Janjgir Champa,CG,jjm_tap_coverage,0.786,JJM_API,2026-09-01T00:00:00Z
22013,Janjgir Champa,CG,pmgsy_road_connected,0.918,PMGSY_API,2026-09-01T00:00:00Z
22013,Janjgir Champa,CG,swachh_odf_status,0.894,SWACHH_API,2026-09-01T00:00:00Z
22013,Janjgir Champa,CG,udise_schools_per_1000,1.74,UDISE_API,2026-09-01T00:00:00Z
22013,Janjgir Champa,CG,hospital_beds_per_1000,2.32,HEALTH_PORTAL,2026-09-01T00:00:00Z
22014,Jashpur,CG,jjm_tap_coverage,0.433,JJM_API,2026-09-01T00:00:00Z
22014,Jashpur,CG,pmgsy_road_connected,0.569,PMGSY_API,2026-09-01T00:00:00Z
22014,Jashpur,CG,swachh_odf_status,0.906,SWACHH_API,2026-09-01T00:00:00Z
22014,Jashpur,CG,udise_schools_per_1000,1.37,UDISE_API,2026-09-01T00:00:00Z
22014,Jashpur,CG,hospital_beds_per_1000,1.8,HEALTH_PORTAL,2026-09-01T00:00:00Z
22015,Kabirdham,CG,jjm_tap_coverage,0.568,JJM_API,2026-09-01T00:00:00Z
22015,Kabirdham,CG,pmgsy_road_connected,0.869,PMGSY_API,2026-09-01T00:00:00Z
22015,Kabirdham,CG,swachh_odf_status,0.855,SWACHH_API,2026-09-01T00:00:00Z
22015,Kabirdham,CG,udise_schools_per_1000,1.87,UDISE_API,2026-09-01T00:00:00Z
22015,Kabirdham,CG,hospital_beds_per_1000,1.72,HEALTH_PORTAL,2026-09-01T00:00:00Z
22016,Kanker,CG,jjm_tap_coverage,0.91,JJM_API,2026-09-01T00:00:00Z
22016,Kanker,CG,pmgsy_road_connected,0.857,PMGSY_API,2026-09-01T00:00:00Z
22016,Kanker,CG,swachh_odf_status,0.874,SWACHH_API,2026-09-01T00:00:00Z
22016,Kanker,CG,udise_schools_per_1000,2.7,UDISE_API,2026-09-01T00:00:00Z
22016,Kanker,CG,hospital_beds_per_1000,1.52,HEALTH_PORTAL,2026-09-01T00:00:00Z
22017,Kondagaon,CG,jjm_tap_coverage,0.48,JJM_API,2026-09-01T00:00:00Z
22017,Kondagaon,CG,pmgsy_road_connected,0.737,PMGSY_API,2026-09-01T00:00:00Z
22017,Kondagaon,CG,swachh_odf_status,0.909,SWACHH_API,2026-09-01T00:00:00Z
22017,Kondagaon,CG,udise_schools_per_1000,1.54,UDISE_API,2026-09-01T00:00:00Z
22017,Kondagaon,CG,hospital_beds_per_1000,1.62,HEALTH_PORTAL,2026-09-01T00:00:00Z
22018,Korba,CG,jjm_tap_coverage,0.868,JJM_API,2026-09-01T00:00:00Z
22018,Korba,CG,pmgsy_road_connected,0.82,PMGSY_API,2026-09-01T00:00:00Z
22018,Korba,CG,swachh_odf_status,0.931,SWACHH_API,2026-09-01T00:00:00Z
22018,Korba,CG,udise_schools_per_1000,1.19,UDISE_API,2026-09-01T00:00:00Z
22018,Korba,CG,hospital_beds_per_1000,1.34,HEALTH_PORTAL,2026-09-01T00:00:00Z
22019,Koriya,CG,jjm_tap_coverage,0.529,JJM_API,2026-09-01T00:00:00Z
22019,Koriya,CG,pmgsy_road_connected,0.895,PMGSY_API,2026-09-01T00:00:00Z
22019,Koriya,CG,swachh_odf_status,0.892,SWACHH_API,2026-09-01T00:00:00Z
22019,Koriya,CG,udise_schools_per_1000,2.29,UDISE_API,2026-09-01T00:00:00Z
22019,Koriya,CG,hospital_beds_per_1000,1.77,HEALTH_PORTAL,2026-09-01T00:00:00Z
22020,Mahasamund,CG,jjm_tap_coverage,0.566,JJM_API,2026-09-01T00:00:00Z
22020,Mahasamund,CG,pmgsy_road_connected,0.729,PMGSY_API,2026-09-01T00:00:00Z
22020,Mahasamund,CG,swachh_odf_status,0.803,SWACHH_API,2026-09-01T00:00:00Z
22020,Mahasamund,CG,udise_schools_per_1000,1.22,UDISE_API,2026-09-01T00:00:00Z
22020,Mahasamund,CG,hospital_beds_per_1000,1.16,HEALTH_PORTAL,2026-09-01T00:00:00Z
22021,Manendragarh Chirmiri Bharatpur,CG,jjm_tap_coverage,0.955,JJM_API,2026-09-01T00:00:00Z
22021,Manendragarh Chirmiri Bharatpur,CG,pmgsy_road_connected,0.777,PMGSY_API,2026-09-01T00:00:00Z
22021,Manendragarh Chirmiri Bharatpur,CG,swachh_odf_status,0.782,SWACHH_API,2026-09-01T00:00:00Z
22021,Manendragarh Chirmiri Bharatpur,CG,udise_schools_per_1000,2.51,UDISE_API,2026-09-01T00:00:00Z
22021,Manendragarh Chirmiri Bharatpur,CG,hospital_beds_per_1000,1.07,HEALTH_PORTAL,2026-09-01T00:00:00Z
22022,Mohla Manpur Ambagarh Chowki,CG,jjm_tap_coverage,0.798,JJM_API,2026-09-01T00:00:00Z
22022,Mohla Manpur Ambagarh Chowki,CG,pmgsy_road_connected,0.842,PMGSY_API,2026-09-01T00:00:00Z
22022,Mohla Manpur Ambagarh Chowki,CG,swachh_odf_status,0.915,SWACHH_API,2026-09-01T00:00:00Z
22022,Mohla Manpur Ambagarh Chowki,CG,udise_schools_per_1000,2.4,UDISE_API,2026-09-01T00:00:00Z
22022,Mohla Manpur Ambagarh Chowki,CG,hospital_beds_per_1000,1.63,HEALTH_PORTAL,2026-09-01T00:00:00Z
22023,Mungeli,CG,jjm_tap_coverage,0.678,JJM_API,2026-09-01T00:00:00Z
22023,Mungeli,CG,pmgsy_road_connected,0.853,PMGSY_API,2026-09-01T00:00:00Z
22023,Mungeli,CG,swachh_odf_status,0.783,SWACHH_API,2026-09-01T00:00:00Z
22023,Mungeli,CG,udise_schools_per_1000,1.46,UDISE_API,2026-09-01T00:00:00Z
22023,Mungeli,CG,hospital_beds_per_1000,1.7,HEALTH_PORTAL,2026-09-01T00:00:00Z
22024,Narayanpur,CG,jjm_tap_coverage,0.502,JJM_API,2026-09-01T00:00:00Z
22024,Narayanpur,CG,pmgsy_road_connected,0.972,PMGSY_API,2026-09-01T00:00:00Z
22024,Narayanpur,CG,swachh_odf_status,0.813,SWACHH_API,2026-09-01T00:00:00Z
22024,Narayanpur,CG,udise_schools_per_1000,2.47,UDISE_API,2026-09-01T00:00:00Z
22024,Narayanpur,CG,hospital_beds_per_1000,0.94,HEALTH_PORTAL,2026-09-01T00:00:00Z
22025,Raigarh,CG,jjm_tap_coverage,0.906,JJM_API,2026-09-01T00:00:00Z
22025,Raigarh,CG,pmgsy_road_connected,0.974,PMGSY_API,2026-09-01T00:00:00Z
22025,Raigarh,CG,swachh_odf_status,0.824,SWACHH_API,2026-09-01T00:00:00Z
22025,Raigarh,CG,udise_schools_per_1000,2.08,UDISE_API,2026-09-01T00:00:00Z
22025,Raigarh,CG,hospital_beds_per_1000,1.83,HEALTH_PORTAL,2026-09-01T00:00:00Z
22026,Raipur,CG,jjm_tap_coverage,0.572,JJM_API,2026-09-01T00:00:00Z
22026,Raipur,CG,pmgsy_road_connected,0.746,PMGSY_API,2026-09-01T00:00:00Z
22026,Raipur,CG,swachh_odf_status,0.97,SWACHH_API,2026-09-01T00:00:00Z
22026,Raipur,CG,udise_schools_per_1000,1.72,UDISE_API,2026-09-01T00:00:00Z
22026,Raipur,CG,hospital_beds_per_1000,1.72,HEALTH_PORTAL,2026-09-01T00:00:00Z
22027,Rajnandgaon,CG,jjm_tap_coverage,0.559,JJM_API,2026-09-01T00:00:00Z
22027,Rajnandgaon,CG,pmgsy_road_connected,0.675,PMGSY_API,2026-09-01T00:00:00Z
22027,Rajnandgaon,CG,swachh_odf_status,0.918,SWACHH_API,2026-09-01T00:00:00Z
22027,Rajnandgaon,CG,udise_schools_per_1000,1.32,UDISE_API,2026-09-01T00:00:00Z
22027,Rajnandgaon,CG,hospital_beds_per_1000,2.19,HEALTH_PORTAL,2026-09-01T00:00:00Z
22028,Sakti,CG,jjm_tap_coverage,0.625,JJM_API,2026-09-01T00:00:00Z
22028,Sakti,CG,pmgsy_road_connected,0.664,PMGSY_API,2026-09-01T00:00:00Z
22028,Sakti,CG,swachh_odf_status,0.847,SWACHH_API,2026-09-01T00:00:00Z
22028,Sakti,CG,udise_schools_per_1000,1.1,UDISE_API,2026-09-01T00:00:00Z
22028,Sakti,CG,hospital_beds_per_1000,2.15,HEALTH_PORTAL,2026-09-01T00:00:00Z
22029,Sarangarh Bilaigarh,CG,jjm_tap_coverage,0.848,JJM_API,2026-09-01T00:00:00Z
22029,Sarangarh Bilaigarh,CG,pmgsy_road_connected,0.95,PMGSY_API,2026-09-01T00:00:00Z
22029,Sarangarh Bilaigarh,CG,swachh_odf_status,0.958,SWACHH_API,2026-09-01T00:00:00Z
22029,Sarangarh Bilaigarh,CG,udise_schools_per_1000,2.26,UDISE_API,2026-09-01T00:00:00Z
22029,Sarangarh Bilaigarh,CG,hospital_beds_per_1000,1.14,HEALTH_PORTAL,2026-09-01T00:00:00Z
22030,Sukma,CG,jjm_tap_coverage,0.594,JJM_API,2026-09-01T00:00:00Z
22030,Sukma,CG,pmgsy_road_connected,0.902,PMGSY_API,2026-09-01T00:00:00Z
22030,Sukma,CG,swachh_odf_status,1.0,SWACHH_API,2026-09-01T00:00:00Z
22030,Sukma,CG,udise_schools_per_1000,1.89,UDISE_API,2026-09-01T00:00:00Z
22030,Sukma,CG,hospital_beds_per_1000,2.1,HEALTH_PORTAL,2026-09-01T00:00:00Z
22031,Surajpur,CG,jjm_tap_coverage,0.802,JJM_API,2026-09-01T00:00:00Z
22031,Surajpur,CG,pmgsy_road_connected,0.687,PMGSY_API,2026-09-01T00:00:00Z
22031,Surajpur,CG,swachh_odf_status,0.851,SWACHH_API,2026-09-01T00:00:00Z
22031,Surajpur,CG,udise_schools_per_1000,2.17,UDISE_API,2026-09-01T00:00:00Z
22031,Surajpur,CG,hospital_beds_per_1000,0.68,HEALTH_PORTAL,2026-09-01T00:00:00Z
22032,Surguja,CG,jjm_tap_coverage,0.471,JJM_API,2026-09-01T00:00:00Z
22032,Surguja,CG,pmgsy_road_connected,0.822,PMGSY_API,2026-09-01T00:00:00Z
22032,Surguja,CG,swachh_odf_status,0.985,SWACHH_API,2026-09-01T00:00:00Z
22032,Surguja,CG,udise_schools_per_1000,2.79,UDISE_API,2026-09-01T00:00:00Z
22032,Surguja,CG,hospital_beds_per_1000,1.79,HEALTH_PORTAL,2026-09-01T00:00:00Z
22033,Khairagarh Chhuikhadan Gandai,CG,jjm_tap_coverage,0.83,JJM_API,2026-09-01T00:00:00Z
22033,Khairagarh Chhuikhadan Gandai,CG,pmgsy_road_connected,0.671,PMGSY_API,2026-09-01T00:00:00Z
22033,Khairagarh Chhuikhadan Gandai,CG,swachh_odf_status,0.963,SWACHH_API,2026-09-01T00:00:00Z
22033,Khairagarh Chhuikhadan Gandai,CG,udise_schools_per_1000,2.65,UDISE_API,2026-09-01T00:00:00Z
22033,Khairagarh Chhuikhadan Gandai,CG,hospital_beds_per_1000,1.65,HEALTH_PORTAL,2026-09-01T00:00:00Z
30001,North Goa,GA,jjm_tap_coverage,0.482,JJM_API,2026-09-01T00:00:00Z
30001,North Goa,GA,pmgsy_road_connected,0.78,PMGSY_API,2026-09-01T00:00:00Z
30001,North Goa,GA,swachh_odf_status,0.795,SWACHH_API,2026-09-01T00:00:00Z
30001,North Goa,GA,udise_schools_per_1000,2.52,UDISE_API,2026-09-01T00:00:00Z
30001,North Goa,GA,hospital_beds_per_1000,0.85,HEALTH_PORTAL,2026-09-01T00:00:00Z
30002,South Goa,GA,jjm_tap_coverage,0.865,JJM_API,2026-09-01T00:00:00Z
30002,South Goa,GA,pmgsy_road_connected,0.576,PMGSY_API,2026-09-01T00:00:00Z
30002,South Goa,GA,swachh_odf_status,0.916,SWACHH_API,2026-09-01T00:00:00Z
30002,South Goa,GA,udise_schools_per_1000,2.0,UDISE_API,2026-09-01T00:00:00Z
30002,South Goa,GA,hospital_beds_per_1000,2.0,HEALTH_PORTAL,2026-09-01T00:00:00Z
24001,Ahmedabad,GJ,jjm_tap_coverage,0.788,JJM_API,2026-09-01T00:00:00Z
24001,Ahmedabad,GJ,pmgsy_road_connected,0.785,PMGSY_API,2026-09-01T00:00:00Z
24001,Ahmedabad,GJ,swachh_odf_status,0.912,SWACHH_API,2026-09-01T00:00:00Z
24001,Ahmedabad,GJ,udise_schools_per_1000,2.69,UDISE_API,2026-09-01T00:00:00Z
24001,Ahmedabad,GJ,hospital_beds_per_1000,2.31,HEALTH_PORTAL,2026-09-01T00:00:00Z
24002,Amreli,GJ,jjm_tap_coverage,0.54,JJM_API,2026-09-01T00:00:00Z
24002,Amreli,GJ,pmgsy_road_connected,0.689,PMGSY_API,2026-09-01T00:00:00Z
24002,Amreli,GJ,swachh_odf_status,0.95,SWACHH_API,2026-09-01T00:00:00Z
24002,Amreli,GJ,udise_schools_per_1000,2.7,UDISE_API,2026-09-01T00:00:00Z
24002,Amreli,GJ,hospital_beds_per_1000,2.16,HEALTH_PORTAL,2026-09-01T00:00:00Z
24003,Anand,GJ,jjm_tap_coverage,0.441,JJM_API,2026-09-01T00:00:00Z
24003,Anand,GJ,pmgsy_road_connected,0.906,PMGSY_API,2026-09-01T00:00:00Z
24003,Anand,GJ,swachh_odf_status,0.864,SWACHH_API,2026-09-01T00:00:00Z
24003,Anand,GJ,udise_schools_per_1000,2.43,UDISE_API,2026-09-01T00:00:00Z
24003,Anand,GJ,hospital_beds_per_1000,2.35,HEALTH_PORTAL,2026-09-01T00:00:00Z
24004,Aravalli,GJ,jjm_tap_coverage,0.47,JJM_API,2026-09-01T00:00:00Z
24004,Aravalli,GJ,pmgsy_road_connected,0.74,PMGSY_API,2026-09-01T00:00:00Z
24004,Aravalli,GJ,swachh_odf_status,0.953,SWACHH_API,2026-09-01T00:00:00Z
24004,Aravalli,GJ,udise_schools_per_1000,1.35,UDISE_API,2026-09-01T00:00:00Z
24004,Aravalli,GJ,hospital_beds_per_1000,1.24,HEALTH_PORTAL,2026-09-01T00:00:00Z
24005,Banaskantha,GJ,jjm_tap_coverage,0.527,JJM_API,2026-09-01T00:00:00Z
24005,Banaskantha,GJ,pmgsy_road_connected,0.702,PMGSY_API,2026-09-01T00:00:00Z
24005,Banaskantha,GJ,swachh_odf_status,0.924,SWACHH_API,2026-09-01T00:00:00Z
24005,Banaskantha,GJ,udise_schools_per_1000,2.41,UDISE_API,2026-09-01T00:00:00Z
24005,Banaskantha,GJ,hospital_beds_per_1000,0.92,HEALTH_PORTAL,2026-09-01T00:00:00Z
24006,Bharuch,GJ,jjm_tap_coverage,0.539,JJM_API,2026-09-01T00:00:00Z
24006,Bharuch,GJ,pmgsy_road_connected,0.79,PMGSY_API,2026-09-01T00:00:00Z
24006,Bharuch,GJ,swachh_odf_status,0.945,SWACHH_API,2026-09-01T00:00:00Z
24006,Bharuch,GJ,udise_schools_per_1000,2.03,UDISE_API,2026-09-01T00:00:00Z
24006,Bharuch,GJ,hospital_beds_per_1000,1.78,HEALTH_PORTAL,2026-09-01T00:00:00Z
24007,Bhavnagar,GJ,jjm_tap_coverage,0.705,JJM_API,2026-09-01T00:00:00Z
24007,Bhavnagar,GJ,pmgsy_road_connected,0.862,PMGSY_API,2026-09-01T00:00:00Z
24007,Bhavnagar,GJ,swachh_odf_status,0.979,SWACHH_API,2026-09-01T00:00:00Z
24007,Bhavnagar,GJ,udise_schools_per_1000,1.92,UDISE_API,2026-09-01T00:00:00Z
24007,Bhavnagar,GJ,hospital_beds_per_1000,1.73,HEALTH_PORTAL,2026-09-01T00:00:00Z
24008,Botad,GJ,jjm_tap_coverage,0.952,JJM_API,2026-09-01T00:00:00Z
24008,Botad,GJ,pmgsy_road_connected,0.649,PMGSY_API,2026-09-01T00:00:00Z
24008,Botad,GJ,swachh_odf_status,0.855,SWACHH_API,2026-09-01T00:00:00Z
24008,Botad,GJ,udise_schools_per_1000,1.77,UDISE_API,2026-09-01T00:00:00Z
24008,Botad,GJ,hospital_beds_per_1000,0.86,HEALTH_PORTAL,2026-09-01T00:00:00Z
24009,Chhota Udaipur,GJ,jjm_tap_coverage,0.934,JJM_API,2026-09-01T00:00:00Z
24009,Chhota Udaipur,GJ,pmgsy_road_connected,0.69,PMGSY_API,2026-09-01T00:00:00Z
24009,Chhota Udaipur,GJ,swachh_odf_status,0.903,SWACHH_API,2026-09-01T00:00:00Z
24009,Chhota Udaipur,GJ,udise_schools_per_1000,2.71,UDISE_API,2026-09-01T00:00:00Z
24009,Chhota Udaipur,GJ,hospital_beds_per_1000,0.82,HEALTH_PORTAL,2026-09-01T00:00:00Z
24010,Dahod,GJ,jjm_tap_coverage,0.805,JJM_API,2026-09-01T00:00:00Z
24010,Dahod,GJ,pmgsy_road_connected,0.76,PMGSY_API,2026-09-01T00:00:00Z
24010,Dahod,GJ,swachh_odf_status,0.891,SWACHH_API,2026-09-01T00:00:00Z
24010,Dahod,GJ,udise_schools_per_1000,2.13,UDISE_API,2026-09-01T00:00:00Z
24010,Dahod,GJ,hospital_beds_per_1000,1.95,HEALTH_PORTAL,2026-09-01T00:00:00Z
24011,Dang,GJ,jjm_tap_coverage,0.823,JJM_API,2026-09-01T00:00:00Z
24011,Dang,GJ,pmgsy_road_connected,0.723,PMGSY_API,2026-09-01T00:00:00Z
24011,Dang,GJ,swachh_odf_status,0.987,SWACHH_API,2026-09-01T00:00:00Z
24011,Dang,GJ,udise_schools_per_1000,2.07,UDISE_API,2026-09-01T00:00:00Z
24011,Dang,GJ,hospital_beds_per_1000,1.62,HEALTH_PORTAL,2026-09-01T00:00:00Z
24012,Devbhumi Dwarka,GJ,jjm_tap_coverage,0.926,JJM_API,2026-09-01T00:00:00Z
24012,Devbhumi Dwarka,GJ,pmgsy_road_connected,0.754,PMGSY_API,2026-09-01T00:00:00Z
24012,Devbhumi Dwarka,GJ,swachh_odf_status,0.922,SWACHH_API,2026-09-01T00:00:00Z
24012,Devbhumi Dwarka,GJ,udise_schools_per_1000,1.25,UDISE_API,2026-09-01T00:00:00Z
24012,Devbhumi Dwarka,GJ,hospital_beds_per_1000,1.55,HEALTH_PORTAL,2026-09-01T00:00:00Z
24013,Gandhinagar,GJ,jjm_tap_coverage,0.763,JJM_API,2026-09-01T00:00:00Z
24013,Gandhinagar,GJ,pmgsy_road_connected,0.62,PMGSY_API,2026-09-01T00:00:00Z
24013,Gandhinagar,GJ,swachh_odf_status,0.901,SWACHH_API,2026-09-01T00:00:00Z
24013,Gandhinagar,GJ,udise_schools_per_1000,1.17,UDISE_API,2026-09-01T00:00:00Z
24013,Gandhinagar,GJ,hospital_beds_per_1000,0.92,HEALTH_PORTAL,2026-09-01T00:00:00Z
24014,Gir Somnath,GJ,jjm_tap_coverage,0.789,JJM_API,2026-09-01T00:00:00Z
24014,Gir Somnath,GJ,pmgsy_road_connected,0.75,PMGSY_API,2026-09-01T00:00:00Z
24014,Gir Somnath,GJ,swachh_odf_status,0.877,SWACHH_API,2026-09-01T00:00:00Z
24014,Gir Somnath,GJ,udise_schools_per_1000,2.12,UDISE_API,2026-09-01T00:00:00Z
24014,Gir Somnath,GJ,hospital_beds_per_1000,0.61,HEALTH_PORTAL,2026-09-01T00:00:00Z
24015,Jamnagar,GJ,jjm_tap_coverage,0.84,JJM_API,2026-09-01T00:00:00Z
24015,Jamnagar,GJ,pmgsy_road_connected,0.708,PMGSY_API,2026-09-01T00:00:00Z
24015,Jamnagar,GJ,swachh_odf_status,0.788,SWACHH_API,2026-09-01T00:00:00Z
24015,Jamnagar,GJ,udise_schools_per_1000,2.41,UDISE_API,2026-09-01T00:00:00Z
24015,Jamnagar,GJ,hospital_beds_per_1000,1.21,HEALTH_PORTAL,2026-09-01T00:00:00Z
24016,Junagadh,GJ,jjm_tap_coverage,0.565,JJM_API,2026-09-01T00:00:00Z
24016,Junagadh,GJ,pmgsy_road_connected,0.803,PMGSY_API,2026-09-01T00:00:00Z
24016,Junagadh,GJ,swachh_odf_status,0.917,SWACHH_API,2026-09-01T00:00:00Z
24016,Junagadh,GJ,udise_schools_per_1000,2.68,UDISE_API,2026-09-01T00:00:00Z
24016,Junagadh,GJ,hospital_beds_per_1000,1.77,HEALTH_PORTAL,2026-09-01T00:00:00Z
24017,Kheda,GJ,jjm_tap_coverage,0.588,JJM_API,2026-09-01T00:00:00Z
24017,Kheda,GJ,pmgsy_road_connected,0.792,PMGSY_API,2026-09-01T00:00:00Z
24017,Kheda,GJ,swachh_odf_status,0.949,SWACHH_API,2026-09-01T00:00:00Z
24017,Kheda,GJ,udise_schools_per_1000,1.29,UDISE_API,2026-09-01T00:00:00Z
24017,Kheda,GJ,hospital_beds_per_1000,1.23,HEALTH_PORTAL,2026-09-01T00:00:00Z
24018,Kutch,GJ,jjm_tap_coverage,0.43,JJM_API,2026-09-01T00:00:00Z
24018,Kutch,GJ,pmgsy_road_connected,0.804,PMGSY_API,2026-09-01T00:00:00Z
24018,Kutch,GJ,swachh_odf_status,0.853,SWACHH_API,2026-09-01T00:00:00Z
24018,Kutch,GJ,udise_schools_per_1000,2.66,UDISE_API,2026-09-01T00:00:00Z
24018,Kutch,GJ,hospital_beds_per_1000,2.11,HEALTH_PORTAL,2026-09-01T00:00:00Z
24019,Mahisagar,GJ,jjm_tap_coverage,0.931,JJM_API,2026-09-01T00:00:00Z
24019,Mahisagar,GJ,pmgsy_road_connected,0.745,PMGSY_API,2026-09-01T00:00:00Z
24019,Mahisagar,GJ,swachh_odf_status,0.785,SWACHH_API,2026-09-01T00:00:00Z
24019,Mahisagar,GJ,udise_schools_per_1000,1.92,UDISE_API,2026-09-01T00:00:00Z
24019,Mahisagar,GJ,hospital_beds_per_1000,1.55,HEALTH_PORTAL,2026-09-01T00:00:00Z
24020,Mehsana,GJ,jjm_tap_coverage,0.433,JJM_API,2026-09-01T00:00:00Z
24020,Mehsana,GJ,pmgsy_road_connected,0.884,PMGSY_API,2026-09-01T00:00:00Z
24020,Mehsana,GJ,swachh_odf_status,0.921,SWACHH_API,2026-09-01T00:00:00Z
24020,Mehsana,GJ,udise_schools_per_1000,1.46,UDISE_API,2026-09-01T00:00:00Z
24020,Mehsana,GJ,hospital_beds_per_1000,0.98,HEALTH_PORTAL,2026-09-01T00:00:00Z
24021,Morbi,GJ,jjm_tap_coverage,0.479,JJM_API,2026-09-01T00:00:00Z
24021,Morbi,GJ,pmgsy_road_connected,0.574,PMGSY_API,2026-09-01T00:00:00Z
24021,Morbi,GJ,swachh_odf_status,0.874,SWACHH_API,2026-09-01T00:00:00Z
24021,Morbi,GJ,udise_schools_per_1000,1.4,UDISE_API,2026-09-01T00:00:00Z
24021,Morbi,GJ,hospital_beds_per_1000,1.73,HEALTH_PORTAL,2026-09-01T00:00:00Z
24022,Narmada,GJ,jjm_tap_coverage,0.931,JJM_API,2026-09-01T00:00:00Z
24022,Narmada,GJ,pmgsy_road_connected,0.723,PMGSY_API,2026-09-01T00:00:00Z
24022,Narmada,GJ,swachh_odf_status,0.934,SWACHH_API,2026-09-01T00:00:00Z
24022,Narmada,GJ,udise_schools_per_1000,2.23,UDISE_API,2026-09-01T00:00:00Z
24022,Narmada,GJ,hospital_beds_per_1000,2.1,HEALTH_PORTAL,2026-09-01T00:00:00Z
24023,Navsari,GJ,jjm_tap_coverage,0.611,JJM_API,2026-09-01T00:00:00Z
24023,Navsari,GJ,pmgsy_road_connected,0.908,PMGSY_API,2026-09-01T00:00:00Z
24023,Navsari,GJ,swachh_odf_status,0.91,SWACHH_API,2026-09-01T00:00:00Z
24023,Navsari,GJ,udise_schools_per_1000,2.43,UDISE_API,2026-09-01T00:00:00Z
24023,Navsari,GJ,hospital_beds_per_1000,1.43,HEALTH_PORTAL,2026-09-01T00:00:00Z
24024,Panchmahal,GJ,jjm_tap_coverage,0.917,JJM_API,2026-09-01T00:00:00Z
24024,Panchmahal,GJ,pmgsy_road_connected,0.947,PMGSY_API,2026-09-01T00:00:00Z
24024,Panchmahal,GJ,swachh_odf_status,0.92,SWACHH_API,2026-09-01T00:00:00Z
24024,Panchmahal,GJ,udise_schools_per_1000,1.1,UDISE_API,2026-09-01T00:00:00Z
24024,Panchmahal,GJ,hospital_beds_per_1000,0.88,HEALTH_PORTAL,2026-09-01T00:00:00Z
24025,Patan,GJ,jjm_tap_coverage,0.814,JJM_API,2026-09-01T00:00:00Z
24025,Patan,GJ,pmgsy_road_connected,0.911,PMGSY_API,2026-09-01T00:00:00Z
24025,Patan,GJ,swachh_odf_status,0.859,SWACHH_API,2026-09-01T00:00:00Z
24025,Patan,GJ,udise_schools_per_1000,2.56,UDISE_API,2026-09-01T00:00:00Z
24025,Patan,GJ,hospital_beds_per_1000,2.24,HEALTH_PORTAL,2026-09-01T00:00:00Z
24026,Porbandar,GJ,jjm_tap_coverage,0.467,JJM_API,2026-09-01T00:00:00Z
24026,Porbandar,GJ,pmgsy_road_connected,0.833,PMGSY_API,2026-09-01T00:00:00Z
24026,Porbandar,GJ,swachh_odf_status,0.871,SWACHH_API,2026-09-01T00:00:00Z
24026,Porbandar,GJ,udise_schools_per_1000,1.88,UDISE_API,2026-09-01T00:00:00Z
24026,Porbandar,GJ,hospital_beds_per_1000,2.1,HEALTH_PORTAL,2026-09-01T00:00:00Z
24027,Rajkot,GJ,jjm_tap_coverage,0.971,JJM_API,2026-09-01T00:00:00Z
24027,Rajkot,GJ,pmgsy_road_connected,0.983,PMGSY_API,2026-09-01T00:00:00Z
24027,Rajkot,GJ,swachh_odf_status,0.951,SWACHH_API,2026-09-01T00:00:00Z
24027,Rajkot,GJ,udise_schools_per_1000,1.89,UDISE_API,2026-09-01T00:00:00Z
24027,Rajkot,GJ,hospital_beds_per_1000,0.75,HEALTH_PORTAL,2026-09-01T00:00:00Z
24028,Sabarkantha,GJ,jjm_tap_coverage,0.827,JJM_API,2026-09-01T00:00:00Z
24028,Sabarkantha,GJ,pmgsy_road_connected,0.798,PMGSY_API,2026-09-01T00:00:00Z
24028,Sabarkantha,GJ,swachh_odf_status,0.794,SWACHH_API,2026-09-01T00:00:00Z
24028,Sabarkantha,GJ,udise_schools_per_1000,1.9,UDISE_API,2026-09-01T00:00:00Z
24028,Sabarkantha,GJ,hospital_beds_per_1000,0.92,HEALTH_PORTAL,2026-09-01T00:00:00Z
24029,Surat,GJ,jjm_tap_coverage,0.903,JJM_API,2026-09-01T00:00:00Z
24029,Surat,GJ,pmgsy_road_connected,0.701,PMGSY_API,2026-09-01T00:00:00Z
24029,Surat,GJ,swachh_odf_status,0.799,SWACHH_API,2026-09-01T00:00:00Z
24029,Surat,GJ,udise_schools_per_1000,1.35,UDISE_API,2026-09-01T00:00:00Z
24029,Surat,GJ,hospital_beds_per_1000,2.37,HEALTH_PORTAL,2026-09-01T00:00:00Z
24030,Surendranagar,GJ,jjm_tap_coverage,0.907,JJM_API,2026-09-01T00:00:00Z
24030,Surendranagar,GJ,pmgsy_road_connected,0.555,PMGSY_API,2026-09-01T00:00:00Z
24030,Surendranagar,GJ,swachh_odf_status,0.984,SWACHH_API,2026-09-01T00:00:00Z
24030,Surendranagar,GJ,udise_schools_per_1000,1.86,UDISE_API,2026-09-01T00:00:00Z
24030,Surendranagar,GJ,hospital_beds_per_1000,1.89,HEALTH_PORTAL,2026-09-01T00:00:00Z
24031,Tapi,GJ,jjm_tap_coverage,0.797,JJM_API,2026-09-01T00:00:00Z
24031,Tapi,GJ,pmgsy_road_connected,0.916,PMGSY_API,2026-09-01T00:00:00Z
24031,Tapi,GJ,swachh_odf_status,0.783,SWACHH_API,2026-09-01T00:00:00Z
24031,Tapi,GJ,udise_schools_per_1000,1.27,UDISE_API,2026-09-01T00:00:00Z
24031,Tapi,GJ,hospital_beds_per_1000,0.8,HEALTH_PORTAL,2026-09-01T00:00:00Z
24032,Vadodara,GJ,jjm_tap_coverage,0.778,JJM_API,2026-09-01T00:00:00Z
24032,Vadodara,GJ,pmgsy_road_connected,0.956,PMGSY_API,2026-09-01T00:00:00Z
24032,Vadodara,GJ,swachh_odf_status,0.841,SWACHH_API,2026-09-01T00:00:00Z
24032,Vadodara,GJ,udise_schools_per_1000,1.83,UDISE_API,2026-09-01T00:00:00Z
24032,Vadodara,GJ,hospital_beds_per_1000,2.32,HEALTH_PORTAL,2026-09-01T00:00:00Z
24033,Valsad,GJ,jjm_tap_coverage,0.461,JJM_API,2026-09-01T00:00:00Z
24033,Valsad,GJ,pmgsy_road_connected,0.801,PMGSY_API,2026-09-01T00:00:00Z
24033,Valsad,GJ,swachh_odf_status,0.835,SWACHH_API,2026-09-01T00:00:00Z
24033,Valsad,GJ,udise_schools_per_1000,1.86,UDISE_API,2026-09-01T00:00:00Z
24033,Valsad,GJ,hospital_beds_per_1000,2.3,HEALTH_PORTAL,2026-09-01T00:00:00Z
6001,Ambala,HR,jjm_tap_coverage,0.644,JJM_API,2026-09-01T00:00:00Z
6001,Ambala,HR,pmgsy_road_connected,0.828,PMGSY_API,2026-09-01T00:00:00Z
6001,Ambala,HR,swachh_odf_status,0.991,SWACHH_API,2026-09-01T00:00:00Z
6001,Ambala,HR,udise_schools_per_1000,1.25,UDISE_API,2026-09-01T00:00:00Z
6001,Ambala,HR,hospital_beds_per_1000,1.62,HEALTH_PORTAL,2026-09-01T00:00:00Z
6002,Bhiwani,HR,jjm_tap_coverage,0.7,JJM_API,2026-09-01T00:00:00Z
6002,Bhiwani,HR,pmgsy_road_connected,0.975,PMGSY_API,2026-09-01T00:00:00Z
6002,Bhiwani,HR,swachh_odf_status,0.959,SWACHH_API,2026-09-01T00:00:00Z
6002,Bhiwani,HR,udise_schools_per_1000,2.74,UDISE_API,2026-09-01T00:00:00Z
6002,Bhiwani,HR,hospital_beds_per_1000,0.63,HEALTH_PORTAL,2026-09-01T00:00:00Z
6003,Charkhi Dadri,HR,jjm_tap_coverage,0.88,JJM_API,2026-09-01T00:00:00Z
6003,Charkhi Dadri,HR,pmgsy_road_connected,0.593,PMGSY_API,2026-09-01T00:00:00Z
6003,Charkhi Dadri,HR,swachh_odf_status,0.914,SWACHH_API,2026-09-01T00:00:00Z
6003,Charkhi Dadri,HR,udise_schools_per_1000,2.52,UDISE_API,2026-09-01T00:00:00Z
6003,Charkhi Dadri,HR,hospital_beds_per_1000,0.72,HEALTH_PORTAL,2026-09-01T00:00:00Z
6004,Faridabad,HR,jjm_tap_coverage,0.512,JJM_API,2026-09-01T00:00:00Z
6004,Faridabad,HR,pmgsy_road_connected,0.657,PMGSY_API,2026-09-01T00:00:00Z
6004,Faridabad,HR,swachh_odf_status,0.908,SWACHH_API,2026-09-01T00:00:00Z
6004,Faridabad,HR,udise_schools_per_1000,1.33,UDISE_API,2026-09-01T00:00:00Z
6004,Faridabad,HR,hospital_beds_per_1000,2.1,HEALTH_PORTAL,2026-09-01T00:00:00Z
6005,Fatehabad,HR,jjm_tap_coverage,0.771,JJM_API,2026-09-01T00:00:00Z
6005,Fatehabad,HR,pmgsy_road_connected,0.894,PMGSY_API,2026-09-01T00:00:00Z
6005,Fatehabad,HR,swachh_odf_status,0.857,SWACHH_API,2026-09-01T00:00:00Z
6005,Fatehabad,HR,udise_schools_per_1000,1.11,UDISE_API,2026-09-01T00:00:00Z
6005,Fatehabad,HR,hospital_beds_per_1000,1.05,HEALTH_PORTAL,2026-09-01T00:00:00Z
6006,Gurugram,HR,jjm_tap_coverage,0.444,JJM_API,2026-09-01T00:00:00Z
6006,Gurugram,HR,pmgsy_road_connected,0.876,PMGSY_API,2026-09-01T00:00:00Z
6006,Gurugram,HR,swachh_odf_status,0.983,SWACHH_API,2026-09-01T00:00:00Z
6006,Gurugram,HR,udise_schools_per_1000,1.4,UDISE_API,2026-09-01T00:00:00Z
6006,Gurugram,HR,hospital_beds_per_1000,2.09,HEALTH_PORTAL,2026-09-01T00:00:00Z
6007,Hisar,HR,jjm_tap_coverage,0.676,JJM_API,2026-09-01T00:00:00Z
6007,Hisar,HR,pmgsy_road_connected,0.635,PMGSY_API,2026-09-01T00:00:00Z
6007,Hisar,HR,swachh_odf_status,0.859,SWACHH_API,2026-09-01T00:00:00Z
6007,Hisar,HR,udise_schools_per_1000,1.56,UDISE_API,2026-09-01T00:00:00Z
6007,Hisar,HR,hospital_beds_per_1000,1.24,HEALTH_PORTAL,2026-09-01T00:00:00Z
6008,Jhajjar,HR,jjm_tap_coverage,0.559,JJM_API,2026-09-01T00:00:00Z
6008,Jhajjar,HR,pmgsy_road_connected,0.741,PMGSY_API,2026-09-01T00:00:00Z
6008,Jhajjar,HR,swachh_odf_status,0.829,SWACHH_API,2026-09-01T00:00:00Z
6008,Jhajjar,HR,udise_schools_per_1000,2.68,UDISE_API,2026-09-01T00:00:00Z
6008,Jhajjar,HR,hospital_beds_per_1000,2.4,HEALTH_PORTAL,2026-09-01T00:00:00Z
6009,Jind,HR,jjm_tap_coverage,0.511,JJM_API,2026-09-01T00:00:00Z
6009,Jind,HR,pmgsy_road_connected,0.752,PMGSY_API,2026-09-01T00:00:00Z
6009,Jind,HR,swachh_odf_status,0.905,SWACHH_API,2026-09-01T00:00:00Z
6009,Jind,HR,udise_schools_per_1000,2.09,UDISE_API,2026-09-01T00:00:00Z
6009,Jind,HR,hospital_beds_per_1000,2.46,HEALTH_PORTAL,2026-09-01T00:00:00Z
6010,Kaithal,HR,jjm_tap_coverage,0.917,JJM_API,2026-09-01T00:00:00Z
6010,Kaithal,HR,pmgsy_road_connected,0.599,PMGSY_API,2026-09-01T00:00:00Z
6010,Kaithal,HR,swachh_odf_status,0.86,SWACHH_API,2026-09-01T00:00:00Z
6010,Kaithal,HR,udise_schools_per_1000,2.15,UDISE_API,2026-09-01T00:00:00Z
6010,Kaithal,HR,hospital_beds_per_1000,1.29,HEALTH_PORTAL,2026-09-01T00:00:00Z
6011,Karnal,HR,jjm_tap_coverage,0.683,JJM_API,2026-09-01T00:00:00Z
6011,Karnal,HR,pmgsy_road_connected,0.784,PMGSY_API,2026-09-01T00:00:00Z
6011,Karnal,HR,swachh_odf_status,0.962,SWACHH_API,2026-09-01T00:00:00Z
6011,Karnal,HR,udise_schools_per_1000,2.63,UDISE_API,2026-09-01T00:00:00Z
6011,Karnal,HR,hospital_beds_per_1000,1.46,HEALTH_PORTAL,2026-09-01T00:00:00Z
6012,Kurukshetra,HR,jjm_tap_coverage,0.655,JJM_API,2026-09-01T00:00:00Z
6012,Kurukshetra,HR,pmgsy_road_connected,0.875,PMGSY_API,2026-09-01T00:00:00Z
6012,Kurukshetra,HR,swachh_odf_status,0.785,SWACHH_API,2026-09-01T00:00:00Z
6012,Kurukshetra,HR,udise_schools_per_1000,1.42,UDISE_API,2026-09-01T00:00:00Z
6012,Kurukshetra,HR,hospital_beds_per_1000,0.64,HEALTH_PORTAL,2026-09-01T00:00:00Z
6013,Mahendragarh,HR,jjm_tap_coverage,0.766,JJM_API,2026-09-01T00:00:00Z
6013,Mahendragarh,HR,pmgsy_road_connected,0.621,PMGSY_API,2026-09-01T00:00:00Z
6013,Mahendragarh,HR,swachh_odf_status,0.898,SWACHH_API,2026-09-01T00:00:00Z
6013,Mahendragarh,HR,udise_schools_per_1000,1.41,UDISE_API,2026-09-01T00:00:00Z
6013,Mahendragarh,HR,hospital_beds_per_1000,0.93,HEALTH_PORTAL,2026-09-01T00:00:00Z
6014,Nuh,HR,jjm_tap_coverage,0.507,JJM_API,2026-09-01T00:00:00Z
6014,Nuh,HR,pmgsy_road_connected,0.977,PMGSY_API,2026-09-01T00:00:00Z
6014,Nuh,HR,swachh_odf_status,0.9,SWACHH_API,2026-09-01T00:00:00Z
6014,Nuh,HR,udise_schools_per_1000,1.96,UDISE_API,2026-09-01T00:00:00Z
6014,Nuh,HR,hospital_beds_per_1000,1.83,HEALTH_PORTAL,2026-09-01T00:00:00Z
6015,Palwal,HR,jjm_tap_coverage,0.858,JJM_API,2026-09-01T00:00:00Z
6015,Palwal,HR,pmgsy_road_connected,0.888,PMGSY_API,2026-09-01T00:00:00Z
6015,Palwal,HR,swachh_odf_status,0.823,SWACHH_API,2026-09-01T00:00:00Z
6015,Palwal,HR,udise_schools_per_1000,1.24,UDISE_API,2026-09-01T00:00:00Z
6015,Palwal,HR,hospital_beds_per_1000,2.21,HEALTH_PORTAL,2026-09-01T00:00:00Z
6016,Panchkula,HR,jjm_tap_coverage,0.512,JJM_API,2026-09-01T00:00:00Z
6016,Panchkula,HR,pmgsy_road_connected,0.87,PMGSY_API,2026-09-01T00:00:00Z
6016,Panchkula,HR,swachh_odf_status,0.977,SWACHH_API,2026-09-01T00:00:00Z
6016,Panchkula,HR,udise_schools_per_1000,2.34,UDISE_API,2026-09-01T00:00:00Z
6016,Panchkula,HR,hospital_beds_per_1000,1.39,HEALTH_PORTAL,2026-09-01T00:00:00Z
6017,Panipat,HR,jjm_tap_coverage,0.59,JJM_API,2026-09-01T00:00:00Z
6017,Panipat,HR,pmgsy_road_connected,0.796,PMGSY_API,2026-09-01T00:00:00Z
6017,Panipat,HR,swachh_odf_status,0.882,SWACHH_API,2026-09-01T00:00:00Z
6017,Panipat,HR,udise_schools_per_1000,1.15,UDISE_API,2026-09-01T00:00:00Z
6017,Panipat,HR,hospital_beds_per_1000,0.6,HEALTH_PORTAL,2026-09-01T00:00:00Z
6018,Rewari,HR,jjm_tap_coverage,0.43,JJM_API,2026-09-01T00:00:00Z
6018,Rewari,HR,pmgsy_road_connected,0.664,PMGSY_API,2026-09-01T00:00:00Z
6018,Rewari,HR,swachh_odf_status,0.908,SWACHH_API,2026-09-01T00:00:00Z
6018,Rewari,HR,udise_schools_per_1000,1.35,UDISE_API,2026-09-01T00:00:00Z
6018,Rewari,HR,hospital_beds_per_1000,1.48,HEALTH_PORTAL,2026-09-01T00:00:00Z
6019,Rohtak,HR,jjm_tap_coverage,0.617,JJM_API,2026-09-01T00:00:00Z
6019,Rohtak,HR,pmgsy_road_connected,0.613,PMGSY_API,2026-09-01T00:00:00Z
6019,Rohtak,HR,swachh_odf_status,0.81,SWACHH_API,2026-09-01T00:00:00Z
6019,Rohtak,HR,udise_schools_per_1000,1.58,UDISE_API,2026-09-01T00:00:00Z
6019,Rohtak,HR,hospital_beds_per_1000,2.08,HEALTH_PORTAL,2026-09-01T00:00:00Z
6020,Sirsa,HR,jjm_tap_coverage,0.848,JJM_API,2026-09-01T00:00:00Z
6020,Sirsa,HR,pmgsy_road_connected,0.7,PMGSY_API,2026-09-01T00:00:00Z
6020,Sirsa,HR,swachh_odf_status,0.936,SWACHH_API,2026-09-01T00:00:00Z
6020,Sirsa,HR,udise_schools_per_1000,1.15,UDISE_API,2026-09-01T00:00:00Z
6020,Sirsa,HR,hospital_beds_per_1000,2.15,HEALTH_PORTAL,2026-09-01T00:00:00Z
6021,Sonipat,HR,jjm_tap_coverage,0.935,JJM_API,2026-09-01T00:00:00Z
6021,Sonipat,HR,pmgsy_road_connected,0.64,PMGSY_API,2026-09-01T00:00:00Z
6021,Sonipat,HR,swachh_odf_status,0.978,SWACHH_API,2026-09-01T00:00:00Z
6021,Sonipat,HR,udise_schools_per_1000,1.41,UDISE_API,2026-09-01T00:00:00Z
6021,Sonipat,HR,hospital_beds_per_1000,1.27,HEALTH_PORTAL,2026-09-01T00:00:00Z
6022,Yamunanagar,HR,jjm_tap_coverage,0.811,JJM_API,2026-09-01T00:00:00Z
6022,Yamunanagar,HR,pmgsy_road_connected,0.631,PMGSY_API,2026-09-01T00:00:00Z
6022,Yamunanagar,HR,swachh_odf_status,0.928,SWACHH_API,2026-09-01T00:00:00Z
6022,Yamunanagar,HR,udise_schools_per_1000,1.28,UDISE_API,2026-09-01T00:00:00Z
6022,Yamunanagar,HR,hospital_beds_per_1000,2.19,HEALTH_PORTAL,2026-09-01T00:00:00Z
2001,Bilaspur,HP,jjm_tap_coverage,0.921,JJM_API,2026-09-01T00:00:00Z
2001,Bilaspur,HP,pmgsy_road_connected,0.903,PMGSY_API,2026-09-01T00:00:00Z
2001,Bilaspur,HP,swachh_odf_status,0.987,SWACHH_API,2026-09-01T00:00:00Z
2001,Bilaspur,HP,udise_schools_per_1000,1.72,UDISE_API,2026-09-01T00:00:00Z
2001,Bilaspur,HP,hospital_beds_per_1000,0.62,HEALTH_PORTAL,2026-09-01T00:00:00Z
2002,Chamba,HP,jjm_tap_coverage,0.844,JJM_API,2026-09-01T00:00:00Z
2002,Chamba,HP,pmgsy_road_connected,0.902,PMGSY_API,2026-09-01T00:00:00Z
2002,Chamba,HP,swachh_odf_status,0.988,SWACHH_API,2026-09-01T00:00:00Z
2002,Chamba,HP,udise_schools_per_1000,1.71,UDISE_API,2026-09-01T00:00:00Z
2002,Chamba,HP,hospital_beds_per_1000,1.87,HEALTH_PORTAL,2026-09-01T00:00:00Z
2003,Hamirpur,HP,jjm_tap_coverage,0.533,JJM_API,2026-09-01T00:00:00Z
2003,Hamirpur,HP,pmgsy_road_connected,0.841,PMGSY_API,2026-09-01T00:00:00Z
2003,Hamirpur,HP,swachh_odf_status,0.888,SWACHH_API,2026-09-01T00:00:00Z
2003,Hamirpur,HP,udise_schools_per_1000,1.54,UDISE_API,2026-09-01T00:00:00Z
2003,Hamirpur,HP,hospital_beds_per_1000,1.25,HEALTH_PORTAL,2026-09-01T00:00:00Z
2004,Kangra,HP,jjm_tap_coverage,0.74,JJM_API,2026-09-01T00:00:00Z
2004,Kangra,HP,pmgsy_road_connected,0.759,PMGSY_API,2026-09-01T00:00:00Z
2004,Kangra,HP,swachh_odf_status,0.968,SWACHH_API,2026-09-01T00:00:00Z
2004,Kangra,HP,udise_schools_per_1000,1.96,UDISE_API,2026-09-01T00:00:00Z
2004,Kangra,HP,hospital_beds_per_1000,1.34,HEALTH_PORTAL,2026-09-01T00:00:00Z
2005,Kinnaur,HP,jjm_tap_coverage,0.907,JJM_API,2026-09-01T00:00:00Z
2005,Kinnaur,HP,pmgsy_road_connected,0.6,PMGSY_API,2026-09-01T00:00:00Z
2005,Kinnaur,HP,swachh_odf_status,0.817,SWACHH_API,2026-09-01T00:00:00Z
2005,Kinnaur,HP,udise_schools_per_1000,2.02,UDISE_API,2026-09-01T00:00:00Z
2005,Kinnaur,HP,hospital_beds_per_1000,0.67,HEALTH_PORTAL,2026-09-01T00:00:00Z
2006,Kullu,HP,jjm_tap_coverage,0.891,JJM_API,2026-09-01T00:00:00Z
2006,Kullu,HP,pmgsy_road_connected,0.786,PMGSY_API,2026-09-01T00:00:00Z
2006,Kullu,HP,swachh_odf_status,0.843,SWACHH_API,2026-09-01T00:00:00Z
2006,Kullu,HP,udise_schools_per_1000,1.18,UDISE_API,2026-09-01T00:00:00Z
2006,Kullu,HP,hospital_beds_per_1000,2.49,HEALTH_PORTAL,2026-09-01T00:00:00Z
2007,Lahaul and Spiti,HP,jjm_tap_coverage,0.772,JJM_API,2026-09-01T00:00:00Z
2007,Lahaul and Spiti,HP,pmgsy_road_connected,0.777,PMGSY_API,2026-09-01T00:00:00Z
2007,Lahaul and Spiti,HP,swachh_odf_status,0.821,SWACHH_API,2026-09-01T00:00:00Z
2007,Lahaul and Spiti,HP,udise_schools_per_1000,1.95,UDISE_API,2026-09-01T00:00:00Z
2007,Lahaul and Spiti,HP,hospital_beds_per_1000,1.86,HEALTH_PORTAL,2026-09-01T00:00:00Z
2008,Mandi,HP,jjm_tap_coverage,0.564,JJM_API,2026-09-01T00:00:00Z
2008,Mandi,HP,pmgsy_road_connected,0.815,PMGSY_API,2026-09-01T00:00:00Z
2008,Mandi,HP,swachh_odf_status,0.869,SWACHH_API,2026-09-01T00:00:00Z
2008,Mandi,HP,udise_schools_per_1000,1.29,UDISE_API,2026-09-01T00:00:00Z
2008,Mandi,HP,hospital_beds_per_1000,0.96,HEALTH_PORTAL,2026-09-01T00:00:00Z
2009,Shimla,HP,jjm_tap_coverage,0.796,JJM_API,2026-09-01T00:00:00Z
2009,Shimla,HP,pmgsy_road_connected,0.94,PMGSY_API,2026-09-01T00:00:00Z
2009,Shimla,HP,swachh_odf_status,0.867,SWACHH_API,2026-09-01T00:00:00Z
2009,Shimla,HP,udise_schools_per_1000,2.53,UDISE_API,2026-09-01T00:00:00Z
2009,Shimla,HP,hospital_beds_per_1000,2.2,HEALTH_PORTAL,2026-09-01T00:00:00Z
2010,Sirmaur,HP,jjm_tap_coverage,0.903,JJM_API,2026-09-01T00:00:00Z
2010,Sirmaur,HP,pmgsy_road_connected,0.575,PMGSY_API,2026-09-01T00:00:00Z
2010,Sirmaur,HP,swachh_odf_status,0.897,SWACHH_API,2026-09-01T00:00:00Z
2010,Sirmaur,HP,udise_schools_per_1000,2.29,UDISE_API,2026-09-01T00:00:00Z
2010,Sirmaur,HP,hospital_beds_per_1000,0.81,HEALTH_PORTAL,2026-09-01T00:00:00Z
2011,Solan,HP,jjm_tap_coverage,0.72,JJM_API,2026-09-01T00:00:00Z
2011,Solan,HP,pmgsy_road_connected,0.654,PMGSY_API,2026-09-01T00:00:00Z
2011,Solan,HP,swachh_odf_status,0.877,SWACHH_API,2026-09-01T00:00:00Z
2011,Solan,HP,udise_schools_per_1000,1.11,UDISE_API,2026-09-01T00:00:00Z
2011,Solan,HP,hospital_beds_per_1000,2.43,HEALTH_PORTAL,2026-09-01T00:00:00Z
2012,Una,HP,jjm_tap_coverage,0.704,JJM_API,2026-09-01T00:00:00Z
2012,Una,HP,pmgsy_road_connected,0.705,PMGSY_API,2026-09-01T00:00:00Z
2012,Una,HP,swachh_odf_status,0.912,SWACHH_API,2026-09-01T00:00:00Z
2012,Una,HP,udise_schools_per_1000,2.48,UDISE_API,2026-09-01T00:00:00Z
2012,Una,HP,hospital_beds_per_1000,2.0,HEALTH_PORTAL,2026-09-01T00:00:00Z
20001,Bokaro,JH,jjm_tap_coverage,0.805,JJM_API,2026-09-01T00:00:00Z
20001,Bokaro,JH,pmgsy_road_connected,0.914,PMGSY_API,2026-09-01T00:00:00Z
20001,Bokaro,JH,swachh_odf_status,0.956,SWACHH_API,2026-09-01T00:00:00Z
20001,Bokaro,JH,udise_schools_per_1000,1.44,UDISE_API,2026-09-01T00:00:00Z
20001,Bokaro,JH,hospital_beds_per_1000,1.39,HEALTH_PORTAL,2026-09-01T00:00:00Z
20002,Chatra,JH,jjm_tap_coverage,0.883,JJM_API,2026-09-01T00:00:00Z
20002,Chatra,JH,pmgsy_road_connected,0.767,PMGSY_API,2026-09-01T00:00:00Z
20002,Chatra,JH,swachh_odf_status,0.829,SWACHH_API,2026-09-01T00:00:00Z
20002,Chatra,JH,udise_schools_per_1000,1.45,UDISE_API,2026-09-01T00:00:00Z
20002,Chatra,JH,hospital_beds_per_1000,2.4,HEALTH_PORTAL,2026-09-01T00:00:00Z
20003,Deoghar,JH,jjm_tap_coverage,0.805,JJM_API,2026-09-01T00:00:00Z
20003,Deoghar,JH,pmgsy_road_connected,0.864,PMGSY_API,2026-09-01T00:00:00Z
20003,Deoghar,JH,swachh_odf_status,0.936,SWACHH_API,2026-09-01T00:00:00Z
20003,Deoghar,JH,udise_schools_per_1000,2.35,UDISE_API,2026-09-01T00:00:00Z
20003,Deoghar,JH,hospital_beds_per_1000,1.09,HEALTH_PORTAL,2026-09-01T00:00:00Z
20004,Dhanbad,JH,jjm_tap_coverage,0.494,JJM_API,2026-09-01T00:00:00Z
20004,Dhanbad,JH,pmgsy_road_connected,0.69,PMGSY_API,2026-09-01T00:00:00Z
20004,Dhanbad,JH,swachh_odf_status,0.897,SWACHH_API,2026-09-01T00:00:00Z
20004,Dhanbad,JH,udise_schools_per_1000,1.34,UDISE_API,2026-09-01T00:00:00Z
20004,Dhanbad,JH,hospital_beds_per_1000,0.82,HEALTH_PORTAL,2026-09-01T00:00:00Z
20005,Dumka,JH,jjm_tap_coverage,0.44,JJM_API,2026-09-01T00:00:00Z
20005,Dumka,JH,pmgsy_road_connected,0.664,PMGSY_API,2026-09-01T00:00:00Z
20005,Dumka,JH,swachh_odf_status,0.935,SWACHH_API,2026-09-01T00:00:00Z
20005,Dumka,JH,udise_schools_per_1000,1.84,UDISE_API,2026-09-01T00:00:00Z
20005,Dumka,JH,hospital_beds_per_1000,2.49,HEALTH_PORTAL,2026-09-01T00:00:00Z
20006,East Singhbhum,JH,jjm_tap_coverage,0.799,JJM_API,2026-09-01T00:00:00Z
20006,East Singhbhum,JH,pmgsy_road_connected,0.94,PMGSY_API,2026-09-01T00:00:00Z
20006,East Singhbhum,JH,swachh_odf_status,0.786,SWACHH_API,2026-09-01T00:00:00Z
20006,East Singhbhum,JH,udise_schools_per_1000,2.26,UDISE_API,2026-09-01T00:00:00Z
20006,East Singhbhum,JH,hospital_beds_per_1000,1.89,HEALTH_PORTAL,2026-09-01T00:00:00Z
20007,Garhwa,JH,jjm_tap_coverage,0.867,JJM_API,2026-09-01T00:00:00Z
20007,Garhwa,JH,pmgsy_road_connected,0.877,PMGSY_API,2026-09-01T00:00:00Z
20007,Garhwa,JH,swachh_odf_status,0.9,SWACHH_API,2026-09-01T00:00:00Z
20007,Garhwa,JH,udise_schools_per_1000,2.12,UDISE_API,2026-09-01T00:00:00Z
20007,Garhwa,JH,hospital_beds_per_1000,0.78,HEALTH_PORTAL,2026-09-01T00:00:00Z
20008,Giridih,JH,jjm_tap_coverage,0.57,JJM_API,2026-09-01T00:00:00Z
20008,Giridih,JH,pmgsy_road_connected,0.814,PMGSY_API,2026-09-01T00:00:00Z
20008,Giridih,JH,swachh_odf_status,0.8,SWACHH_API,2026-09-01T00:00:00Z
20008,Giridih,JH,udise_schools_per_1000,1.82,UDISE_API,2026-09-01T00:00:00Z
20008,Giridih,JH,hospital_beds_per_1000,1.3,HEALTH_PORTAL,2026-09-01T00:00:00Z
20009,Godda,JH,jjm_tap_coverage,0.934,JJM_API,2026-09-01T00:00:00Z
20009,Godda,JH,pmgsy_road_connected,0.776,PMGSY_API,2026-09-01T00:00:00Z
20009,Godda,JH,swachh_odf_status,0.892,SWACHH_API,2026-09-01T00:00:00Z
20009,Godda,JH,udise_schools_per_1000,1.8,UDISE_API,2026-09-01T00:00:00Z
20009,Godda,JH,hospital_beds_per_1000,1.48,HEALTH_PORTAL,2026-09-01T00:00:00Z
20010,Gumla,JH,jjm_tap_coverage,0.908,JJM_API,2026-09-01T00:00:00Z
20010,Gumla,JH,pmgsy_road_connected,0.597,PMGSY_API,2026-09-01T00:00:00Z
20010,Gumla,JH,swachh_odf_status,0.898,SWACHH_API,2026-09-01T00:00:00Z
20010,Gumla,JH,udise_schools_per_1000,1.11,UDISE_API,2026-09-01T00:00:00Z
20010,Gumla,JH,hospital_beds_per_1000,0.82,HEALTH_PORTAL,2026-09-01T00:00:00Z
20011,Hazaribagh,JH,jjm_tap_coverage,0.892,JJM_API,2026-09-01T00:00:00Z
20011,Hazaribagh,JH,pmgsy_road_connected,0.928,PMGSY_API,2026-09-01T00:00:00Z
20011,Hazaribagh,JH,swachh_odf_status,0.898,SWACHH_API,2026-09-01T00:00:00Z
20011,Hazaribagh,JH,udise_schools_per_1000,1.25,UDISE_API,2026-09-01T00:00:00Z
20011,Hazaribagh,JH,hospital_beds_per_1000,2.06,HEALTH_PORTAL,2026-09-01T00:00:00Z
20012,Jamtara,JH,jjm_tap_coverage,0.644,JJM_API,2026-09-01T00:00:00Z
20012,Jamtara,JH,pmgsy_road_connected,0.776,PMGSY_API,2026-09-01T00:00:00Z
20012,Jamtara,JH,swachh_odf_status,0.939,SWACHH_API,2026-09-01T00:00:00Z
20012,Jamtara,JH,udise_schools_per_1000,2.69,UDISE_API,2026-09-01T00:00:00Z
20012,Jamtara,JH,hospital_beds_per_1000,2.32,HEALTH_PORTAL,2026-09-01T00:00:00Z
20013,Khunti,JH,jjm_tap_coverage,0.493,JJM_API,2026-09-01T00:00:00Z
20013,Khunti,JH,pmgsy_road_connected,0.679,PMGSY_API,2026-09-01T00:00:00Z
20013,Khunti,JH,swachh_odf_status,0.937,SWACHH_API,2026-09-01T00:00:00Z
20013,Khunti,JH,udise_schools_per_1000,2.73,UDISE_API,2026-09-01T00:00:00Z
20013,Khunti,JH,hospital_beds_per_1000,2.18,HEALTH_PORTAL,2026-09-01T00:00:00Z
20014,Koderma,JH,jjm_tap_coverage,0.438,JJM_API,2026-09-01T00:00:00Z
20014,Koderma,JH,pmgsy_road_connected,0.578,PMGSY_API,2026-09-01T00:00:00Z
20014,Koderma,JH,swachh_odf_status,0.875,SWACHH_API,2026-09-01T00:00:00Z
20014,Koderma,JH,udise_schools_per_1000,2.15,UDISE_API,2026-09-01T00:00:00Z
20014,Koderma,JH,hospital_beds_per_1000,0.83,HEALTH_PORTAL,2026-09-01T00:00:00Z
20015,Latehar,JH,jjm_tap_coverage,0.479,JJM_API,2026-09-01T00:00:00Z
20015,Latehar,JH,pmgsy_road_connected,0.827,PMGSY_API,2026-09-01T00:00:00Z
20015,Latehar,JH,swachh_odf_status,0.972,SWACHH_API,2026-09-01T00:00:00Z
20015,Latehar,JH,udise_schools_per_1000,2.65,UDISE_API,2026-09-01T00:00:00Z
20015,Latehar,JH,hospital_beds_per_1000,0.9,HEALTH_PORTAL,2026-09-01T00:00:00Z
20016,Lohardaga,JH,jjm_tap_coverage,0.656,JJM_API,2026-09-01T00:00:00Z
20016,Lohardaga,JH,pmgsy_road_connected,0.65,PMGSY_API,2026-09-01T00:00:00Z
20016,Lohardaga,JH,swachh_odf_status,0.956,SWACHH_API,2026-09-01T00:00:00Z
20016,Lohardaga,JH,udise_schools_per_1000,1.8,UDISE_API,2026-09-01T00:00:00Z
20016,Lohardaga,JH,hospital_beds_per_1000,1.38,HEALTH_PORTAL,2026-09-01T00:00:00Z
20017,Pakur,JH,jjm_tap_coverage,0.655,JJM_API,2026-09-01T00:00:00Z
20017,Pakur,JH,pmgsy_road_connected,0.94,PMGSY_API,2026-09-01T00:00:00Z
20017,Pakur,JH,swachh_odf_status,0.934,SWACHH_API,2026-09-01T00:00:00Z
20017,Pakur,JH,udise_schools_per_1000,2.59,UDISE_API,2026-09-01T00:00:00Z
20017,Pakur,JH,hospital_beds_per_1000,1.97,HEALTH_PORTAL,2026-09-01T00:00:00Z
20018,Palamu,JH,jjm_tap_coverage,0.579,JJM_API,2026-09-01T00:00:00Z
20018,Palamu,JH,pmgsy_road_connected,0.591,PMGSY_API,2026-09-01T00:00:00Z
20018,Palamu,JH,swachh_odf_status,0.901,SWACHH_API,2026-09-01T00:00:00Z
20018,Palamu,JH,udise_schools_per_1000,1.99,UDISE_API,2026-09-01T00:00:00Z
20018,Palamu,JH,hospital_beds_per_1000,2.04,HEALTH_PORTAL,2026-09-01T00:00:00Z
20019,Ramgarh,JH,jjm_tap_coverage,0.893,JJM_API,2026-09-01T00:00:00Z
20019,Ramgarh,JH,pmgsy_road_connected,0.653,PMGSY_API,2026-09-01T00:00:00Z
20019,Ramgarh,JH,swachh_odf_status,0.846,SWACHH_API,2026-09-01T00:00:00Z
20019,Ramgarh,JH,udise_schools_per_1000,2.23,UDISE_API,2026-09-01T00:00:00Z
20019,Ramgarh,JH,hospital_beds_per_1000,2.15,HEALTH_PORTAL,2026-09-01T00:00:00Z
20020,Ranchi,JH,jjm_tap_coverage,0.776,JJM_API,2026-09-01T00:00:00Z
20020,Ranchi,JH,pmgsy_road_connected,0.988,PMGSY_API,2026-09-01T00:00:00Z
20020,Ranchi,JH,swachh_odf_status,0.932,SWACHH_API,2026-09-01T00:00:00Z
20020,Ranchi,JH,udise_schools_per_1000,2.71,UDISE_API,2026-09-01T00:00:00Z
20020,Ranchi,JH,hospital_beds_per_1000,1.99,HEALTH_PORTAL,2026-09-01T00:00:00Z
20021,Sahebganj,JH,jjm_tap_coverage,0.585,JJM_API,2026-09-01T00:00:00Z
20021,Sahebganj,JH,pmgsy_road_connected,0.562,PMGSY_API,2026-09-01T00:00:00Z
20021,Sahebganj,JH,swachh_odf_status,0.811,SWACHH_API,2026-09-01T00:00:00Z
20021,Sahebganj,JH,udise_schools_per_1000,2.43,UDISE_API,2026-09-01T00:00:00Z
20021,Sahebganj,JH,hospital_beds_per_1000,1.4,HEALTH_PORTAL,2026-09-01T00:00:00Z
20022,Seraikela Kharsawan,JH,jjm_tap_coverage,0.47,JJM_API,2026-09-01T00:00:00Z
20022,Seraikela Kharsawan,JH,pmgsy_road_connected,0.825,PMGSY_API,2026-09-01T00:00:00Z
20022,Seraikela Kharsawan,JH,swachh_odf_status,0.917,SWACHH_API,2026-09-01T00:00:00Z
20022,Seraikela Kharsawan,JH,udise_schools_per_1000,1.76,UDISE_API,2026-09-01T00:00:00Z
20022,Seraikela Kharsawan,JH,hospital_beds_per_1000,2.31,HEALTH_PORTAL,2026-09-01T00:00:00Z
20023,Simdega,JH,jjm_tap_coverage,0.521,JJM_API,2026-09-01T00:00:00Z
20023,Simdega,JH,pmgsy_road_connected,0.558,PMGSY_API,2026-09-01T00:00:00Z
20023,Simdega,JH,swachh_odf_status,0.953,SWACHH_API,2026-09-01T00:00:00Z
20023,Simdega,JH,udise_schools_per_1000,1.52,UDISE_API,2026-09-01T00:00:00Z
20023,Simdega,JH,hospital_beds_per_1000,1.94,HEALTH_PORTAL,2026-09-01T00:00:00Z
20024,West Singhbhum,JH,jjm_tap_coverage,0.522,JJM_API,2026-09-01T00:00:00Z
20024,West Singhbhum,JH,pmgsy_road_connected,0.864,PMGSY_API,2026-09-01T00:00:00Z
20024,West Singhbhum,JH,swachh_odf_status,0.846,SWACHH_API,2026-09-01T00:00:00Z
20024,West Singhbhum,JH,udise_schools_per_1000,1.27,UDISE_API,2026-09-01T00:00:00Z
20024,West Singhbhum,JH,hospital_beds_per_1000,0.87,HEALTH_PORTAL,2026-09-01T00:00:00Z
29001,Bagalkote,KA,jjm_tap_coverage,0.785,JJM_API,2026-09-01T00:00:00Z
29001,Bagalkote,KA,pmgsy_road_connected,0.605,PMGSY_API,2026-09-01T00:00:00Z
29001,Bagalkote,KA,swachh_odf_status,0.905,SWACHH_API,2026-09-01T00:00:00Z
29001,Bagalkote,KA,udise_schools_per_1000,1.86,UDISE_API,2026-09-01T00:00:00Z
29001,Bagalkote,KA,hospital_beds_per_1000,2.21,HEALTH_PORTAL,2026-09-01T00:00:00Z
29002,Ballari,KA,jjm_tap_coverage,0.891,JJM_API,2026-09-01T00:00:00Z
29002,Ballari,KA,pmgsy_road_connected,0.674,PMGSY_API,2026-09-01T00:00:00Z
29002,Ballari,KA,swachh_odf_status,0.816,SWACHH_API,2026-09-01T00:00:00Z
29002,Ballari,KA,udise_schools_per_1000,2.01,UDISE_API,2026-09-01T00:00:00Z
29002,Ballari,KA,hospital_beds_per_1000,0.73,HEALTH_PORTAL,2026-09-01T00:00:00Z
29003,Belagavi,KA,jjm_tap_coverage,0.422,JJM_API,2026-09-01T00:00:00Z
29003,Belagavi,KA,pmgsy_road_connected,0.554,PMGSY_API,2026-09-01T00:00:00Z
29003,Belagavi,KA,swachh_odf_status,0.818,SWACHH_API,2026-09-01T00:00:00Z
29003,Belagavi,KA,udise_schools_per_1000,2.04,UDISE_API,2026-09-01T00:00:00Z
29003,Belagavi,KA,hospital_beds_per_1000,1.92,HEALTH_PORTAL,2026-09-01T00:00:00Z
29004,Bengaluru Rural,KA,jjm_tap_coverage,0.801,JJM_API,2026-09-01T00:00:00Z
29004,Bengaluru Rural,KA,pmgsy_road_connected,0.862,PMGSY_API,2026-09-01T00:00:00Z
29004,Bengaluru Rural,KA,swachh_odf_status,0.822,SWACHH_API,2026-09-01T00:00:00Z
29004,Bengaluru Rural,KA,udise_schools_per_1000,2.49,UDISE_API,2026-09-01T00:00:00Z
29004,Bengaluru Rural,KA,hospital_beds_per_1000,1.79,HEALTH_PORTAL,2026-09-01T00:00:00Z
29005,Bengaluru Urban,KA,jjm_tap_coverage,0.943,JJM_API,2026-09-01T00:00:00Z
29005,Bengaluru Urban,KA,pmgsy_road_connected,0.926,PMGSY_API,2026-09-01T00:00:00Z
29005,Bengaluru Urban,KA,swachh_odf_status,0.974,SWACHH_API,2026-09-01T00:00:00Z
29005,Bengaluru Urban,KA,udise_schools_per_1000,2.34,UDISE_API,2026-09-01T00:00:00Z
29005,Bengaluru Urban,KA,hospital_beds_per_1000,1.12,HEALTH_PORTAL,2026-09-01T00:00:00Z
29006,Bidar,KA,jjm_tap_coverage,0.718,JJM_API,2026-09-01T00:00:00Z
29006,Bidar,KA,pmgsy_road_connected,0.689,PMGSY_API,2026-09-01T00:00:00Z
29006,Bidar,KA,swachh_odf_status,0.866,SWACHH_API,2026-09-01T00:00:00Z
29006,Bidar,KA,udise_schools_per_1000,1.67,UDISE_API,2026-09-01T00:00:00Z
29006,Bidar,KA,hospital_beds_per_1000,2.27,HEALTH_PORTAL,2026-09-01T00:00:00Z
29007,Chamarajanagara,KA,jjm_tap_coverage,0.854,JJM_API,2026-09-01T00:00:00Z
29007,Chamarajanagara,KA,pmgsy_road_connected,0.823,PMGSY_API,2026-09-01T00:00:00Z
29007,Chamarajanagara,KA,swachh_odf_status,0.948,SWACHH_API,2026-09-01T00:00:00Z
29007,Chamarajanagara,KA,udise_schools_per_1000,2.16,UDISE_API,2026-09-01T00:00:00Z
29007,Chamarajanagara,KA,hospital_beds_per_1000,1.7,HEALTH_PORTAL,2026-09-01T00:00:00Z
29008,Chikkaballapura,KA,jjm_tap_coverage,0.865,JJM_API,2026-09-01T00:00:00Z
29008,Chikkaballapura,KA,pmgsy_road_connected,0.937,PMGSY_API,2026-09-01T00:00:00Z
29008,Chikkaballapura,KA,swachh_odf_status,0.916,SWACHH_API,2026-09-01T00:00:00Z
29008,Chikkaballapura,KA,udise_schools_per_1000,1.68,UDISE_API,2026-09-01T00:00:00Z
29008,Chikkaballapura,KA,hospital_beds_per_1000,2.38,HEALTH_PORTAL,2026-09-01T00:00:00Z
29009,Chikkamagaluru,KA,jjm_tap_coverage,0.916,JJM_API,2026-09-01T00:00:00Z
29009,Chikkamagaluru,KA,pmgsy_road_connected,0.891,PMGSY_API,2026-09-01T00:00:00Z
29009,Chikkamagaluru,KA,swachh_odf_status,0.812,SWACHH_API,2026-09-01T00:00:00Z
29009,Chikkamagaluru,KA,udise_schools_per_1000,1.62,UDISE_API,2026-09-01T00:00:00Z
29009,Chikkamagaluru,KA,hospital_beds_per_1000,1.25,HEALTH_PORTAL,2026-09-01T00:00:00Z
29010,Chitradurga,KA,jjm_tap_coverage,0.511,JJM_API,2026-09-01T00:00:00Z
29010,Chitradurga,KA,pmgsy_road_connected,0.75,PMGSY_API,2026-09-01T00:00:00Z
29010,Chitradurga,KA,swachh_odf_status,0.954,SWACHH_API,2026-09-01T00:00:00Z
29010,Chitradurga,KA,udise_schools_per_1000,1.17,UDISE_API,2026-09-01T00:00:00Z
29010,Chitradurga,KA,hospital_beds_per_1000,1.02,HEALTH_PORTAL,2026-09-01T00:00:00Z
29011,Dakshina Kannada,KA,jjm_tap_coverage,0.518,JJM_API,2026-09-01T00:00:00Z
29011,Dakshina Kannada,KA,pmgsy_road_connected,0.94,PMGSY_API,2026-09-01T00:00:00Z
29011,Dakshina Kannada,KA,swachh_odf_status,0.938,SWACHH_API,2026-09-01T00:00:00Z
29011,Dakshina Kannada,KA,udise_schools_per_1000,1.68,UDISE_API,2026-09-01T00:00:00Z
29011,Dakshina Kannada,KA,hospital_beds_per_1000,1.65,HEALTH_PORTAL,2026-09-01T00:00:00Z
29012,Davanagere,KA,jjm_tap_coverage,0.718,JJM_API,2026-09-01T00:00:00Z
29012,Davanagere,KA,pmgsy_road_connected,0.856,PMGSY_API,2026-09-01T00:00:00Z
29012,Davanagere,KA,swachh_odf_status,0.85,SWACHH_API,2026-09-01T00:00:00Z
29012,Davanagere,KA,udise_schools_per_1000,1.83,UDISE_API,2026-09-01T00:00:00Z
29012,Davanagere,KA,hospital_beds_per_1000,1.81,HEALTH_PORTAL,2026-09-01T00:00:00Z
29013,Dharwad,KA,jjm_tap_coverage,0.52,JJM_API,2026-09-01T00:00:00Z
29013,Dharwad,KA,pmgsy_road_connected,0.863,PMGSY_API,2026-09-01T00:00:00Z
29013,Dharwad,KA,swachh_odf_status,0.896,SWACHH_API,2026-09-01T00:00:00Z
29013,Dharwad,KA,udise_schools_per_1000,1.92,UDISE_API,2026-09-01T00:00:00Z
29013,Dharwad,KA,hospital_beds_per_1000,2.42,HEALTH_PORTAL,2026-09-01T00:00:00Z
29014,Gadag,KA,jjm_tap_coverage,0.673,JJM_API,2026-09-01T00:00:00Z
29014,Gadag,KA,pmgsy_road_connected,0.74,PMGSY_API,2026-09-01T00:00:00Z
29014,Gadag,KA,swachh_odf_status,0.861,SWACHH_API,2026-09-01T00:00:00Z
29014,Gadag,KA,udise_schools_per_1000,1.95,UDISE_API,2026-09-01T00:00:00Z
29014,Gadag,KA,hospital_beds_per_1000,1.12,HEALTH_PORTAL,2026-09-01T00:00:00Z
29015,Hassan,KA,jjm_tap_coverage,0.931,JJM_API,2026-09-01T00:00:00Z
29015,Hassan,KA,pmgsy_road_connected,0.554,PMGSY_API,2026-09-01T00:00:00Z
29015,Hassan,KA,swachh_odf_status,0.846,SWACHH_API,2026-09-01T00:00:00Z
29015,Hassan,KA,udise_schools_per_1000,2.5,UDISE_API,2026-09-01T00:00:00Z
29015,Hassan,KA,hospital_beds_per_1000,2.09,HEALTH_PORTAL,2026-09-01T00:00:00Z
29016,Haveri,KA,jjm_tap_coverage,0.672,JJM_API,2026-09-01T00:00:00Z
29016,Haveri,KA,pmgsy_road_connected,0.796,PMGSY_API,2026-09-01T00:00:00Z
29016,Haveri,KA,swachh_odf_status,0.862,SWACHH_API,2026-09-01T00:00:00Z
29016,Haveri,KA,udise_schools_per_1000,2.08,UDISE_API,2026-09-01T00:00:00Z
29016,Haveri,KA,hospital_beds_per_1000,0.84,HEALTH_PORTAL,2026-09-01T00:00:00Z
29017,Kalaburagi,KA,jjm_tap_coverage,0.456,JJM_API,2026-09-01T00:00:00Z
29017,Kalaburagi,KA,pmgsy_road_connected,0.72,PMGSY_API,2026-09-01T00:00:00Z
29017,Kalaburagi,KA,swachh_odf_status,0.884,SWACHH_API,2026-09-01T00:00:00Z
29017,Kalaburagi,KA,udise_schools_per_1000,1.66,UDISE_API,2026-09-01T00:00:00Z
29017,Kalaburagi,KA,hospital_beds_per_1000,2.43,HEALTH_PORTAL,2026-09-01T00:00:00Z
29018,Kodagu,KA,jjm_tap_coverage,0.638,JJM_API,2026-09-01T00:00:00Z
29018,Kodagu,KA,pmgsy_road_connected,0.948,PMGSY_API,2026-09-01T00:00:00Z
29018,Kodagu,KA,swachh_odf_status,0.825,SWACHH_API,2026-09-01T00:00:00Z
29018,Kodagu,KA,udise_schools_per_1000,2.58,UDISE_API,2026-09-01T00:00:00Z
29018,Kodagu,KA,hospital_beds_per_1000,1.19,HEALTH_PORTAL,2026-09-01T00:00:00Z
29019,Kolar,KA,jjm_tap_coverage,0.639,JJM_API,2026-09-01T00:00:00Z
29019,Kolar,KA,pmgsy_road_connected,0.912,PMGSY_API,2026-09-01T00:00:00Z
29019,Kolar,KA,swachh_odf_status,0.967,SWACHH_API,2026-09-01T00:00:00Z
29019,Kolar,KA,udise_schools_per_1000,1.81,UDISE_API,2026-09-01T00:00:00Z
29019,Kolar,KA,hospital_beds_per_1000,0.94,HEALTH_PORTAL,2026-09-01T00:00:00Z
29020,Koppal,KA,jjm_tap_coverage,0.65,JJM_API,2026-09-01T00:00:00Z
29020,Koppal,KA,pmgsy_road_connected,0.623,PMGSY_API,2026-09-01T00:00:00Z
29020,Koppal,KA,swachh_odf_status,0.826,SWACHH_API,2026-09-01T00:00:00Z
29020,Koppal,KA,udise_schools_per_1000,1.18,UDISE_API,2026-09-01T00:00:00Z
29020,Koppal,KA,hospital_beds_per_1000,0.65,HEALTH_PORTAL,2026-09-01T00:00:00Z
29021,Mandya,KA,jjm_tap_coverage,0.49,JJM_API,2026-09-01T00:00:00Z
29021,Mandya,KA,pmgsy_road_connected,0.876,PMGSY_API,2026-09-01T00:00:00Z
29021,Mandya,KA,swachh_odf_status,0.817,SWACHH_API,2026-09-01T00:00:00Z
29021,Mandya,KA,udise_schools_per_1000,2.24,UDISE_API,2026-09-01T00:00:00Z
29021,Mandya,KA,hospital_beds_per_1000,0.62,HEALTH_PORTAL,2026-09-01T00:00:00Z
29022,Mysuru,KA,jjm_tap_coverage,0.436,JJM_API,2026-09-01T00:00:00Z
29022,Mysuru,KA,pmgsy_road_connected,0.556,PMGSY_API,2026-09-01T00:00:00Z
29022,Mysuru,KA,swachh_odf_status,0.961,SWACHH_API,2026-09-01T00:00:00Z
29022,Mysuru,KA,udise_schools_per_1000,2.26,UDISE_API,2026-09-01T00:00:00Z
29022,Mysuru,KA,hospital_beds_per_1000,0.72,HEALTH_PORTAL,2026-09-01T00:00:00Z
29023,Raichur,KA,jjm_tap_coverage,0.784,JJM_API,2026-09-01T00:00:00Z
29023,Raichur,KA,pmgsy_road_connected,0.712,PMGSY_API,2026-09-01T00:00:00Z
29023,Raichur,KA,swachh_odf_status,0.795,SWACHH_API,2026-09-01T00:00:00Z
29023,Raichur,KA,udise_schools_per_1000,1.47,UDISE_API,2026-09-01T00:00:00Z
29023,Raichur,KA,hospital_beds_per_1000,1.17,HEALTH_PORTAL,2026-09-01T00:00:00Z
29024,Ramanagara,KA,jjm_tap_coverage,0.706,JJM_API,2026-09-01T00:00:00Z
29024,Ramanagara,KA,pmgsy_road_connected,0.876,PMGSY_API,2026-09-01T00:00:00Z
29024,Ramanagara,KA,swachh_odf_status,0.891,SWACHH_API,2026-09-01T00:00:00Z
29024,Ramanagara,KA,udise_schools_per_1000,2.3,UDISE_API,2026-09-01T00:00:00Z
29024,Ramanagara,KA,hospital_beds_per_1000,0.63,HEALTH_PORTAL,2026-09-01T00:00:00Z
29025,Shivamogga,KA,jjm_tap_coverage,0.84,JJM_API,2026-09-01T00:00:00Z
29025,Shivamogga,KA,pmgsy_road_connected,0.651,PMGSY_API,2026-09-01T00:00:00Z
29025,Shivamogga,KA,swachh_odf_status,0.941,SWACHH_API,2026-09-01T00:00:00Z
29025,Shivamogga,KA,udise_schools_per_1000,1.68,UDISE_API,2026-09-01T00:00:00Z
29025,Shivamogga,KA,hospital_beds_per_1000,0.99,HEALTH_PORTAL,2026-09-01T00:00:00Z
29026,Tumakuru,KA,jjm_tap_coverage,0.594,JJM_API,2026-09-01T00:00:00Z
29026,Tumakuru,KA,pmgsy_road_connected,0.868,PMGSY_API,2026-09-01T00:00:00Z
29026,Tumakuru,KA,swachh_odf_status,0.834,SWACHH_API,2026-09-01T00:00:00Z
29026,Tumakuru,KA,udise_schools_per_1000,1.4,UDISE_API,2026-09-01T00:00:00Z
29026,Tumakuru,KA,hospital_beds_per_1000,1.07,HEALTH_PORTAL,2026-09-01T00:00:00Z
29027,Udupi,KA,jjm_tap_coverage,0.564,JJM_API,2026-09-01T00:00:00Z
29027,Udupi,KA,pmgsy_road_connected,0.754,PMGSY_API,2026-09-01T00:00:00Z
29027,Udupi,KA,swachh_odf_status,0.88,SWACHH_API,2026-09-01T00:00:00Z
29027,Udupi,KA,udise_schools_per_1000,1.74,UDISE_API,2026-09-01T00:00:00Z
29027,Udupi,KA,hospital_beds_per_1000,1.75,HEALTH_PORTAL,2026-09-01T00:00:00Z
29028,Uttara Kannada,KA,jjm_tap_coverage,0.852,JJM_API,2026-09-01T00:00:00Z
29028,Uttara Kannada,KA,pmgsy_road_connected,0.881,PMGSY_API,2026-09-01T00:00:00Z
29028,Uttara Kannada,KA,swachh_odf_status,0.857,SWACHH_API,2026-09-01T00:00:00Z
29028,Uttara Kannada,KA,udise_schools_per_1000,2.31,UDISE_API,2026-09-01T00:00:00Z
29028,Uttara Kannada,KA,hospital_beds_per_1000,1.81,HEALTH_PORTAL,2026-09-01T00:00:00Z
29029,Vijayapura,KA,jjm_tap_coverage,0.815,JJM_API,2026-09-01T00:00:00Z
29029,Vijayapura,KA,pmgsy_road_connected,0.979,PMGSY_API,2026-09-01T00:00:00Z
29029,Vijayapura,KA,swachh_odf_status,0.798,SWACHH_API,2026-09-01T00:00:00Z
29029,Vijayapura,KA,udise_schools_per_1000,2.65,UDISE_API,2026-09-01T00:00:00Z
29029,Vijayapura,KA,hospital_beds_per_1000,2.26,HEALTH_PORTAL,2026-09-01T00:00:00Z
29030,Yadgir,KA,jjm_tap_coverage,0.853,JJM_API,2026-09-01T00:00:00Z
29030,Yadgir,KA,pmgsy_road_connected,0.734,PMGSY_API,2026-09-01T00:00:00Z
29030,Yadgir,KA,swachh_odf_status,0.872,SWACHH_API,2026-09-01T00:00:00Z
29030,Yadgir,KA,udise_schools_per_1000,1.59,UDISE_API,2026-09-01T00:00:00Z
29030,Yadgir,KA,hospital_beds_per_1000,1.42,HEALTH_PORTAL,2026-09-01T00:00:00Z
29031,Vijayanagara,KA,jjm_tap_coverage,0.551,JJM_API,2026-09-01T00:00:00Z
29031,Vijayanagara,KA,pmgsy_road_connected,0.763,PMGSY_API,2026-09-01T00:00:00Z
29031,Vijayanagara,KA,swachh_odf_status,0.947,SWACHH_API,2026-09-01T00:00:00Z
29031,Vijayanagara,KA,udise_schools_per_1000,1.12,UDISE_API,2026-09-01T00:00:00Z
29031,Vijayanagara,KA,hospital_beds_per_1000,1.11,HEALTH_PORTAL,2026-09-01T00:00:00Z
32001,Alappuzha,KL,jjm_tap_coverage,0.872,JJM_API,2026-09-01T00:00:00Z
32001,Alappuzha,KL,pmgsy_road_connected,0.551,PMGSY_API,2026-09-01T00:00:00Z
32001,Alappuzha,KL,swachh_odf_status,0.972,SWACHH_API,2026-09-01T00:00:00Z
32001,Alappuzha,KL,udise_schools_per_1000,1.78,UDISE_API,2026-09-01T00:00:00Z
32001,Alappuzha,KL,hospital_beds_per_1000,2.19,HEALTH_PORTAL,2026-09-01T00:00:00Z
32002,Ernakulam,KL,jjm_tap_coverage,0.615,JJM_API,2026-09-01T00:00:00Z
32002,Ernakulam,KL,pmgsy_road_connected,0.963,PMGSY_API,2026-09-01T00:00:00Z
32002,Ernakulam,KL,swachh_odf_status,0.987,SWACHH_API,2026-09-01T00:00:00Z
32002,Ernakulam,KL,udise_schools_per_1000,1.91,UDISE_API,2026-09-01T00:00:00Z
32002,Ernakulam,KL,hospital_beds_per_1000,1.85,HEALTH_PORTAL,2026-09-01T00:00:00Z
32003,Idukki,KL,jjm_tap_coverage,0.479,JJM_API,2026-09-01T00:00:00Z
32003,Idukki,KL,pmgsy_road_connected,0.987,PMGSY_API,2026-09-01T00:00:00Z
32003,Idukki,KL,swachh_odf_status,0.786,SWACHH_API,2026-09-01T00:00:00Z
32003,Idukki,KL,udise_schools_per_1000,2.68,UDISE_API,2026-09-01T00:00:00Z
32003,Idukki,KL,hospital_beds_per_1000,1.22,HEALTH_PORTAL,2026-09-01T00:00:00Z
32004,Kannur,KL,jjm_tap_coverage,0.873,JJM_API,2026-09-01T00:00:00Z
32004,Kannur,KL,pmgsy_road_connected,0.648,PMGSY_API,2026-09-01T00:00:00Z
32004,Kannur,KL,swachh_odf_status,0.805,SWACHH_API,2026-09-01T00:00:00Z
32004,Kannur,KL,udise_schools_per_1000,1.25,UDISE_API,2026-09-01T00:00:00Z
32004,Kannur,KL,hospital_beds_per_1000,0.77,HEALTH_PORTAL,2026-09-01T00:00:00Z
32005,Kasaragod,KL,jjm_tap_coverage,0.501,JJM_API,2026-09-01T00:00:00Z
32005,Kasaragod,KL,pmgsy_road_connected,0.965,PMGSY_API,2026-09-01T00:00:00Z
32005,Kasaragod,KL,swachh_odf_status,0.964,SWACHH_API,2026-09-01T00:00:00Z
32005,Kasaragod,KL,udise_schools_per_1000,1.95,UDISE_API,2026-09-01T00:00:00Z
32005,Kasaragod,KL,hospital_beds_per_1000,1.47,HEALTH_PORTAL,2026-09-01T00:00:00Z
32006,Kollam,KL,jjm_tap_coverage,0.937,JJM_API,2026-09-01T00:00:00Z
32006,Kollam,KL,pmgsy_road_connected,0.891,PMGSY_API,2026-09-01T00:00:00Z
32006,Kollam,KL,swachh_odf_status,0.968,SWACHH_API,2026-09-01T00:00:00Z
32006,Kollam,KL,udise_schools_per_1000,2.34,UDISE_API,2026-09-01T00:00:00Z
32006,Kollam,KL,hospital_beds_per_1000,1.17,HEALTH_PORTAL,2026-09-01T00:00:00Z
32007,Kottayam,KL,jjm_tap_coverage,0.497,JJM_API,2026-09-01T00:00:00Z
32007,Kottayam,KL,pmgsy_road_connected,0.856,PMGSY_API,2026-09-01T00:00:00Z
32007,Kottayam,KL,swachh_odf_status,0.844,SWACHH_API,2026-09-01T00:00:00Z
32007,Kottayam,KL,udise_schools_per_1000,1.35,UDISE_API,2026-09-01T00:00:00Z
32007,Kottayam,KL,hospital_beds_per_1000,1.01,HEALTH_PORTAL,2026-09-01T00:00:00Z
32008,Kozhikode,KL,jjm_tap_coverage,0.555,JJM_API,2026-09-01T00:00:00Z
32008,Kozhikode,KL,pmgsy_road_connected,0.765,PMGSY_API,2026-09-01T00:00:00Z
32008,Kozhikode,KL,swachh_odf_status,0.931,SWACHH_API,2026-09-01T00:00:00Z
32008,Kozhikode,KL,udise_schools_per_1000,2.72,UDISE_API,2026-09-01T00:00:00Z
32008,Kozhikode,KL,hospital_beds_per_1000,1.84,HEALTH_PORTAL,2026-09-01T00:00:00Z
32009,Malappuram,KL,jjm_tap_coverage,0.587,JJM_API,2026-09-01T00:00:00Z
32009,Malappuram,KL,pmgsy_road_connected,0.605,PMGSY_API,2026-09-01T00:00:00Z
32009,Malappuram,KL,swachh_odf_status,0.852,SWACHH_API,2026-09-01T00:00:00Z
32009,Malappuram,KL,udise_schools_per_1000,2.31,UDISE_API,2026-09-01T00:00:00Z
32009,Malappuram,KL,hospital_beds_per_1000,2.24,HEALTH_PORTAL,2026-09-01T00:00:00Z
32010,Palakkad,KL,jjm_tap_coverage,0.785,JJM_API,2026-09-01T00:00:00Z
32010,Palakkad,KL,pmgsy_road_connected,0.589,PMGSY_API,2026-09-01T00:00:00Z
32010,Palakkad,KL,swachh_odf_status,0.836,SWACHH_API,2026-09-01T00:00:00Z
32010,Palakkad,KL,udise_schools_per_1000,2.38,UDISE_API,2026-09-01T00:00:00Z
32010,Palakkad,KL,hospital_beds_per_1000,0.76,HEALTH_PORTAL,2026-09-01T00:00:00Z
32011,Pathanamthitta,KL,jjm_tap_coverage,0.499,JJM_API,2026-09-01T00:00:00Z
32011,Pathanamthitta,KL,pmgsy_road_connected,0.927,PMGSY_API,2026-09-01T00:00:00Z
32011,Pathanamthitta,KL,swachh_odf_status,0.827,SWACHH_API,2026-09-01T00:00:00Z
32011,Pathanamthitta,KL,udise_schools_per_1000,1.33,UDISE_API,2026-09-01T00:00:00Z
32011,Pathanamthitta,KL,hospital_beds_per_1000,1.65,HEALTH_PORTAL,2026-09-01T00:00:00Z
32012,Thiruvananthapuram,KL,jjm_tap_coverage,0.88,JJM_API,2026-09-01T00:00:00Z
32012,Thiruvananthapuram,KL,pmgsy_road_connected,0.689,PMGSY_API,2026-09-01T00:00:00Z
32012,Thiruvananthapuram,KL,swachh_odf_status,0.953,SWACHH_API,2026-09-01T00:00:00Z
32012,Thiruvananthapuram,KL,udise_schools_per_1000,1.74,UDISE_API,2026-09-01T00:00:00Z
32012,Thiruvananthapuram,KL,hospital_beds_per_1000,2.43,HEALTH_PORTAL,2026-09-01T00:00:00Z
32013,Thrissur,KL,jjm_tap_coverage,0.615,JJM_API,2026-09-01T00:00:00Z
32013,Thrissur,KL,pmgsy_road_connected,0.802,PMGSY_API,2026-09-01T00:00:00Z
32013,Thrissur,KL,swachh_odf_status,0.842,SWACHH_API,2026-09-01T00:00:00Z
32013,Thrissur,KL,udise_schools_per_1000,1.56,UDISE_API,2026-09-01T00:00:00Z
32013,Thrissur,KL,hospital_beds_per_1000,0.79,HEALTH_PORTAL,2026-09-01T00:00:00Z
32014,Wayanad,KL,jjm_tap_coverage,0.816,JJM_API,2026-09-01T00:00:00Z
32014,Wayanad,KL,pmgsy_road_connected,0.631,PMGSY_API,2026-09-01T00:00:00Z
32014,Wayanad,KL,swachh_odf_status,0.997,SWACHH_API,2026-09-01T00:00:00Z
32014,Wayanad,KL,udise_schools_per_1000,2.46,UDISE_API,2026-09-01T00:00:00Z
32014,Wayanad,KL,hospital_beds_per_1000,1.55,HEALTH_PORTAL,2026-09-01T00:00:00Z
23001,Agar Malwa,MP,jjm_tap_coverage,0.689,JJM_API,2026-09-01T00:00:00Z
23001,Agar Malwa,MP,pmgsy_road_connected,0.777,PMGSY_API,2026-09-01T00:00:00Z
23001,Agar Malwa,MP,swachh_odf_status,1.0,SWACHH_API,2026-09-01T00:00:00Z
23001,Agar Malwa,MP,udise_schools_per_1000,2.61,UDISE_API,2026-09-01T00:00:00Z
23001,Agar Malwa,MP,hospital_beds_per_1000,1.93,HEALTH_PORTAL,2026-09-01T00:00:00Z
23002,Alirajpur,MP,jjm_tap_coverage,0.953,JJM_API,2026-09-01T00:00:00Z
23002,Alirajpur,MP,pmgsy_road_connected,0.736,PMGSY_API,2026-09-01T00:00:00Z
23002,Alirajpur,MP,swachh_odf_status,0.863,SWACHH_API,2026-09-01T00:00:00Z
23002,Alirajpur,MP,udise_schools_per_1000,1.73,UDISE_API,2026-09-01T00:00:00Z
23002,Alirajpur,MP,hospital_beds_per_1000,0.82,HEALTH_PORTAL,2026-09-01T00:00:00Z
23003,Anuppur,MP,jjm_tap_coverage,0.423,JJM_API,2026-09-01T00:00:00Z
23003,Anuppur,MP,pmgsy_road_connected,0.942,PMGSY_API,2026-09-01T00:00:00Z
23003,Anuppur,MP,swachh_odf_status,0.821,SWACHH_API,2026-09-01T00:00:00Z
23003,Anuppur,MP,udise_schools_per_1000,1.7,UDISE_API,2026-09-01T00:00:00Z
23003,Anuppur,MP,hospital_beds_per_1000,0.79,HEALTH_PORTAL,2026-09-01T00:00:00Z
23004,Ashoknagar,MP,jjm_tap_coverage,0.526,JJM_API,2026-09-01T00:00:00Z
23004,Ashoknagar,MP,pmgsy_road_connected,0.568,PMGSY_API,2026-09-01T00:00:00Z
23004,Ashoknagar,MP,swachh_odf_status,0.867,SWACHH_API,2026-09-01T00:00:00Z
23004,Ashoknagar,MP,udise_schools_per_1000,2.36,UDISE_API,2026-09-01T00:00:00Z
23004,Ashoknagar,MP,hospital_beds_per_1000,2.31,HEALTH_PORTAL,2026-09-01T00:00:00Z
23005,Balaghat,MP,jjm_tap_coverage,0.8,JJM_API,2026-09-01T00:00:00Z
23005,Balaghat,MP,pmgsy_road_connected,0.701,PMGSY_API,2026-09-01T00:00:00Z
23005,Balaghat,MP,swachh_odf_status,0.995,SWACHH_API,2026-09-01T00:00:00Z
23005,Balaghat,MP,udise_schools_per_1000,2.35,UDISE_API,2026-09-01T00:00:00Z
23005,Balaghat,MP,hospital_beds_per_1000,1.43,HEALTH_PORTAL,2026-09-01T00:00:00Z
23006,Barwani,MP,jjm_tap_coverage,0.975,JJM_API,2026-09-01T00:00:00Z
23006,Barwani,MP,pmgsy_road_connected,0.959,PMGSY_API,2026-09-01T00:00:00Z
23006,Barwani,MP,swachh_odf_status,0.874,SWACHH_API,2026-09-01T00:00:00Z
23006,Barwani,MP,udise_schools_per_1000,2.15,UDISE_API,2026-09-01T00:00:00Z
23006,Barwani,MP,hospital_beds_per_1000,0.77,HEALTH_PORTAL,2026-09-01T00:00:00Z
23007,Betul,MP,jjm_tap_coverage,0.524,JJM_API,2026-09-01T00:00:00Z
23007,Betul,MP,pmgsy_road_connected,0.967,PMGSY_API,2026-09-01T00:00:00Z
23007,Betul,MP,swachh_odf_status,0.86,SWACHH_API,2026-09-01T00:00:00Z
23007,Betul,MP,udise_schools_per_1000,1.62,UDISE_API,2026-09-01T00:00:00Z
23007,Betul,MP,hospital_beds_per_1000,0.78,HEALTH_PORTAL,2026-09-01T00:00:00Z
23008,Bhind,MP,jjm_tap_coverage,0.767,JJM_API,2026-09-01T00:00:00Z
23008,Bhind,MP,pmgsy_road_connected,0.683,PMGSY_API,2026-09-01T00:00:00Z
23008,Bhind,MP,swachh_odf_status,0.884,SWACHH_API,2026-09-01T00:00:00Z
23008,Bhind,MP,udise_schools_per_1000,2.39,UDISE_API,2026-09-01T00:00:00Z
23008,Bhind,MP,hospital_beds_per_1000,1.61,HEALTH_PORTAL,2026-09-01T00:00:00Z
23009,Bhopal,MP,jjm_tap_coverage,0.835,JJM_API,2026-09-01T00:00:00Z
23009,Bhopal,MP,pmgsy_road_connected,0.725,PMGSY_API,2026-09-01T00:00:00Z
23009,Bhopal,MP,swachh_odf_status,0.931,SWACHH_API,2026-09-01T00:00:00Z
23009,Bhopal,MP,udise_schools_per_1000,2.58,UDISE_API,2026-09-01T00:00:00Z
23009,Bhopal,MP,hospital_beds_per_1000,2.45,HEALTH_PORTAL,2026-09-01T00:00:00Z
23010,Burhanpur,MP,jjm_tap_coverage,0.948,JJM_API,2026-09-01T00:00:00Z
23010,Burhanpur,MP,pmgsy_road_connected,0.672,PMGSY_API,2026-09-01T00:00:00Z
23010,Burhanpur,MP,swachh_odf_status,0.809,SWACHH_API,2026-09-01T00:00:00Z
23010,Burhanpur,MP,udise_schools_per_1000,2.58,UDISE_API,2026-09-01T00:00:00Z
23010,Burhanpur,MP,hospital_beds_per_1000,0.7,HEALTH_PORTAL,2026-09-01T00:00:00Z
23011,Chhatarpur,MP,jjm_tap_coverage,0.48,JJM_API,2026-09-01T00:00:00Z
23011,Chhatarpur,MP,pmgsy_road_connected,0.878,PMGSY_API,2026-09-01T00:00:00Z
23011,Chhatarpur,MP,swachh_odf_status,0.864,SWACHH_API,2026-09-01T00:00:00Z
23011,Chhatarpur,MP,udise_schools_per_1000,2.21,UDISE_API,2026-09-01T00:00:00Z
23011,Chhatarpur,MP,hospital_beds_per_1000,2.25,HEALTH_PORTAL,2026-09-01T00:00:00Z
23012,Chhindwara,MP,jjm_tap_coverage,0.878,JJM_API,2026-09-01T00:00:00Z
23012,Chhindwara,MP,pmgsy_road_connected,0.852,PMGSY_API,2026-09-01T00:00:00Z
23012,Chhindwara,MP,swachh_odf_status,0.821,SWACHH_API,2026-09-01T00:00:00Z
23012,Chhindwara,MP,udise_schools_per_1000,1.34,UDISE_API,2026-09-01T00:00:00Z
23012,Chhindwara,MP,hospital_beds_per_1000,1.41,HEALTH_PORTAL,2026-09-01T00:00:00Z
23013,Damoh,MP,jjm_tap_coverage,0.898,JJM_API,2026-09-01T00:00:00Z
23013,Damoh,MP,pmgsy_road_connected,0.587,PMGSY_API,2026-09-01T00:00:00Z
23013,Damoh,MP,swachh_odf_status,0.811,SWACHH_API,2026-09-01T00:00:00Z
23013,Damoh,MP,udise_schools_per_1000,2.39,UDISE_API,2026-09-01T00:00:00Z
23013,Damoh,MP,hospital_beds_per_1000,2.3,HEALTH_PORTAL,2026-09-01T00:00:00Z
23014,Datia,MP,jjm_tap_coverage,0.695,JJM_API,2026-09-01T00:00:00Z
23014,Datia,MP,pmgsy_road_connected,0.986,PMGSY_API,2026-09-01T00:00:00Z
23014,Datia,MP,swachh_odf_status,0.829,SWACHH_API,2026-09-01T00:00:00Z
23014,Datia,MP,udise_schools_per_1000,2.73,UDISE_API,2026-09-01T00:00:00Z
23014,Datia,MP,hospital_beds_per_1000,1.14,HEALTH_PORTAL,2026-09-01T00:00:00Z
23015,Dewas,MP,jjm_tap_coverage,0.903,JJM_API,2026-09-01T00:00:00Z
23015,Dewas,MP,pmgsy_road_connected,0.98,PMGSY_API,2026-09-01T00:00:00Z
23015,Dewas,MP,swachh_odf_status,0.951,SWACHH_API,2026-09-01T00:00:00Z
23015,Dewas,MP,udise_schools_per_1000,1.35,UDISE_API,2026-09-01T00:00:00Z
23015,Dewas,MP,hospital_beds_per_1000,0.88,HEALTH_PORTAL,2026-09-01T00:00:00Z
23016,Dhar,MP,jjm_tap_coverage,0.718,JJM_API,2026-09-01T00:00:00Z
23016,Dhar,MP,pmgsy_road_connected,0.911,PMGSY_API,2026-09-01T00:00:00Z
23016,Dhar,MP,swachh_odf_status,0.865,SWACHH_API,2026-09-01T00:00:00Z
23016,Dhar,MP,udise_schools_per_1000,2.09,UDISE_API,2026-09-01T00:00:00Z
23016,Dhar,MP,hospital_beds_per_1000,1.4,HEALTH_PORTAL,2026-09-01T00:00:00Z
23017,Dindori,MP,jjm_tap_coverage,0.838,JJM_API,2026-09-01T00:00:00Z
23017,Dindori,MP,pmgsy_road_connected,0.602,PMGSY_API,2026-09-01T00:00:00Z
23017,Dindori,MP,swachh_odf_status,0.933,SWACHH_API,2026-09-01T00:00:00Z
23017,Dindori,MP,udise_schools_per_1000,1.34,UDISE_API,2026-09-01T00:00:00Z
23017,Dindori,MP,hospital_beds_per_1000,1.99,HEALTH_PORTAL,2026-09-01T00:00:00Z
23018,Guna,MP,jjm_tap_coverage,0.581,JJM_API,2026-09-01T00:00:00Z
23018,Guna,MP,pmgsy_road_connected,0.619,PMGSY_API,2026-09-01T00:00:00Z
23018,Guna,MP,swachh_odf_status,0.974,SWACHH_API,2026-09-01T00:00:00Z
23018,Guna,MP,udise_schools_per_1000,1.15,UDISE_API,2026-09-01T00:00:00Z
23018,Guna,MP,hospital_beds_per_1000,2.03,HEALTH_PORTAL,2026-09-01T00:00:00Z
23019,Gwalior,MP,jjm_tap_coverage,0.877,JJM_API,2026-09-01T00:00:00Z
23019,Gwalior,MP,pmgsy_road_connected,0.756,PMGSY_API,2026-09-01T00:00:00Z
23019,Gwalior,MP,swachh_odf_status,0.849,SWACHH_API,2026-09-01T00:00:00Z
23019,Gwalior,MP,udise_schools_per_1000,2.19,UDISE_API,2026-09-01T00:00:00Z
23019,Gwalior,MP,hospital_beds_per_1000,2.17,HEALTH_PORTAL,2026-09-01T00:00:00Z
23020,Harda,MP,jjm_tap_coverage,0.446,JJM_API,2026-09-01T00:00:00Z
23020,Harda,MP,pmgsy_road_connected,0.688,PMGSY_API,2026-09-01T00:00:00Z
23020,Harda,MP,swachh_odf_status,0.988,SWACHH_API,2026-09-01T00:00:00Z
23020,Harda,MP,udise_schools_per_1000,1.11,UDISE_API,2026-09-01T00:00:00Z
23020,Harda,MP,hospital_beds_per_1000,1.28,HEALTH_PORTAL,2026-09-01T00:00:00Z
23021,Hoshangabad,MP,jjm_tap_coverage,0.915,JJM_API,2026-09-01T00:00:00Z
23021,Hoshangabad,MP,pmgsy_road_connected,0.905,PMGSY_API,2026-09-01T00:00:00Z
23021,Hoshangabad,MP,swachh_odf_status,0.924,SWACHH_API,2026-09-01T00:00:00Z
23021,Hoshangabad,MP,udise_schools_per_1000,2.41,UDISE_API,2026-09-01T00:00:00Z
23021,Hoshangabad,MP,hospital_beds_per_1000,0.91,HEALTH_PORTAL,2026-09-01T00:00:00Z
23022,Indore,MP,jjm_tap_coverage,0.726,JJM_API,2026-09-01T00:00:00Z
23022,Indore,MP,pmgsy_road_connected,0.976,PMGSY_API,2026-09-01T00:00:00Z
23022,Indore,MP,swachh_odf_status,0.952,SWACHH_API,2026-09-01T00:00:00Z
23022,Indore,MP,udise_schools_per_1000,1.25,UDISE_API,2026-09-01T00:00:00Z
23022,Indore,MP,hospital_beds_per_1000,0.78,HEALTH_PORTAL,2026-09-01T00:00:00Z
23023,Jabalpur,MP,jjm_tap_coverage,0.893,JJM_API,2026-09-01T00:00:00Z
23023,Jabalpur,MP,pmgsy_road_connected,0.969,PMGSY_API,2026-09-01T00:00:00Z
23023,Jabalpur,MP,swachh_odf_status,0.862,SWACHH_API,2026-09-01T00:00:00Z
23023,Jabalpur,MP,udise_schools_per_1000,2.26,UDISE_API,2026-09-01T00:00:00Z
23023,Jabalpur,MP,hospital_beds_per_1000,1.56,HEALTH_PORTAL,2026-09-01T00:00:00Z
23024,Jhabua,MP,jjm_tap_coverage,0.934,JJM_API,2026-09-01T00:00:00Z
23024,Jhabua,MP,pmgsy_road_connected,0.956,PMGSY_API,2026-09-01T00:00:00Z
23024,Jhabua,MP,swachh_odf_status,0.949,SWACHH_API,2026-09-01T00:00:00Z
23024,Jhabua,MP,udise_schools_per_1000,1.44,UDISE_API,2026-09-01T00:00:00Z
23024,Jhabua,MP,hospital_beds_per_1000,1.22,HEALTH_PORTAL,2026-09-01T00:00:00Z
23025,Katni,MP,jjm_tap_coverage,0.776,JJM_API,2026-09-01T00:00:00Z
23025,Katni,MP,pmgsy_road_connected,0.587,PMGSY_API,2026-09-01T00:00:00Z
23025,Katni,MP,swachh_odf_status,0.795,SWACHH_API,2026-09-01T00:00:00Z
23025,Katni,MP,udise_schools_per_1000,1.79,UDISE_API,2026-09-01T00:00:00Z
23025,Katni,MP,hospital_beds_per_1000,1.17,HEALTH_PORTAL,2026-09-01T00:00:00Z
23026,Khandwa,MP,jjm_tap_coverage,0.464,JJM_API,2026-09-01T00:00:00Z
23026,Khandwa,MP,pmgsy_road_connected,0.844,PMGSY_API,2026-09-01T00:00:00Z
23026,Khandwa,MP,swachh_odf_status,0.916,SWACHH_API,2026-09-01T00:00:00Z
23026,Khandwa,MP,udise_schools_per_1000,1.65,UDISE_API,2026-09-01T00:00:00Z
23026,Khandwa,MP,hospital_beds_per_1000,2.47,HEALTH_PORTAL,2026-09-01T00:00:00Z
23027,Khargone,MP,jjm_tap_coverage,0.757,JJM_API,2026-09-01T00:00:00Z
23027,Khargone,MP,pmgsy_road_connected,0.645,PMGSY_API,2026-09-01T00:00:00Z
23027,Khargone,MP,swachh_odf_status,0.826,SWACHH_API,2026-09-01T00:00:00Z
23027,Khargone,MP,udise_schools_per_1000,1.42,UDISE_API,2026-09-01T00:00:00Z
23027,Khargone,MP,hospital_beds_per_1000,1.89,HEALTH_PORTAL,2026-09-01T00:00:00Z
23028,Mandla,MP,jjm_tap_coverage,0.775,JJM_API,2026-09-01T00:00:00Z
23028,Mandla,MP,pmgsy_road_connected,0.859,PMGSY_API,2026-09-01T00:00:00Z
23028,Mandla,MP,swachh_odf_status,0.986,SWACHH_API,2026-09-01T00:00:00Z
23028,Mandla,MP,udise_schools_per_1000,2.64,UDISE_API,2026-09-01T00:00:00Z
23028,Mandla,MP,hospital_beds_per_1000,0.79,HEALTH_PORTAL,2026-09-01T00:00:00Z
23029,Mandsaur,MP,jjm_tap_coverage,0.424,JJM_API,2026-09-01T00:00:00Z
23029,Mandsaur,MP,pmgsy_road_connected,0.715,PMGSY_API,2026-09-01T00:00:00Z
23029,Mandsaur,MP,swachh_odf_status,0.829,SWACHH_API,2026-09-01T00:00:00Z
23029,Mandsaur,MP,udise_schools_per_1000,1.58,UDISE_API,2026-09-01T00:00:00Z
23029,Mandsaur,MP,hospital_beds_per_1000,2.27,HEALTH_PORTAL,2026-09-01T00:00:00Z
23030,Morena,MP,jjm_tap_coverage,0.492,JJM_API,2026-09-01T00:00:00Z
23030,Morena,MP,pmgsy_road_connected,0.83,PMGSY_API,2026-09-01T00:00:00Z
23030,Morena,MP,swachh_odf_status,0.995,SWACHH_API,2026-09-01T00:00:00Z
23030,Morena,MP,udise_schools_per_1000,1.4,UDISE_API,2026-09-01T00:00:00Z
23030,Morena,MP,hospital_beds_per_1000,2.32,HEALTH_PORTAL,2026-09-01T00:00:00Z
23031,Narsinghpur,MP,jjm_tap_coverage,0.971,JJM_API,2026-09-01T00:00:00Z
23031,Narsinghpur,MP,pmgsy_road_connected,0.829,PMGSY_API,2026-09-01T00:00:00Z
23031,Narsinghpur,MP,swachh_odf_status,0.951,SWACHH_API,2026-09-01T00:00:00Z
23031,Narsinghpur,MP,udise_schools_per_1000,1.42,UDISE_API,2026-09-01T00:00:00Z
23031,Narsinghpur,MP,hospital_beds_per_1000,1.84,HEALTH_PORTAL,2026-09-01T00:00:00Z
23032,Neemuch,MP,jjm_tap_coverage,0.476,JJM_API,2026-09-01T00:00:00Z
23032,Neemuch,MP,pmgsy_road_connected,0.9,PMGSY_API,2026-09-01T00:00:00Z
23032,Neemuch,MP,swachh_odf_status,0.871,SWACHH_API,2026-09-01T00:00:00Z
23032,Neemuch,MP,udise_schools_per_1000,1.93,UDISE_API,2026-09-01T00:00:00Z
23032,Neemuch,MP,hospital_beds_per_1000,1.79,HEALTH_PORTAL,2026-09-01T00:00:00Z
23033,Niwari,MP,jjm_tap_coverage,0.846,JJM_API,2026-09-01T00:00:00Z
23033,Niwari,MP,pmgsy_road_connected,0.645,PMGSY_API,2026-09-01T00:00:00Z
23033,Niwari,MP,swachh_odf_status,0.86,SWACHH_API,2026-09-01T00:00:00Z
23033,Niwari,MP,udise_schools_per_1000,2.63,UDISE_API,2026-09-01T00:00:00Z
23033,Niwari,MP,hospital_beds_per_1000,0.66,HEALTH_PORTAL,2026-09-01T00:00:00Z
23034,Panna,MP,jjm_tap_coverage,0.954,JJM_API,2026-09-01T00:00:00Z
23034,Panna,MP,pmgsy_road_connected,0.765,PMGSY_API,2026-09-01T00:00:00Z
23034,Panna,MP,swachh_odf_status,0.974,SWACHH_API,2026-09-01T00:00:00Z
23034,Panna,MP,udise_schools_per_1000,1.82,UDISE_API,2026-09-01T00:00:00Z
23034,Panna,MP,hospital_beds_per_1000,2.02,HEALTH_PORTAL,2026-09-01T00:00:00Z
23035,Raisen,MP,jjm_tap_coverage,0.788,JJM_API,2026-09-01T00:00:00Z
23035,Raisen,MP,pmgsy_road_connected,0.714,PMGSY_API,2026-09-01T00:00:00Z
23035,Raisen,MP,swachh_odf_status,0.951,SWACHH_API,2026-09-01T00:00:00Z
23035,Raisen,MP,udise_schools_per_1000,1.31,UDISE_API,2026-09-01T00:00:00Z
23035,Raisen,MP,hospital_beds_per_1000,1.21,HEALTH_PORTAL,2026-09-01T00:00:00Z
23036,Rajgarh,MP,jjm_tap_coverage,0.975,JJM_API,2026-09-01T00:00:00Z
23036,Rajgarh,MP,pmgsy_road_connected,0.735,PMGSY_API,2026-09-01T00:00:00Z
23036,Rajgarh,MP,swachh_odf_status,0.807,SWACHH_API,2026-09-01T00:00:00Z
23036,Rajgarh,MP,udise_schools_per_1000,1.39,UDISE_API,2026-09-01T00:00:00Z
23036,Rajgarh,MP,hospital_beds_per_1000,1.22,HEALTH_PORTAL,2026-09-01T00:00:00Z
23037,Ratlam,MP,jjm_tap_coverage,0.763,JJM_API,2026-09-01T00:00:00Z
23037,Ratlam,MP,pmgsy_road_connected,0.723,PMGSY_API,2026-09-01T00:00:00Z
23037,Ratlam,MP,swachh_odf_status,0.933,SWACHH_API,2026-09-01T00:00:00Z
23037,Ratlam,MP,udise_schools_per_1000,1.87,UDISE_API,2026-09-01T00:00:00Z
23037,Ratlam,MP,hospital_beds_per_1000,2.21,HEALTH_PORTAL,2026-09-01T00:00:00Z
23038,Rewa,MP,jjm_tap_coverage,0.568,JJM_API,2026-09-01T00:00:00Z
23038,Rewa,MP,pmgsy_road_connected,0.853,PMGSY_API,2026-09-01T00:00:00Z
23038,Rewa,MP,swachh_odf_status,0.954,SWACHH_API,2026-09-01T00:00:00Z
23038,Rewa,MP,udise_schools_per_1000,1.75,UDISE_API,2026-09-01T00:00:00Z
23038,Rewa,MP,hospital_beds_per_1000,1.93,HEALTH_PORTAL,2026-09-01T00:00:00Z
23039,Sagar,MP,jjm_tap_coverage,0.809,JJM_API,2026-09-01T00:00:00Z
23039,Sagar,MP,pmgsy_road_connected,0.583,PMGSY_API,2026-09-01T00:00:00Z
23039,Sagar,MP,swachh_odf_status,0.889,SWACHH_API,2026-09-01T00:00:00Z
23039,Sagar,MP,udise_schools_per_1000,1.46,UDISE_API,2026-09-01T00:00:00Z
23039,Sagar,MP,hospital_beds_per_1000,1.87,HEALTH_PORTAL,2026-09-01T00:00:00Z
23040,Satna,MP,jjm_tap_coverage,0.953,JJM_API,2026-09-01T00:00:00Z
23040,Satna,MP,pmgsy_road_connected,0.804,PMGSY_API,2026-09-01T00:00:00Z
23040,Satna,MP,swachh_odf_status,0.802,SWACHH_API,2026-09-01T00:00:00Z
23040,Satna,MP,udise_schools_per_1000,1.88,UDISE_API,2026-09-01T00:00:00Z
23040,Satna,MP,hospital_beds_per_1000,0.8,HEALTH_PORTAL,2026-09-01T00:00:00Z
23041,Sehore,MP,jjm_tap_coverage,0.71,JJM_API,2026-09-01T00:00:00Z
23041,Sehore,MP,pmgsy_road_connected,0.598,PMGSY_API,2026-09-01T00:00:00Z
23041,Sehore,MP,swachh_odf_status,0.791,SWACHH_API,2026-09-01T00:00:00Z
23041,Sehore,MP,udise_schools_per_1000,1.52,UDISE_API,2026-09-01T00:00:00Z
23041,Sehore,MP,hospital_beds_per_1000,0.81,HEALTH_PORTAL,2026-09-01T00:00:00Z
23042,Seoni,MP,jjm_tap_coverage,0.834,JJM_API,2026-09-01T00:00:00Z
23042,Seoni,MP,pmgsy_road_connected,0.925,PMGSY_API,2026-09-01T00:00:00Z
23042,Seoni,MP,swachh_odf_status,0.931,SWACHH_API,2026-09-01T00:00:00Z
23042,Seoni,MP,udise_schools_per_1000,1.39,UDISE_API,2026-09-01T00:00:00Z
23042,Seoni,MP,hospital_beds_per_1000,1.89,HEALTH_PORTAL,2026-09-01T00:00:00Z
23043,Shahdol,MP,jjm_tap_coverage,0.843,JJM_API,2026-09-01T00:00:00Z
23043,Shahdol,MP,pmgsy_road_connected,0.891,PMGSY_API,2026-09-01T00:00:00Z
23043,Shahdol,MP,swachh_odf_status,0.802,SWACHH_API,2026-09-01T00:00:00Z
23043,Shahdol,MP,udise_schools_per_1000,2.47,UDISE_API,2026-09-01T00:00:00Z
23043,Shahdol,MP,hospital_beds_per_1000,1.24,HEALTH_PORTAL,2026-09-01T00:00:00Z
23044,Shajapur,MP,jjm_tap_coverage,0.743,JJM_API,2026-09-01T00:00:00Z
23044,Shajapur,MP,pmgsy_road_connected,0.856,PMGSY_API,2026-09-01T00:00:00Z
23044,Shajapur,MP,swachh_odf_status,0.875,SWACHH_API,2026-09-01T00:00:00Z
23044,Shajapur,MP,udise_schools_per_1000,1.45,UDISE_API,2026-09-01T00:00:00Z
23044,Shajapur,MP,hospital_beds_per_1000,0.77,HEALTH_PORTAL,2026-09-01T00:00:00Z
23045,Sheopur,MP,jjm_tap_coverage,0.582,JJM_API,2026-09-01T00:00:00Z
23045,Sheopur,MP,pmgsy_road_connected,0.977,PMGSY_API,2026-09-01T00:00:00Z
23045,Sheopur,MP,swachh_odf_status,0.89,SWACHH_API,2026-09-01T00:00:00Z
23045,Sheopur,MP,udise_schools_per_1000,2.27,UDISE_API,2026-09-01T00:00:00Z
23045,Sheopur,MP,hospital_beds_per_1000,1.49,HEALTH_PORTAL,2026-09-01T00:00:00Z
23046,Shivpuri,MP,jjm_tap_coverage,0.819,JJM_API,2026-09-01T00:00:00Z
23046,Shivpuri,MP,pmgsy_road_connected,0.613,PMGSY_API,2026-09-01T00:00:00Z
23046,Shivpuri,MP,swachh_odf_status,0.941,SWACHH_API,2026-09-01T00:00:00Z
23046,Shivpuri,MP,udise_schools_per_1000,1.83,UDISE_API,2026-09-01T00:00:00Z
23046,Shivpuri,MP,hospital_beds_per_1000,2.34,HEALTH_PORTAL,2026-09-01T00:00:00Z
23047,Sidhi,MP,jjm_tap_coverage,0.726,JJM_API,2026-09-01T00:00:00Z
23047,Sidhi,MP,pmgsy_road_connected,0.715,PMGSY_API,2026-09-01T00:00:00Z
23047,Sidhi,MP,swachh_odf_status,0.973,SWACHH_API,2026-09-01T00:00:00Z
23047,Sidhi,MP,udise_schools_per_1000,1.84,UDISE_API,2026-09-01T00:00:00Z
23047,Sidhi,MP,hospital_beds_per_1000,0.86,HEALTH_PORTAL,2026-09-01T00:00:00Z
23048,Singrauli,MP,jjm_tap_coverage,0.646,JJM_API,2026-09-01T00:00:00Z
23048,Singrauli,MP,pmgsy_road_connected,0.553,PMGSY_API,2026-09-01T00:00:00Z
23048,Singrauli,MP,swachh_odf_status,0.958,SWACHH_API,2026-09-01T00:00:00Z
23048,Singrauli,MP,udise_schools_per_1000,2.59,UDISE_API,2026-09-01T00:00:00Z
23048,Singrauli,MP,hospital_beds_per_1000,1.47,HEALTH_PORTAL,2026-09-01T00:00:00Z
23049,Tikamgarh,MP,jjm_tap_coverage,0.871,JJM_API,2026-09-01T00:00:00Z
23049,Tikamgarh,MP,pmgsy_road_connected,0.824,PMGSY_API,2026-09-01T00:00:00Z
23049,Tikamgarh,MP,swachh_odf_status,0.824,SWACHH_API,2026-09-01T00:00:00Z
23049,Tikamgarh,MP,udise_schools_per_1000,1.21,UDISE_API,2026-09-01T00:00:00Z
23049,Tikamgarh,MP,hospital_beds_per_1000,0.89,HEALTH_PORTAL,2026-09-01T00:00:00Z
23050,Ujjain,MP,jjm_tap_coverage,0.706,JJM_API,2026-09-01T00:00:00Z
23050,Ujjain,MP,pmgsy_road_connected,0.858,PMGSY_API,2026-09-01T00:00:00Z
23050,Ujjain,MP,swachh_odf_status,0.824,SWACHH_API,2026-09-01T00:00:00Z
23050,Ujjain,MP,udise_schools_per_1000,1.92,UDISE_API,2026-09-01T00:00:00Z
23050,Ujjain,MP,hospital_beds_per_1000,1.15,HEALTH_PORTAL,2026-09-01T00:00:00Z
23051,Umaria,MP,jjm_tap_coverage,0.62,JJM_API,2026-09-01T00:00:00Z
23051,Umaria,MP,pmgsy_road_connected,0.927,PMGSY_API,2026-09-01T00:00:00Z
23051,Umaria,MP,swachh_odf_status,0.891,SWACHH_API,2026-09-01T00:00:00Z
23051,Umaria,MP,udise_schools_per_1000,1.69,UDISE_API,2026-09-01T00:00:00Z
23051,Umaria,MP,hospital_beds_per_1000,1.94,HEALTH_PORTAL,2026-09-01T00:00:00Z
23052,Vidisha,MP,jjm_tap_coverage,0.615,JJM_API,2026-09-01T00:00:00Z
23052,Vidisha,MP,pmgsy_road_connected,0.822,PMGSY_API,2026-09-01T00:00:00Z
23052,Vidisha,MP,swachh_odf_status,0.869,SWACHH_API,2026-09-01T00:00:00Z
23052,Vidisha,MP,udise_schools_per_1000,1.18,UDISE_API,2026-09-01T00:00:00Z
23052,Vidisha,MP,hospital_beds_per_1000,2.22,HEALTH_PORTAL,2026-09-01T00:00:00Z
23053,Mauganj,MP,jjm_tap_coverage,0.6,JJM_API,2026-09-01T00:00:00Z
23053,Mauganj,MP,pmgsy_road_connected,0.857,PMGSY_API,2026-09-01T00:00:00Z
23053,Mauganj,MP,swachh_odf_status,0.863,SWACHH_API,2026-09-01T00:00:00Z
23053,Mauganj,MP,udise_schools_per_1000,2.78,UDISE_API,2026-09-01T00:00:00Z
23053,Mauganj,MP,hospital_beds_per_1000,1.69,HEALTH_PORTAL,2026-09-01T00:00:00Z
23054,Maihar,MP,jjm_tap_coverage,0.698,JJM_API,2026-09-01T00:00:00Z
23054,Maihar,MP,pmgsy_road_connected,0.916,PMGSY_API,2026-09-01T00:00:00Z
23054,Maihar,MP,swachh_odf_status,0.905,SWACHH_API,2026-09-01T00:00:00Z
23054,Maihar,MP,udise_schools_per_1000,1.91,UDISE_API,2026-09-01T00:00:00Z
23054,Maihar,MP,hospital_beds_per_1000,1.27,HEALTH_PORTAL,2026-09-01T00:00:00Z
23055,Pandhurna,MP,jjm_tap_coverage,0.742,JJM_API,2026-09-01T00:00:00Z
23055,Pandhurna,MP,pmgsy_road_connected,0.925,PMGSY_API,2026-09-01T00:00:00Z
23055,Pandhurna,MP,swachh_odf_status,0.985,SWACHH_API,2026-09-01T00:00:00Z
23055,Pandhurna,MP,udise_schools_per_1000,1.95,UDISE_API,2026-09-01T00:00:00Z
23055,Pandhurna,MP,hospital_beds_per_1000,1.36,HEALTH_PORTAL,2026-09-01T00:00:00Z
27001,Ahmednagar,MH,jjm_tap_coverage,0.614,JJM_API,2026-09-01T00:00:00Z
27001,Ahmednagar,MH,pmgsy_road_connected,0.581,PMGSY_API,2026-09-01T00:00:00Z
27001,Ahmednagar,MH,swachh_odf_status,0.872,SWACHH_API,2026-09-01T00:00:00Z
27001,Ahmednagar,MH,udise_schools_per_1000,2.36,UDISE_API,2026-09-01T00:00:00Z
27001,Ahmednagar,MH,hospital_beds_per_1000,2.37,HEALTH_PORTAL,2026-09-01T00:00:00Z
27002,Akola,MH,jjm_tap_coverage,0.813,JJM_API,2026-09-01T00:00:00Z
27002,Akola,MH,pmgsy_road_connected,0.792,PMGSY_API,2026-09-01T00:00:00Z
27002,Akola,MH,swachh_odf_status,0.805,SWACHH_API,2026-09-01T00:00:00Z
27002,Akola,MH,udise_schools_per_1000,1.3,UDISE_API,2026-09-01T00:00:00Z
27002,Akola,MH,hospital_beds_per_1000,1.77,HEALTH_PORTAL,2026-09-01T00:00:00Z
27003,Amravati,MH,jjm_tap_coverage,0.493,JJM_API,2026-09-01T00:00:00Z
27003,Amravati,MH,pmgsy_road_connected,0.725,PMGSY_API,2026-09-01T00:00:00Z
27003,Amravati,MH,swachh_odf_status,0.925,SWACHH_API,2026-09-01T00:00:00Z
27003,Amravati,MH,udise_schools_per_1000,2.22,UDISE_API,2026-09-01T00:00:00Z
27003,Amravati,MH,hospital_beds_per_1000,0.75,HEALTH_PORTAL,2026-09-01T00:00:00Z
27004,Chhatrapati Sambhajinagar,MH,jjm_tap_coverage,0.591,JJM_API,2026-09-01T00:00:00Z
27004,Chhatrapati Sambhajinagar,MH,pmgsy_road_connected,0.793,PMGSY_API,2026-09-01T00:00:00Z
27004,Chhatrapati Sambhajinagar,MH,swachh_odf_status,0.807,SWACHH_API,2026-09-01T00:00:00Z
27004,Chhatrapati Sambhajinagar,MH,udise_schools_per_1000,2.33,UDISE_API,2026-09-01T00:00:00Z
27004,Chhatrapati Sambhajinagar,MH,hospital_beds_per_1000,2.1,HEALTH_PORTAL,2026-09-01T00:00:00Z
27005,Beed,MH,jjm_tap_coverage,0.409,JJM_API,2026-09-01T00:00:00Z
27005,Beed,MH,pmgsy_road_connected,0.783,PMGSY_API,2026-09-01T00:00:00Z
27005,Beed,MH,swachh_odf_status,0.841,SWACHH_API,2026-09-01T00:00:00Z
27005,Beed,MH,udise_schools_per_1000,1.42,UDISE_API,2026-09-01T00:00:00Z
27005,Beed,MH,hospital_beds_per_1000,0.74,HEALTH_PORTAL,2026-09-01T00:00:00Z
27006,Bhandara,MH,jjm_tap_coverage,0.958,JJM_API,2026-09-01T00:00:00Z
27006,Bhandara,MH,pmgsy_road_connected,0.756,PMGSY_API,2026-09-01T00:00:00Z
27006,Bhandara,MH,swachh_odf_status,0.998,SWACHH_API,2026-09-01T00:00:00Z
27006,Bhandara,MH,udise_schools_per_1000,1.5,UDISE_API,2026-09-01T00:00:00Z
27006,Bhandara,MH,hospital_beds_per_1000,2.32,HEALTH_PORTAL,2026-09-01T00:00:00Z
27007,Buldhana,MH,jjm_tap_coverage,0.777,JJM_API,2026-09-01T00:00:00Z
27007,Buldhana,MH,pmgsy_road_connected,0.795,PMGSY_API,2026-09-01T00:00:00Z
27007,Buldhana,MH,swachh_odf_status,0.87,SWACHH_API,2026-09-01T00:00:00Z
27007,Buldhana,MH,udise_schools_per_1000,2.09,UDISE_API,2026-09-01T00:00:00Z
27007,Buldhana,MH,hospital_beds_per_1000,0.75,HEALTH_PORTAL,2026-09-01T00:00:00Z
27008,Chandrapur,MH,jjm_tap_coverage,0.429,JJM_API,2026-09-01T00:00:00Z
27008,Chandrapur,MH,pmgsy_road_connected,0.922,PMGSY_API,2026-09-01T00:00:00Z
27008,Chandrapur,MH,swachh_odf_status,0.967,SWACHH_API,2026-09-01T00:00:00Z
27008,Chandrapur,MH,udise_schools_per_1000,2.02,UDISE_API,2026-09-01T00:00:00Z
27008,Chandrapur,MH,hospital_beds_per_1000,0.68,HEALTH_PORTAL,2026-09-01T00:00:00Z
27009,Dhule,MH,jjm_tap_coverage,0.479,JJM_API,2026-09-01T00:00:00Z
27009,Dhule,MH,pmgsy_road_connected,0.643,PMGSY_API,2026-09-01T00:00:00Z
27009,Dhule,MH,swachh_odf_status,0.849,SWACHH_API,2026-09-01T00:00:00Z
27009,Dhule,MH,udise_schools_per_1000,2.32,UDISE_API,2026-09-01T00:00:00Z
27009,Dhule,MH,hospital_beds_per_1000,2.01,HEALTH_PORTAL,2026-09-01T00:00:00Z
27010,Gadchiroli,MH,jjm_tap_coverage,0.571,JJM_API,2026-09-01T00:00:00Z
27010,Gadchiroli,MH,pmgsy_road_connected,0.918,PMGSY_API,2026-09-01T00:00:00Z
27010,Gadchiroli,MH,swachh_odf_status,0.844,SWACHH_API,2026-09-01T00:00:00Z
27010,Gadchiroli,MH,udise_schools_per_1000,1.51,UDISE_API,2026-09-01T00:00:00Z
27010,Gadchiroli,MH,hospital_beds_per_1000,1.06,HEALTH_PORTAL,2026-09-01T00:00:00Z
27011,Gondia,MH,jjm_tap_coverage,0.759,JJM_API,2026-09-01T00:00:00Z
27011,Gondia,MH,pmgsy_road_connected,0.9,PMGSY_API,2026-09-01T00:00:00Z
27011,Gondia,MH,swachh_odf_status,0.855,SWACHH_API,2026-09-01T00:00:00Z
27011,Gondia,MH,udise_schools_per_1000,1.3,UDISE_API,2026-09-01T00:00:00Z
27011,Gondia,MH,hospital_beds_per_1000,1.38,HEALTH_PORTAL,2026-09-01T00:00:00Z
27012,Hingoli,MH,jjm_tap_coverage,0.81,JJM_API,2026-09-01T00:00:00Z
27012,Hingoli,MH,pmgsy_road_connected,0.656,PMGSY_API,2026-09-01T00:00:00Z
27012,Hingoli,MH,swachh_odf_status,0.845,SWACHH_API,2026-09-01T00:00:00Z
27012,Hingoli,MH,udise_schools_per_1000,1.67,UDISE_API,2026-09-01T00:00:00Z
27012,Hingoli,MH,hospital_beds_per_1000,2.17,HEALTH_PORTAL,2026-09-01T00:00:00Z
27013,Jalgaon,MH,jjm_tap_coverage,0.599,JJM_API,2026-09-01T00:00:00Z
27013,Jalgaon,MH,pmgsy_road_connected,0.628,PMGSY_API,2026-09-01T00:00:00Z
27013,Jalgaon,MH,swachh_odf_status,0.939,SWACHH_API,2026-09-01T00:00:00Z
27013,Jalgaon,MH,udise_schools_per_1000,1.57,UDISE_API,2026-09-01T00:00:00Z
27013,Jalgaon,MH,hospital_beds_per_1000,2.07,HEALTH_PORTAL,2026-09-01T00:00:00Z
27014,Jalna,MH,jjm_tap_coverage,0.339,JJM_API,2026-09-01T00:00:00Z
27014,Jalna,MH,pmgsy_road_connected,0.699,PMGSY_API,2026-09-01T00:00:00Z
27014,Jalna,MH,swachh_odf_status,0.844,SWACHH_API,2026-09-01T00:00:00Z
27014,Jalna,MH,udise_schools_per_1000,1.42,UDISE_API,2026-09-01T00:00:00Z
27014,Jalna,MH,hospital_beds_per_1000,0.74,HEALTH_PORTAL,2026-09-01T00:00:00Z
27015,Kolhapur,MH,jjm_tap_coverage,0.821,JJM_API,2026-09-01T00:00:00Z
27015,Kolhapur,MH,pmgsy_road_connected,0.954,PMGSY_API,2026-09-01T00:00:00Z
27015,Kolhapur,MH,swachh_odf_status,0.806,SWACHH_API,2026-09-01T00:00:00Z
27015,Kolhapur,MH,udise_schools_per_1000,2.61,UDISE_API,2026-09-01T00:00:00Z
27015,Kolhapur,MH,hospital_beds_per_1000,1.54,HEALTH_PORTAL,2026-09-01T00:00:00Z
27016,Latur,MH,jjm_tap_coverage,0.433,JJM_API,2026-09-01T00:00:00Z
27016,Latur,MH,pmgsy_road_connected,0.749,PMGSY_API,2026-09-01T00:00:00Z
27016,Latur,MH,swachh_odf_status,0.775,SWACHH_API,2026-09-01T00:00:00Z
27016,Latur,MH,udise_schools_per_1000,1.42,UDISE_API,2026-09-01T00:00:00Z
27016,Latur,MH,hospital_beds_per_1000,0.74,HEALTH_PORTAL,2026-09-01T00:00:00Z
27017,Mumbai City,MH,jjm_tap_coverage,0.691,JJM_API,2026-09-01T00:00:00Z
27017,Mumbai City,MH,pmgsy_road_connected,0.839,PMGSY_API,2026-09-01T00:00:00Z
27017,Mumbai City,MH,swachh_odf_status,0.82,SWACHH_API,2026-09-01T00:00:00Z
27017,Mumbai City,MH,udise_schools_per_1000,1.61,UDISE_API,2026-09-01T00:00:00Z
27017,Mumbai City,MH,hospital_beds_per_1000,1.04,HEALTH_PORTAL,2026-09-01T00:00:00Z
27018,Mumbai Suburban,MH,jjm_tap_coverage,0.757,JJM_API,2026-09-01T00:00:00Z
27018,Mumbai Suburban,MH,pmgsy_road_connected,0.852,PMGSY_API,2026-09-01T00:00:00Z
27018,Mumbai Suburban,MH,swachh_odf_status,0.786,SWACHH_API,2026-09-01T00:00:00Z
27018,Mumbai Suburban,MH,udise_schools_per_1000,1.56,UDISE_API,2026-09-01T00:00:00Z
27018,Mumbai Suburban,MH,hospital_beds_per_1000,1.01,HEALTH_PORTAL,2026-09-01T00:00:00Z
27019,Nagpur,MH,jjm_tap_coverage,0.952,JJM_API,2026-09-01T00:00:00Z
27019,Nagpur,MH,pmgsy_road_connected,0.559,PMGSY_API,2026-09-01T00:00:00Z
27019,Nagpur,MH,swachh_odf_status,0.863,SWACHH_API,2026-09-01T00:00:00Z
27019,Nagpur,MH,udise_schools_per_1000,2.43,UDISE_API,2026-09-01T00:00:00Z
27019,Nagpur,MH,hospital_beds_per_1000,1.23,HEALTH_PORTAL,2026-09-01T00:00:00Z
27020,Nanded,MH,jjm_tap_coverage,0.434,JJM_API,2026-09-01T00:00:00Z
27020,Nanded,MH,pmgsy_road_connected,0.828,PMGSY_API,2026-09-01T00:00:00Z
27020,Nanded,MH,swachh_odf_status,0.931,SWACHH_API,2026-09-01T00:00:00Z
27020,Nanded,MH,udise_schools_per_1000,1.16,UDISE_API,2026-09-01T00:00:00Z
27020,Nanded,MH,hospital_beds_per_1000,2.02,HEALTH_PORTAL,2026-09-01T00:00:00Z
27021,Nandurbar,MH,jjm_tap_coverage,0.533,JJM_API,2026-09-01T00:00:00Z
27021,Nandurbar,MH,pmgsy_road_connected,0.666,PMGSY_API,2026-09-01T00:00:00Z
27021,Nandurbar,MH,swachh_odf_status,0.924,SWACHH_API,2026-09-01T00:00:00Z
27021,Nandurbar,MH,udise_schools_per_1000,1.9,UDISE_API,2026-09-01T00:00:00Z
27021,Nandurbar,MH,hospital_beds_per_1000,1.15,HEALTH_PORTAL,2026-09-01T00:00:00Z
27022,Nashik,MH,jjm_tap_coverage,0.473,JJM_API,2026-09-01T00:00:00Z
27022,Nashik,MH,pmgsy_road_connected,0.624,PMGSY_API,2026-09-01T00:00:00Z
27022,Nashik,MH,swachh_odf_status,0.97,SWACHH_API,2026-09-01T00:00:00Z
27022,Nashik,MH,udise_schools_per_1000,1.93,UDISE_API,2026-09-01T00:00:00Z
27022,Nashik,MH,hospital_beds_per_1000,1.07,HEALTH_PORTAL,2026-09-01T00:00:00Z
27023,Dharashiv,MH,jjm_tap_coverage,0.377,JJM_API,2026-09-01T00:00:00Z
27023,Dharashiv,MH,pmgsy_road_connected,0.774,PMGSY_API,2026-09-01T00:00:00Z
27023,Dharashiv,MH,swachh_odf_status,0.849,SWACHH_API,2026-09-01T00:00:00Z
27023,Dharashiv,MH,udise_schools_per_1000,1.42,UDISE_API,2026-09-01T00:00:00Z
27023,Dharashiv,MH,hospital_beds_per_1000,0.74,HEALTH_PORTAL,2026-09-01T00:00:00Z
27024,Palghar,MH,jjm_tap_coverage,0.713,JJM_API,2026-09-01T00:00:00Z
27024,Palghar,MH,pmgsy_road_connected,0.821,PMGSY_API,2026-09-01T00:00:00Z
27024,Palghar,MH,swachh_odf_status,0.862,SWACHH_API,2026-09-01T00:00:00Z
27024,Palghar,MH,udise_schools_per_1000,2.21,UDISE_API,2026-09-01T00:00:00Z
27024,Palghar,MH,hospital_beds_per_1000,0.87,HEALTH_PORTAL,2026-09-01T00:00:00Z
27025,Parbhani,MH,jjm_tap_coverage,0.473,JJM_API,2026-09-01T00:00:00Z
27025,Parbhani,MH,pmgsy_road_connected,0.825,PMGSY_API,2026-09-01T00:00:00Z
27025,Parbhani,MH,swachh_odf_status,0.911,SWACHH_API,2026-09-01T00:00:00Z
27025,Parbhani,MH,udise_schools_per_1000,1.21,UDISE_API,2026-09-01T00:00:00Z
27025,Parbhani,MH,hospital_beds_per_1000,1.81,HEALTH_PORTAL,2026-09-01T00:00:00Z
27026,Pune,MH,jjm_tap_coverage,0.742,JJM_API,2026-09-01T00:00:00Z
27026,Pune,MH,pmgsy_road_connected,0.925,PMGSY_API,2026-09-01T00:00:00Z
27026,Pune,MH,swachh_odf_status,0.913,SWACHH_API,2026-09-01T00:00:00Z
27026,Pune,MH,udise_schools_per_1000,2.74,UDISE_API,2026-09-01T00:00:00Z
27026,Pune,MH,hospital_beds_per_1000,2.0,HEALTH_PORTAL,2026-09-01T00:00:00Z
27027,Raigad,MH,jjm_tap_coverage,0.595,JJM_API,2026-09-01T00:00:00Z
27027,Raigad,MH,pmgsy_road_connected,0.78,PMGSY_API,2026-09-01T00:00:00Z
27027,Raigad,MH,swachh_odf_status,0.897,SWACHH_API,2026-09-01T00:00:00Z
27027,Raigad,MH,udise_schools_per_1000,2.6,UDISE_API,2026-09-01T00:00:00Z
27027,Raigad,MH,hospital_beds_per_1000,2.2,HEALTH_PORTAL,2026-09-01T00:00:00Z
27028,Ratnagiri,MH,jjm_tap_coverage,0.53,JJM_API,2026-09-01T00:00:00Z
27028,Ratnagiri,MH,pmgsy_road_connected,0.709,PMGSY_API,2026-09-01T00:00:00Z
27028,Ratnagiri,MH,swachh_odf_status,0.823,SWACHH_API,2026-09-01T00:00:00Z
27028,Ratnagiri,MH,udise_schools_per_1000,2.1,UDISE_API,2026-09-01T00:00:00Z
27028,Ratnagiri,MH,hospital_beds_per_1000,1.22,HEALTH_PORTAL,2026-09-01T00:00:00Z
27029,Sangli,MH,jjm_tap_coverage,0.627,JJM_API,2026-09-01T00:00:00Z
27029,Sangli,MH,pmgsy_road_connected,0.82,PMGSY_API,2026-09-01T00:00:00Z
27029,Sangli,MH,swachh_odf_status,0.937,SWACHH_API,2026-09-01T00:00:00Z
27029,Sangli,MH,udise_schools_per_1000,2.3,UDISE_API,2026-09-01T00:00:00Z
27029,Sangli,MH,hospital_beds_per_1000,0.94,HEALTH_PORTAL,2026-09-01T00:00:00Z
27030,Satara,MH,jjm_tap_coverage,0.456,JJM_API,2026-09-01T00:00:00Z
27030,Satara,MH,pmgsy_road_connected,0.913,PMGSY_API,2026-09-01T00:00:00Z
27030,Satara,MH,swachh_odf_status,0.89,SWACHH_API,2026-09-01T00:00:00Z
27030,Satara,MH,udise_schools_per_1000,2.34,UDISE_API,2026-09-01T00:00:00Z
27030,Satara,MH,hospital_beds_per_1000,0.76,HEALTH_PORTAL,2026-09-01T00:00:00Z
27031,Sindhudurg,MH,jjm_tap_coverage,0.542,JJM_API,2026-09-01T00:00:00Z
27031,Sindhudurg,MH,pmgsy_road_connected,0.715,PMGSY_API,2026-09-01T00:00:00Z
27031,Sindhudurg,MH,swachh_odf_status,0.798,SWACHH_API,2026-09-01T00:00:00Z
27031,Sindhudurg,MH,udise_schools_per_1000,2.33,UDISE_API,2026-09-01T00:00:00Z
27031,Sindhudurg,MH,hospital_beds_per_1000,1.07,HEALTH_PORTAL,2026-09-01T00:00:00Z
27032,Solapur,MH,jjm_tap_coverage,0.441,JJM_API,2026-09-01T00:00:00Z
27032,Solapur,MH,pmgsy_road_connected,0.917,PMGSY_API,2026-09-01T00:00:00Z
27032,Solapur,MH,swachh_odf_status,0.865,SWACHH_API,2026-09-01T00:00:00Z
27032,Solapur,MH,udise_schools_per_1000,2.01,UDISE_API,2026-09-01T00:00:00Z
27032,Solapur,MH,hospital_beds_per_1000,1.0,HEALTH_PORTAL,2026-09-01T00:00:00Z
27033,Thane,MH,jjm_tap_coverage,0.813,JJM_API,2026-09-01T00:00:00Z
27033,Thane,MH,pmgsy_road_connected,0.827,PMGSY_API,2026-09-01T00:00:00Z
27033,Thane,MH,swachh_odf_status,0.971,SWACHH_API,2026-09-01T00:00:00Z
27033,Thane,MH,udise_schools_per_1000,1.11,UDISE_API,2026-09-01T00:00:00Z
27033,Thane,MH,hospital_beds_per_1000,1.4,HEALTH_PORTAL,2026-09-01T00:00:00Z
27034,Wardha,MH,jjm_tap_coverage,0.48,JJM_API,2026-09-01T00:00:00Z
27034,Wardha,MH,pmgsy_road_connected,0.737,PMGSY_API,2026-09-01T00:00:00Z
27034,Wardha,MH,swachh_odf_status,0.839,SWACHH_API,2026-09-01T00:00:00Z
27034,Wardha,MH,udise_schools_per_1000,2.08,UDISE_API,2026-09-01T00:00:00Z
27034,Wardha,MH,hospital_beds_per_1000,1.73,HEALTH_PORTAL,2026-09-01T00:00:00Z
27035,Washim,MH,jjm_tap_coverage,0.664,JJM_API,2026-09-01T00:00:00Z
27035,Washim,MH,pmgsy_road_connected,0.869,PMGSY_API,2026-09-01T00:00:00Z
27035,Washim,MH,swachh_odf_status,0.814,SWACHH_API,2026-09-01T00:00:00Z
27035,Washim,MH,udise_schools_per_1000,2.04,UDISE_API,2026-09-01T00:00:00Z
27035,Washim,MH,hospital_beds_per_1000,2.07,HEALTH_PORTAL,2026-09-01T00:00:00Z
27036,Yavatmal,MH,jjm_tap_coverage,0.435,JJM_API,2026-09-01T00:00:00Z
27036,Yavatmal,MH,pmgsy_road_connected,0.94,PMGSY_API,2026-09-01T00:00:00Z
27036,Yavatmal,MH,swachh_odf_status,0.819,SWACHH_API,2026-09-01T00:00:00Z
27036,Yavatmal,MH,udise_schools_per_1000,1.5,UDISE_API,2026-09-01T00:00:00Z
27036,Yavatmal,MH,hospital_beds_per_1000,1.29,HEALTH_PORTAL,2026-09-01T00:00:00Z
14001,Bishnupur,MN,jjm_tap_coverage,0.614,JJM_API,2026-09-01T00:00:00Z
14001,Bishnupur,MN,pmgsy_road_connected,0.872,PMGSY_API,2026-09-01T00:00:00Z
14001,Bishnupur,MN,swachh_odf_status,0.924,SWACHH_API,2026-09-01T00:00:00Z
14001,Bishnupur,MN,udise_schools_per_1000,1.79,UDISE_API,2026-09-01T00:00:00Z
14001,Bishnupur,MN,hospital_beds_per_1000,2.13,HEALTH_PORTAL,2026-09-01T00:00:00Z
14002,Chandel,MN,jjm_tap_coverage,0.504,JJM_API,2026-09-01T00:00:00Z
14002,Chandel,MN,pmgsy_road_connected,0.698,PMGSY_API,2026-09-01T00:00:00Z
14002,Chandel,MN,swachh_odf_status,0.986,SWACHH_API,2026-09-01T00:00:00Z
14002,Chandel,MN,udise_schools_per_1000,2.1,UDISE_API,2026-09-01T00:00:00Z
14002,Chandel,MN,hospital_beds_per_1000,0.98,HEALTH_PORTAL,2026-09-01T00:00:00Z
14003,Churachandpur,MN,jjm_tap_coverage,0.834,JJM_API,2026-09-01T00:00:00Z
14003,Churachandpur,MN,pmgsy_road_connected,0.659,PMGSY_API,2026-09-01T00:00:00Z
14003,Churachandpur,MN,swachh_odf_status,0.798,SWACHH_API,2026-09-01T00:00:00Z
14003,Churachandpur,MN,udise_schools_per_1000,1.26,UDISE_API,2026-09-01T00:00:00Z
14003,Churachandpur,MN,hospital_beds_per_1000,1.98,HEALTH_PORTAL,2026-09-01T00:00:00Z
14004,Imphal East,MN,jjm_tap_coverage,0.523,JJM_API,2026-09-01T00:00:00Z
14004,Imphal East,MN,pmgsy_road_connected,0.879,PMGSY_API,2026-09-01T00:00:00Z
14004,Imphal East,MN,swachh_odf_status,0.939,SWACHH_API,2026-09-01T00:00:00Z
14004,Imphal East,MN,udise_schools_per_1000,2.36,UDISE_API,2026-09-01T00:00:00Z
14004,Imphal East,MN,hospital_beds_per_1000,0.75,HEALTH_PORTAL,2026-09-01T00:00:00Z
14005,Imphal West,MN,jjm_tap_coverage,0.858,JJM_API,2026-09-01T00:00:00Z
14005,Imphal West,MN,pmgsy_road_connected,0.839,PMGSY_API,2026-09-01T00:00:00Z
14005,Imphal West,MN,swachh_odf_status,0.84,SWACHH_API,2026-09-01T00:00:00Z
14005,Imphal West,MN,udise_schools_per_1000,1.89,UDISE_API,2026-09-01T00:00:00Z
14005,Imphal West,MN,hospital_beds_per_1000,2.1,HEALTH_PORTAL,2026-09-01T00:00:00Z
14006,Jiribam,MN,jjm_tap_coverage,0.438,JJM_API,2026-09-01T00:00:00Z
14006,Jiribam,MN,pmgsy_road_connected,0.925,PMGSY_API,2026-09-01T00:00:00Z
14006,Jiribam,MN,swachh_odf_status,0.993,SWACHH_API,2026-09-01T00:00:00Z
14006,Jiribam,MN,udise_schools_per_1000,2.17,UDISE_API,2026-09-01T00:00:00Z
14006,Jiribam,MN,hospital_beds_per_1000,1.67,HEALTH_PORTAL,2026-09-01T00:00:00Z
14007,Kakching,MN,jjm_tap_coverage,0.538,JJM_API,2026-09-01T00:00:00Z
14007,Kakching,MN,pmgsy_road_connected,0.599,PMGSY_API,2026-09-01T00:00:00Z
14007,Kakching,MN,swachh_odf_status,0.844,SWACHH_API,2026-09-01T00:00:00Z
14007,Kakching,MN,udise_schools_per_1000,2.57,UDISE_API,2026-09-01T00:00:00Z
14007,Kakching,MN,hospital_beds_per_1000,2.06,HEALTH_PORTAL,2026-09-01T00:00:00Z
14008,Kamjong,MN,jjm_tap_coverage,0.422,JJM_API,2026-09-01T00:00:00Z
14008,Kamjong,MN,pmgsy_road_connected,0.915,PMGSY_API,2026-09-01T00:00:00Z
14008,Kamjong,MN,swachh_odf_status,0.948,SWACHH_API,2026-09-01T00:00:00Z
14008,Kamjong,MN,udise_schools_per_1000,2.22,UDISE_API,2026-09-01T00:00:00Z
14008,Kamjong,MN,hospital_beds_per_1000,1.9,HEALTH_PORTAL,2026-09-01T00:00:00Z
14009,Kangpokpi,MN,jjm_tap_coverage,0.896,JJM_API,2026-09-01T00:00:00Z
14009,Kangpokpi,MN,pmgsy_road_connected,0.621,PMGSY_API,2026-09-01T00:00:00Z
14009,Kangpokpi,MN,swachh_odf_status,0.861,SWACHH_API,2026-09-01T00:00:00Z
14009,Kangpokpi,MN,udise_schools_per_1000,2.59,UDISE_API,2026-09-01T00:00:00Z
14009,Kangpokpi,MN,hospital_beds_per_1000,0.93,HEALTH_PORTAL,2026-09-01T00:00:00Z
14010,Noney,MN,jjm_tap_coverage,0.906,JJM_API,2026-09-01T00:00:00Z
14010,Noney,MN,pmgsy_road_connected,0.988,PMGSY_API,2026-09-01T00:00:00Z
14010,Noney,MN,swachh_odf_status,0.97,SWACHH_API,2026-09-01T00:00:00Z
14010,Noney,MN,udise_schools_per_1000,1.22,UDISE_API,2026-09-01T00:00:00Z
14010,Noney,MN,hospital_beds_per_1000,1.39,HEALTH_PORTAL,2026-09-01T00:00:00Z
14011,Pherzawl,MN,jjm_tap_coverage,0.824,JJM_API,2026-09-01T00:00:00Z
14011,Pherzawl,MN,pmgsy_road_connected,0.711,PMGSY_API,2026-09-01T00:00:00Z
14011,Pherzawl,MN,swachh_odf_status,0.924,SWACHH_API,2026-09-01T00:00:00Z
14011,Pherzawl,MN,udise_schools_per_1000,1.34,UDISE_API,2026-09-01T00:00:00Z
14011,Pherzawl,MN,hospital_beds_per_1000,1.06,HEALTH_PORTAL,2026-09-01T00:00:00Z
14012,Senapati,MN,jjm_tap_coverage,0.775,JJM_API,2026-09-01T00:00:00Z
14012,Senapati,MN,pmgsy_road_connected,0.759,PMGSY_API,2026-09-01T00:00:00Z
14012,Senapati,MN,swachh_odf_status,0.877,SWACHH_API,2026-09-01T00:00:00Z
14012,Senapati,MN,udise_schools_per_1000,1.6,UDISE_API,2026-09-01T00:00:00Z
14012,Senapati,MN,hospital_beds_per_1000,2.01,HEALTH_PORTAL,2026-09-01T00:00:00Z
14013,Tamenglong,MN,jjm_tap_coverage,0.908,JJM_API,2026-09-01T00:00:00Z
14013,Tamenglong,MN,pmgsy_road_connected,0.762,PMGSY_API,2026-09-01T00:00:00Z
14013,Tamenglong,MN,swachh_odf_status,0.886,SWACHH_API,2026-09-01T00:00:00Z
14013,Tamenglong,MN,udise_schools_per_1000,1.75,UDISE_API,2026-09-01T00:00:00Z
14013,Tamenglong,MN,hospital_beds_per_1000,1.87,HEALTH_PORTAL,2026-09-01T00:00:00Z
14014,Tengnoupal,MN,jjm_tap_coverage,0.959,JJM_API,2026-09-01T00:00:00Z
14014,Tengnoupal,MN,pmgsy_road_connected,0.923,PMGSY_API,2026-09-01T00:00:00Z
14014,Tengnoupal,MN,swachh_odf_status,0.898,SWACHH_API,2026-09-01T00:00:00Z
14014,Tengnoupal,MN,udise_schools_per_1000,1.24,UDISE_API,2026-09-01T00:00:00Z
14014,Tengnoupal,MN,hospital_beds_per_1000,2.12,HEALTH_PORTAL,2026-09-01T00:00:00Z
14015,Thoubal,MN,jjm_tap_coverage,0.475,JJM_API,2026-09-01T00:00:00Z
14015,Thoubal,MN,pmgsy_road_connected,0.938,PMGSY_API,2026-09-01T00:00:00Z
14015,Thoubal,MN,swachh_odf_status,0.791,SWACHH_API,2026-09-01T00:00:00Z
14015,Thoubal,MN,udise_schools_per_1000,2.44,UDISE_API,2026-09-01T00:00:00Z
14015,Thoubal,MN,hospital_beds_per_1000,0.74,HEALTH_PORTAL,2026-09-01T00:00:00Z
14016,Ukhrul,MN,jjm_tap_coverage,0.579,JJM_API,2026-09-01T00:00:00Z
14016,Ukhrul,MN,pmgsy_road_connected,0.834,PMGSY_API,2026-09-01T00:00:00Z
14016,Ukhrul,MN,swachh_odf_status,0.838,SWACHH_API,2026-09-01T00:00:00Z
14016,Ukhrul,MN,udise_schools_per_1000,2.0,UDISE_API,2026-09-01T00:00:00Z
14016,Ukhrul,MN,hospital_beds_per_1000,1.25,HEALTH_PORTAL,2026-09-01T00:00:00Z
17001,East Garo Hills,ML,jjm_tap_coverage,0.849,JJM_API,2026-09-01T00:00:00Z
17001,East Garo Hills,ML,pmgsy_road_connected,0.758,PMGSY_API,2026-09-01T00:00:00Z
17001,East Garo Hills,ML,swachh_odf_status,0.931,SWACHH_API,2026-09-01T00:00:00Z
17001,East Garo Hills,ML,udise_schools_per_1000,2.68,UDISE_API,2026-09-01T00:00:00Z
17001,East Garo Hills,ML,hospital_beds_per_1000,1.0,HEALTH_PORTAL,2026-09-01T00:00:00Z
17002,East Jaintia Hills,ML,jjm_tap_coverage,0.735,JJM_API,2026-09-01T00:00:00Z
17002,East Jaintia Hills,ML,pmgsy_road_connected,0.886,PMGSY_API,2026-09-01T00:00:00Z
17002,East Jaintia Hills,ML,swachh_odf_status,0.781,SWACHH_API,2026-09-01T00:00:00Z
17002,East Jaintia Hills,ML,udise_schools_per_1000,2.7,UDISE_API,2026-09-01T00:00:00Z
17002,East Jaintia Hills,ML,hospital_beds_per_1000,0.71,HEALTH_PORTAL,2026-09-01T00:00:00Z
17003,East Khasi Hills,ML,jjm_tap_coverage,0.953,JJM_API,2026-09-01T00:00:00Z
17003,East Khasi Hills,ML,pmgsy_road_connected,0.967,PMGSY_API,2026-09-01T00:00:00Z
17003,East Khasi Hills,ML,swachh_odf_status,0.952,SWACHH_API,2026-09-01T00:00:00Z
17003,East Khasi Hills,ML,udise_schools_per_1000,1.76,UDISE_API,2026-09-01T00:00:00Z
17003,East Khasi Hills,ML,hospital_beds_per_1000,2.42,HEALTH_PORTAL,2026-09-01T00:00:00Z
17004,Eastern West Khasi Hills,ML,jjm_tap_coverage,0.732,JJM_API,2026-09-01T00:00:00Z
17004,Eastern West Khasi Hills,ML,pmgsy_road_connected,0.91,PMGSY_API,2026-09-01T00:00:00Z
17004,Eastern West Khasi Hills,ML,swachh_odf_status,0.932,SWACHH_API,2026-09-01T00:00:00Z
17004,Eastern West Khasi Hills,ML,udise_schools_per_1000,1.34,UDISE_API,2026-09-01T00:00:00Z
17004,Eastern West Khasi Hills,ML,hospital_beds_per_1000,2.06,HEALTH_PORTAL,2026-09-01T00:00:00Z
17005,North Garo Hills,ML,jjm_tap_coverage,0.629,JJM_API,2026-09-01T00:00:00Z
17005,North Garo Hills,ML,pmgsy_road_connected,0.799,PMGSY_API,2026-09-01T00:00:00Z
17005,North Garo Hills,ML,swachh_odf_status,0.999,SWACHH_API,2026-09-01T00:00:00Z
17005,North Garo Hills,ML,udise_schools_per_1000,2.73,UDISE_API,2026-09-01T00:00:00Z
17005,North Garo Hills,ML,hospital_beds_per_1000,2.26,HEALTH_PORTAL,2026-09-01T00:00:00Z
17006,Ri Bhoi,ML,jjm_tap_coverage,0.461,JJM_API,2026-09-01T00:00:00Z
17006,Ri Bhoi,ML,pmgsy_road_connected,0.835,PMGSY_API,2026-09-01T00:00:00Z
17006,Ri Bhoi,ML,swachh_odf_status,0.855,SWACHH_API,2026-09-01T00:00:00Z
17006,Ri Bhoi,ML,udise_schools_per_1000,2.0,UDISE_API,2026-09-01T00:00:00Z
17006,Ri Bhoi,ML,hospital_beds_per_1000,1.92,HEALTH_PORTAL,2026-09-01T00:00:00Z
17007,South Garo Hills,ML,jjm_tap_coverage,0.719,JJM_API,2026-09-01T00:00:00Z
17007,South Garo Hills,ML,pmgsy_road_connected,0.966,PMGSY_API,2026-09-01T00:00:00Z
17007,South Garo Hills,ML,swachh_odf_status,0.789,SWACHH_API,2026-09-01T00:00:00Z
17007,South Garo Hills,ML,udise_schools_per_1000,1.32,UDISE_API,2026-09-01T00:00:00Z
17007,South Garo Hills,ML,hospital_beds_per_1000,1.26,HEALTH_PORTAL,2026-09-01T00:00:00Z
17008,South West Garo Hills,ML,jjm_tap_coverage,0.751,JJM_API,2026-09-01T00:00:00Z
17008,South West Garo Hills,ML,pmgsy_road_connected,0.605,PMGSY_API,2026-09-01T00:00:00Z
17008,South West Garo Hills,ML,swachh_odf_status,0.993,SWACHH_API,2026-09-01T00:00:00Z
17008,South West Garo Hills,ML,udise_schools_per_1000,1.96,UDISE_API,2026-09-01T00:00:00Z
17008,South West Garo Hills,ML,hospital_beds_per_1000,1.7,HEALTH_PORTAL,2026-09-01T00:00:00Z
17009,South West Khasi Hills,ML,jjm_tap_coverage,0.548,JJM_API,2026-09-01T00:00:00Z
17009,South West Khasi Hills,ML,pmgsy_road_connected,0.859,PMGSY_API,2026-09-01T00:00:00Z
17009,South West Khasi Hills,ML,swachh_odf_status,0.923,SWACHH_API,2026-09-01T00:00:00Z
17009,South West Khasi Hills,ML,udise_schools_per_1000,2.48,UDISE_API,2026-09-01T00:00:00Z
17009,South West Khasi Hills,ML,hospital_beds_per_1000,2.26,HEALTH_PORTAL,2026-09-01T00:00:00Z
17010,West Garo Hills,ML,jjm_tap_coverage,0.624,JJM_API,2026-09-01T00:00:00Z
17010,West Garo Hills,ML,pmgsy_road_connected,0.957,PMGSY_API,2026-09-01T00:00:00Z
17010,West Garo Hills,ML,swachh_odf_status,0.953,SWACHH_API,2026-09-01T00:00:00Z
17010,West Garo Hills,ML,udise_schools_per_1000,1.15,UDISE_API,2026-09-01T00:00:00Z
17010,West Garo Hills,ML,hospital_beds_per_1000,0.99,HEALTH_PORTAL,2026-09-01T00:00:00Z
17011,West Jaintia Hills,ML,jjm_tap_coverage,0.667,JJM_API,2026-09-01T00:00:00Z
17011,West Jaintia Hills,ML,pmgsy_road_connected,0.927,PMGSY_API,2026-09-01T00:00:00Z
17011,West Jaintia Hills,ML,swachh_odf_status,0.958,SWACHH_API,2026-09-01T00:00:00Z
17011,West Jaintia Hills,ML,udise_schools_per_1000,1.1,UDISE_API,2026-09-01T00:00:00Z
17011,West Jaintia Hills,ML,hospital_beds_per_1000,1.5,HEALTH_PORTAL,2026-09-01T00:00:00Z
17012,West Khasi Hills,ML,jjm_tap_coverage,0.794,JJM_API,2026-09-01T00:00:00Z
17012,West Khasi Hills,ML,pmgsy_road_connected,0.779,PMGSY_API,2026-09-01T00:00:00Z
17012,West Khasi Hills,ML,swachh_odf_status,0.907,SWACHH_API,2026-09-01T00:00:00Z
17012,West Khasi Hills,ML,udise_schools_per_1000,2.6,UDISE_API,2026-09-01T00:00:00Z
17012,West Khasi Hills,ML,hospital_beds_per_1000,2.04,HEALTH_PORTAL,2026-09-01T00:00:00Z
15001,Aizawl,MZ,jjm_tap_coverage,0.674,JJM_API,2026-09-01T00:00:00Z
15001,Aizawl,MZ,pmgsy_road_connected,0.666,PMGSY_API,2026-09-01T00:00:00Z
15001,Aizawl,MZ,swachh_odf_status,0.877,SWACHH_API,2026-09-01T00:00:00Z
15001,Aizawl,MZ,udise_schools_per_1000,2.37,UDISE_API,2026-09-01T00:00:00Z
15001,Aizawl,MZ,hospital_beds_per_1000,1.85,HEALTH_PORTAL,2026-09-01T00:00:00Z
15002,Champhai,MZ,jjm_tap_coverage,0.664,JJM_API,2026-09-01T00:00:00Z
15002,Champhai,MZ,pmgsy_road_connected,0.983,PMGSY_API,2026-09-01T00:00:00Z
15002,Champhai,MZ,swachh_odf_status,0.798,SWACHH_API,2026-09-01T00:00:00Z
15002,Champhai,MZ,udise_schools_per_1000,2.57,UDISE_API,2026-09-01T00:00:00Z
15002,Champhai,MZ,hospital_beds_per_1000,1.56,HEALTH_PORTAL,2026-09-01T00:00:00Z
15003,Hnahthial,MZ,jjm_tap_coverage,0.892,JJM_API,2026-09-01T00:00:00Z
15003,Hnahthial,MZ,pmgsy_road_connected,0.88,PMGSY_API,2026-09-01T00:00:00Z
15003,Hnahthial,MZ,swachh_odf_status,0.813,SWACHH_API,2026-09-01T00:00:00Z
15003,Hnahthial,MZ,udise_schools_per_1000,2.7,UDISE_API,2026-09-01T00:00:00Z
15003,Hnahthial,MZ,hospital_beds_per_1000,1.76,HEALTH_PORTAL,2026-09-01T00:00:00Z
15004,Khawzawl,MZ,jjm_tap_coverage,0.639,JJM_API,2026-09-01T00:00:00Z
15004,Khawzawl,MZ,pmgsy_road_connected,0.62,PMGSY_API,2026-09-01T00:00:00Z
15004,Khawzawl,MZ,swachh_odf_status,0.872,SWACHH_API,2026-09-01T00:00:00Z
15004,Khawzawl,MZ,udise_schools_per_1000,2.11,UDISE_API,2026-09-01T00:00:00Z
15004,Khawzawl,MZ,hospital_beds_per_1000,1.07,HEALTH_PORTAL,2026-09-01T00:00:00Z
15005,Kolasib,MZ,jjm_tap_coverage,0.913,JJM_API,2026-09-01T00:00:00Z
15005,Kolasib,MZ,pmgsy_road_connected,0.882,PMGSY_API,2026-09-01T00:00:00Z
15005,Kolasib,MZ,swachh_odf_status,0.938,SWACHH_API,2026-09-01T00:00:00Z
15005,Kolasib,MZ,udise_schools_per_1000,2.59,UDISE_API,2026-09-01T00:00:00Z
15005,Kolasib,MZ,hospital_beds_per_1000,2.4,HEALTH_PORTAL,2026-09-01T00:00:00Z
15006,Lawngtlai,MZ,jjm_tap_coverage,0.927,JJM_API,2026-09-01T00:00:00Z
15006,Lawngtlai,MZ,pmgsy_road_connected,0.832,PMGSY_API,2026-09-01T00:00:00Z
15006,Lawngtlai,MZ,swachh_odf_status,0.852,SWACHH_API,2026-09-01T00:00:00Z
15006,Lawngtlai,MZ,udise_schools_per_1000,2.23,UDISE_API,2026-09-01T00:00:00Z
15006,Lawngtlai,MZ,hospital_beds_per_1000,1.08,HEALTH_PORTAL,2026-09-01T00:00:00Z
15007,Lunglei,MZ,jjm_tap_coverage,0.877,JJM_API,2026-09-01T00:00:00Z
15007,Lunglei,MZ,pmgsy_road_connected,0.866,PMGSY_API,2026-09-01T00:00:00Z
15007,Lunglei,MZ,swachh_odf_status,0.789,SWACHH_API,2026-09-01T00:00:00Z
15007,Lunglei,MZ,udise_schools_per_1000,2.2,UDISE_API,2026-09-01T00:00:00Z
15007,Lunglei,MZ,hospital_beds_per_1000,1.44,HEALTH_PORTAL,2026-09-01T00:00:00Z
15008,Mamit,MZ,jjm_tap_coverage,0.677,JJM_API,2026-09-01T00:00:00Z
15008,Mamit,MZ,pmgsy_road_connected,0.986,PMGSY_API,2026-09-01T00:00:00Z
15008,Mamit,MZ,swachh_odf_status,0.838,SWACHH_API,2026-09-01T00:00:00Z
15008,Mamit,MZ,udise_schools_per_1000,2.45,UDISE_API,2026-09-01T00:00:00Z
15008,Mamit,MZ,hospital_beds_per_1000,1.0,HEALTH_PORTAL,2026-09-01T00:00:00Z
15009,Saiha,MZ,jjm_tap_coverage,0.616,JJM_API,2026-09-01T00:00:00Z
15009,Saiha,MZ,pmgsy_road_connected,0.905,PMGSY_API,2026-09-01T00:00:00Z
15009,Saiha,MZ,swachh_odf_status,0.977,SWACHH_API,2026-09-01T00:00:00Z
15009,Saiha,MZ,udise_schools_per_1000,2.38,UDISE_API,2026-09-01T00:00:00Z
15009,Saiha,MZ,hospital_beds_per_1000,2.42,HEALTH_PORTAL,2026-09-01T00:00:00Z
15010,Saitual,MZ,jjm_tap_coverage,0.764,JJM_API,2026-09-01T00:00:00Z
15010,Saitual,MZ,pmgsy_road_connected,0.977,PMGSY_API,2026-09-01T00:00:00Z
15010,Saitual,MZ,swachh_odf_status,0.851,SWACHH_API,2026-09-01T00:00:00Z
15010,Saitual,MZ,udise_schools_per_1000,1.48,UDISE_API,2026-09-01T00:00:00Z
15010,Saitual,MZ,hospital_beds_per_1000,2.17,HEALTH_PORTAL,2026-09-01T00:00:00Z
15011,Serchhip,MZ,jjm_tap_coverage,0.838,JJM_API,2026-09-01T00:00:00Z
15011,Serchhip,MZ,pmgsy_road_connected,0.861,PMGSY_API,2026-09-01T00:00:00Z
15011,Serchhip,MZ,swachh_odf_status,0.996,SWACHH_API,2026-09-01T00:00:00Z
15011,Serchhip,MZ,udise_schools_per_1000,2.47,UDISE_API,2026-09-01T00:00:00Z
15011,Serchhip,MZ,hospital_beds_per_1000,1.1,HEALTH_PORTAL,2026-09-01T00:00:00Z
13001,Chumoukedima,NL,jjm_tap_coverage,0.681,JJM_API,2026-09-01T00:00:00Z
13001,Chumoukedima,NL,pmgsy_road_connected,0.803,PMGSY_API,2026-09-01T00:00:00Z
13001,Chumoukedima,NL,swachh_odf_status,0.792,SWACHH_API,2026-09-01T00:00:00Z
13001,Chumoukedima,NL,udise_schools_per_1000,2.15,UDISE_API,2026-09-01T00:00:00Z
13001,Chumoukedima,NL,hospital_beds_per_1000,1.54,HEALTH_PORTAL,2026-09-01T00:00:00Z
13002,Dimapur,NL,jjm_tap_coverage,0.605,JJM_API,2026-09-01T00:00:00Z
13002,Dimapur,NL,pmgsy_road_connected,0.801,PMGSY_API,2026-09-01T00:00:00Z
13002,Dimapur,NL,swachh_odf_status,0.973,SWACHH_API,2026-09-01T00:00:00Z
13002,Dimapur,NL,udise_schools_per_1000,2.71,UDISE_API,2026-09-01T00:00:00Z
13002,Dimapur,NL,hospital_beds_per_1000,0.87,HEALTH_PORTAL,2026-09-01T00:00:00Z
13003,Kiphire,NL,jjm_tap_coverage,0.871,JJM_API,2026-09-01T00:00:00Z
13003,Kiphire,NL,pmgsy_road_connected,0.718,PMGSY_API,2026-09-01T00:00:00Z
13003,Kiphire,NL,swachh_odf_status,0.884,SWACHH_API,2026-09-01T00:00:00Z
13003,Kiphire,NL,udise_schools_per_1000,2.54,UDISE_API,2026-09-01T00:00:00Z
13003,Kiphire,NL,hospital_beds_per_1000,0.95,HEALTH_PORTAL,2026-09-01T00:00:00Z
13004,Kohima,NL,jjm_tap_coverage,0.868,JJM_API,2026-09-01T00:00:00Z
13004,Kohima,NL,pmgsy_road_connected,0.8,PMGSY_API,2026-09-01T00:00:00Z
13004,Kohima,NL,swachh_odf_status,0.862,SWACHH_API,2026-09-01T00:00:00Z
13004,Kohima,NL,udise_schools_per_1000,1.22,UDISE_API,2026-09-01T00:00:00Z
13004,Kohima,NL,hospital_beds_per_1000,0.93,HEALTH_PORTAL,2026-09-01T00:00:00Z
13005,Longleng,NL,jjm_tap_coverage,0.75,JJM_API,2026-09-01T00:00:00Z
13005,Longleng,NL,pmgsy_road_connected,0.624,PMGSY_API,2026-09-01T00:00:00Z
13005,Longleng,NL,swachh_odf_status,0.802,SWACHH_API,2026-09-01T00:00:00Z
13005,Longleng,NL,udise_schools_per_1000,1.43,UDISE_API,2026-09-01T00:00:00Z
13005,Longleng,NL,hospital_beds_per_1000,0.89,HEALTH_PORTAL,2026-09-01T00:00:00Z
13006,Mokokchung,NL,jjm_tap_coverage,0.735,JJM_API,2026-09-01T00:00:00Z
13006,Mokokchung,NL,pmgsy_road_connected,0.859,PMGSY_API,2026-09-01T00:00:00Z
13006,Mokokchung,NL,swachh_odf_status,0.895,SWACHH_API,2026-09-01T00:00:00Z
13006,Mokokchung,NL,udise_schools_per_1000,2.39,UDISE_API,2026-09-01T00:00:00Z
13006,Mokokchung,NL,hospital_beds_per_1000,1.82,HEALTH_PORTAL,2026-09-01T00:00:00Z
13007,Mon,NL,jjm_tap_coverage,0.517,JJM_API,2026-09-01T00:00:00Z
13007,Mon,NL,pmgsy_road_connected,0.688,PMGSY_API,2026-09-01T00:00:00Z
13007,Mon,NL,swachh_odf_status,0.791,SWACHH_API,2026-09-01T00:00:00Z
13007,Mon,NL,udise_schools_per_1000,1.15,UDISE_API,2026-09-01T00:00:00Z
13007,Mon,NL,hospital_beds_per_1000,2.44,HEALTH_PORTAL,2026-09-01T00:00:00Z
13008,Niuland,NL,jjm_tap_coverage,0.938,JJM_API,2026-09-01T00:00:00Z
13008,Niuland,NL,pmgsy_road_connected,0.552,PMGSY_API,2026-09-01T00:00:00Z
13008,Niuland,NL,swachh_odf_status,0.833,SWACHH_API,2026-09-01T00:00:00Z
13008,Niuland,NL,udise_schools_per_1000,2.48,UDISE_API,2026-09-01T00:00:00Z
13008,Niuland,NL,hospital_beds_per_1000,2.18,HEALTH_PORTAL,2026-09-01T00:00:00Z
13009,Noklak,NL,jjm_tap_coverage,0.562,JJM_API,2026-09-01T00:00:00Z
13009,Noklak,NL,pmgsy_road_connected,0.555,PMGSY_API,2026-09-01T00:00:00Z
13009,Noklak,NL,swachh_odf_status,0.932,SWACHH_API,2026-09-01T00:00:00Z
13009,Noklak,NL,udise_schools_per_1000,1.17,UDISE_API,2026-09-01T00:00:00Z
13009,Noklak,NL,hospital_beds_per_1000,2.06,HEALTH_PORTAL,2026-09-01T00:00:00Z
13010,Peren,NL,jjm_tap_coverage,0.532,JJM_API,2026-09-01T00:00:00Z
13010,Peren,NL,pmgsy_road_connected,0.778,PMGSY_API,2026-09-01T00:00:00Z
13010,Peren,NL,swachh_odf_status,0.788,SWACHH_API,2026-09-01T00:00:00Z
13010,Peren,NL,udise_schools_per_1000,1.91,UDISE_API,2026-09-01T00:00:00Z
13010,Peren,NL,hospital_beds_per_1000,0.81,HEALTH_PORTAL,2026-09-01T00:00:00Z
13011,Phek,NL,jjm_tap_coverage,0.633,JJM_API,2026-09-01T00:00:00Z
13011,Phek,NL,pmgsy_road_connected,0.967,PMGSY_API,2026-09-01T00:00:00Z
13011,Phek,NL,swachh_odf_status,0.891,SWACHH_API,2026-09-01T00:00:00Z
13011,Phek,NL,udise_schools_per_1000,1.48,UDISE_API,2026-09-01T00:00:00Z
13011,Phek,NL,hospital_beds_per_1000,1.79,HEALTH_PORTAL,2026-09-01T00:00:00Z
13012,Shamator,NL,jjm_tap_coverage,0.85,JJM_API,2026-09-01T00:00:00Z
13012,Shamator,NL,pmgsy_road_connected,0.603,PMGSY_API,2026-09-01T00:00:00Z
13012,Shamator,NL,swachh_odf_status,0.829,SWACHH_API,2026-09-01T00:00:00Z
13012,Shamator,NL,udise_schools_per_1000,2.17,UDISE_API,2026-09-01T00:00:00Z
13012,Shamator,NL,hospital_beds_per_1000,1.67,HEALTH_PORTAL,2026-09-01T00:00:00Z
13013,Tseminyu,NL,jjm_tap_coverage,0.914,JJM_API,2026-09-01T00:00:00Z
13013,Tseminyu,NL,pmgsy_road_connected,0.712,PMGSY_API,2026-09-01T00:00:00Z
13013,Tseminyu,NL,swachh_odf_status,0.785,SWACHH_API,2026-09-01T00:00:00Z
13013,Tseminyu,NL,udise_schools_per_1000,2.47,UDISE_API,2026-09-01T00:00:00Z
13013,Tseminyu,NL,hospital_beds_per_1000,0.87,HEALTH_PORTAL,2026-09-01T00:00:00Z
13014,Tuensang,NL,jjm_tap_coverage,0.924,JJM_API,2026-09-01T00:00:00Z
13014,Tuensang,NL,pmgsy_road_connected,0.791,PMGSY_API,2026-09-01T00:00:00Z
13014,Tuensang,NL,swachh_odf_status,0.948,SWACHH_API,2026-09-01T00:00:00Z
13014,Tuensang,NL,udise_schools_per_1000,1.79,UDISE_API,2026-09-01T00:00:00Z
13014,Tuensang,NL,hospital_beds_per_1000,1.82,HEALTH_PORTAL,2026-09-01T00:00:00Z
13015,Wokha,NL,jjm_tap_coverage,0.742,JJM_API,2026-09-01T00:00:00Z
13015,Wokha,NL,pmgsy_road_connected,0.902,PMGSY_API,2026-09-01T00:00:00Z
13015,Wokha,NL,swachh_odf_status,0.813,SWACHH_API,2026-09-01T00:00:00Z
13015,Wokha,NL,udise_schools_per_1000,1.64,UDISE_API,2026-09-01T00:00:00Z
13015,Wokha,NL,hospital_beds_per_1000,1.07,HEALTH_PORTAL,2026-09-01T00:00:00Z
13016,Zunheboto,NL,jjm_tap_coverage,0.686,JJM_API,2026-09-01T00:00:00Z
13016,Zunheboto,NL,pmgsy_road_connected,0.86,PMGSY_API,2026-09-01T00:00:00Z
13016,Zunheboto,NL,swachh_odf_status,0.844,SWACHH_API,2026-09-01T00:00:00Z
13016,Zunheboto,NL,udise_schools_per_1000,1.27,UDISE_API,2026-09-01T00:00:00Z
13016,Zunheboto,NL,hospital_beds_per_1000,1.67,HEALTH_PORTAL,2026-09-01T00:00:00Z
21001,Angul,OD,jjm_tap_coverage,0.941,JJM_API,2026-09-01T00:00:00Z
21001,Angul,OD,pmgsy_road_connected,0.807,PMGSY_API,2026-09-01T00:00:00Z
21001,Angul,OD,swachh_odf_status,0.82,SWACHH_API,2026-09-01T00:00:00Z
21001,Angul,OD,udise_schools_per_1000,2.62,UDISE_API,2026-09-01T00:00:00Z
21001,Angul,OD,hospital_beds_per_1000,2.44,HEALTH_PORTAL,2026-09-01T00:00:00Z
21002,Balangir,OD,jjm_tap_coverage,0.625,JJM_API,2026-09-01T00:00:00Z
21002,Balangir,OD,pmgsy_road_connected,0.661,PMGSY_API,2026-09-01T00:00:00Z
21002,Balangir,OD,swachh_odf_status,0.893,SWACHH_API,2026-09-01T00:00:00Z
21002,Balangir,OD,udise_schools_per_1000,2.77,UDISE_API,2026-09-01T00:00:00Z
21002,Balangir,OD,hospital_beds_per_1000,2.32,HEALTH_PORTAL,2026-09-01T00:00:00Z
21003,Balasore,OD,jjm_tap_coverage,0.81,JJM_API,2026-09-01T00:00:00Z
21003,Balasore,OD,pmgsy_road_connected,0.698,PMGSY_API,2026-09-01T00:00:00Z
21003,Balasore,OD,swachh_odf_status,0.957,SWACHH_API,2026-09-01T00:00:00Z
21003,Balasore,OD,udise_schools_per_1000,2.55,UDISE_API,2026-09-01T00:00:00Z
21003,Balasore,OD,hospital_beds_per_1000,2.09,HEALTH_PORTAL,2026-09-01T00:00:00Z
21004,Bargarh,OD,jjm_tap_coverage,0.425,JJM_API,2026-09-01T00:00:00Z
21004,Bargarh,OD,pmgsy_road_connected,0.556,PMGSY_API,2026-09-01T00:00:00Z
21004,Bargarh,OD,swachh_odf_status,0.958,SWACHH_API,2026-09-01T00:00:00Z
21004,Bargarh,OD,udise_schools_per_1000,2.58,UDISE_API,2026-09-01T00:00:00Z
21004,Bargarh,OD,hospital_beds_per_1000,1.77,HEALTH_PORTAL,2026-09-01T00:00:00Z
21005,Bhadrak,OD,jjm_tap_coverage,0.759,JJM_API,2026-09-01T00:00:00Z
21005,Bhadrak,OD,pmgsy_road_connected,0.632,PMGSY_API,2026-09-01T00:00:00Z
21005,Bhadrak,OD,swachh_odf_status,0.843,SWACHH_API,2026-09-01T00:00:00Z
21005,Bhadrak,OD,udise_schools_per_1000,2.25,UDISE_API,2026-09-01T00:00:00Z
21005,Bhadrak,OD,hospital_beds_per_1000,2.24,HEALTH_PORTAL,2026-09-01T00:00:00Z
21006,Boudh,OD,jjm_tap_coverage,0.717,JJM_API,2026-09-01T00:00:00Z
21006,Boudh,OD,pmgsy_road_connected,0.838,PMGSY_API,2026-09-01T00:00:00Z
21006,Boudh,OD,swachh_odf_status,0.993,SWACHH_API,2026-09-01T00:00:00Z
21006,Boudh,OD,udise_schools_per_1000,1.53,UDISE_API,2026-09-01T00:00:00Z
21006,Boudh,OD,hospital_beds_per_1000,2.03,HEALTH_PORTAL,2026-09-01T00:00:00Z
21007,Cuttack,OD,jjm_tap_coverage,0.7,JJM_API,2026-09-01T00:00:00Z
21007,Cuttack,OD,pmgsy_road_connected,0.886,PMGSY_API,2026-09-01T00:00:00Z
21007,Cuttack,OD,swachh_odf_status,0.849,SWACHH_API,2026-09-01T00:00:00Z
21007,Cuttack,OD,udise_schools_per_1000,2.8,UDISE_API,2026-09-01T00:00:00Z
21007,Cuttack,OD,hospital_beds_per_1000,0.96,HEALTH_PORTAL,2026-09-01T00:00:00Z
21008,Deogarh,OD,jjm_tap_coverage,0.505,JJM_API,2026-09-01T00:00:00Z
21008,Deogarh,OD,pmgsy_road_connected,0.966,PMGSY_API,2026-09-01T00:00:00Z
21008,Deogarh,OD,swachh_odf_status,0.828,SWACHH_API,2026-09-01T00:00:00Z
21008,Deogarh,OD,udise_schools_per_1000,1.13,UDISE_API,2026-09-01T00:00:00Z
21008,Deogarh,OD,hospital_beds_per_1000,1.5,HEALTH_PORTAL,2026-09-01T00:00:00Z
21009,Dhenkanal,OD,jjm_tap_coverage,0.695,JJM_API,2026-09-01T00:00:00Z
21009,Dhenkanal,OD,pmgsy_road_connected,0.971,PMGSY_API,2026-09-01T00:00:00Z
21009,Dhenkanal,OD,swachh_odf_status,0.919,SWACHH_API,2026-09-01T00:00:00Z
21009,Dhenkanal,OD,udise_schools_per_1000,1.68,UDISE_API,2026-09-01T00:00:00Z
21009,Dhenkanal,OD,hospital_beds_per_1000,1.19,HEALTH_PORTAL,2026-09-01T00:00:00Z
21010,Gajapati,OD,jjm_tap_coverage,0.925,JJM_API,2026-09-01T00:00:00Z
21010,Gajapati,OD,pmgsy_road_connected,0.975,PMGSY_API,2026-09-01T00:00:00Z
21010,Gajapati,OD,swachh_odf_status,0.952,SWACHH_API,2026-09-01T00:00:00Z
21010,Gajapati,OD,udise_schools_per_1000,2.07,UDISE_API,2026-09-01T00:00:00Z
21010,Gajapati,OD,hospital_beds_per_1000,2.33,HEALTH_PORTAL,2026-09-01T00:00:00Z
21011,Ganjam,OD,jjm_tap_coverage,0.685,JJM_API,2026-09-01T00:00:00Z
21011,Ganjam,OD,pmgsy_road_connected,0.648,PMGSY_API,2026-09-01T00:00:00Z
21011,Ganjam,OD,swachh_odf_status,0.781,SWACHH_API,2026-09-01T00:00:00Z
21011,Ganjam,OD,udise_schools_per_1000,1.71,UDISE_API,2026-09-01T00:00:00Z
21011,Ganjam,OD,hospital_beds_per_1000,1.78,HEALTH_PORTAL,2026-09-01T00:00:00Z
21012,Jagatsinghpur,OD,jjm_tap_coverage,0.436,JJM_API,2026-09-01T00:00:00Z
21012,Jagatsinghpur,OD,pmgsy_road_connected,0.833,PMGSY_API,2026-09-01T00:00:00Z
21012,Jagatsinghpur,OD,swachh_odf_status,0.873,SWACHH_API,2026-09-01T00:00:00Z
21012,Jagatsinghpur,OD,udise_schools_per_1000,1.73,UDISE_API,2026-09-01T00:00:00Z
21012,Jagatsinghpur,OD,hospital_beds_per_1000,2.07,HEALTH_PORTAL,2026-09-01T00:00:00Z
21013,Jajpur,OD,jjm_tap_coverage,0.603,JJM_API,2026-09-01T00:00:00Z
21013,Jajpur,OD,pmgsy_road_connected,0.918,PMGSY_API,2026-09-01T00:00:00Z
21013,Jajpur,OD,swachh_odf_status,0.788,SWACHH_API,2026-09-01T00:00:00Z
21013,Jajpur,OD,udise_schools_per_1000,1.58,UDISE_API,2026-09-01T00:00:00Z
21013,Jajpur,OD,hospital_beds_per_1000,1.67,HEALTH_PORTAL,2026-09-01T00:00:00Z
21014,Jharsuguda,OD,jjm_tap_coverage,0.876,JJM_API,2026-09-01T00:00:00Z
21014,Jharsuguda,OD,pmgsy_road_connected,0.747,PMGSY_API,2026-09-01T00:00:00Z
21014,Jharsuguda,OD,swachh_odf_status,0.805,SWACHH_API,2026-09-01T00:00:00Z
21014,Jharsuguda,OD,udise_schools_per_1000,2.65,UDISE_API,2026-09-01T00:00:00Z
21014,Jharsuguda,OD,hospital_beds_per_1000,1.1,HEALTH_PORTAL,2026-09-01T00:00:00Z
21015,Kalahandi,OD,jjm_tap_coverage,0.537,JJM_API,2026-09-01T00:00:00Z
21015,Kalahandi,OD,pmgsy_road_connected,0.806,PMGSY_API,2026-09-01T00:00:00Z
21015,Kalahandi,OD,swachh_odf_status,0.782,SWACHH_API,2026-09-01T00:00:00Z
21015,Kalahandi,OD,udise_schools_per_1000,2.29,UDISE_API,2026-09-01T00:00:00Z
21015,Kalahandi,OD,hospital_beds_per_1000,1.71,HEALTH_PORTAL,2026-09-01T00:00:00Z
21016,Kandhamal,OD,jjm_tap_coverage,0.524,JJM_API,2026-09-01T00:00:00Z
21016,Kandhamal,OD,pmgsy_road_connected,0.568,PMGSY_API,2026-09-01T00:00:00Z
21016,Kandhamal,OD,swachh_odf_status,0.957,SWACHH_API,2026-09-01T00:00:00Z
21016,Kandhamal,OD,udise_schools_per_1000,2.36,UDISE_API,2026-09-01T00:00:00Z
21016,Kandhamal,OD,hospital_beds_per_1000,2.26,HEALTH_PORTAL,2026-09-01T00:00:00Z
21017,Kendrapara,OD,jjm_tap_coverage,0.936,JJM_API,2026-09-01T00:00:00Z
21017,Kendrapara,OD,pmgsy_road_connected,0.761,PMGSY_API,2026-09-01T00:00:00Z
21017,Kendrapara,OD,swachh_odf_status,0.911,SWACHH_API,2026-09-01T00:00:00Z
21017,Kendrapara,OD,udise_schools_per_1000,2.45,UDISE_API,2026-09-01T00:00:00Z
21017,Kendrapara,OD,hospital_beds_per_1000,1.87,HEALTH_PORTAL,2026-09-01T00:00:00Z
21018,Kendujhar,OD,jjm_tap_coverage,0.499,JJM_API,2026-09-01T00:00:00Z
21018,Kendujhar,OD,pmgsy_road_connected,0.751,PMGSY_API,2026-09-01T00:00:00Z
21018,Kendujhar,OD,swachh_odf_status,0.985,SWACHH_API,2026-09-01T00:00:00Z
21018,Kendujhar,OD,udise_schools_per_1000,2.77,UDISE_API,2026-09-01T00:00:00Z
21018,Kendujhar,OD,hospital_beds_per_1000,2.34,HEALTH_PORTAL,2026-09-01T00:00:00Z
21019,Khordha,OD,jjm_tap_coverage,0.518,JJM_API,2026-09-01T00:00:00Z
21019,Khordha,OD,pmgsy_road_connected,0.556,PMGSY_API,2026-09-01T00:00:00Z
21019,Khordha,OD,swachh_odf_status,0.977,SWACHH_API,2026-09-01T00:00:00Z
21019,Khordha,OD,udise_schools_per_1000,2.22,UDISE_API,2026-09-01T00:00:00Z
21019,Khordha,OD,hospital_beds_per_1000,2.42,HEALTH_PORTAL,2026-09-01T00:00:00Z
21020,Koraput,OD,jjm_tap_coverage,0.725,JJM_API,2026-09-01T00:00:00Z
21020,Koraput,OD,pmgsy_road_connected,0.714,PMGSY_API,2026-09-01T00:00:00Z
21020,Koraput,OD,swachh_odf_status,0.978,SWACHH_API,2026-09-01T00:00:00Z
21020,Koraput,OD,udise_schools_per_1000,2.33,UDISE_API,2026-09-01T00:00:00Z
21020,Koraput,OD,hospital_beds_per_1000,1.63,HEALTH_PORTAL,2026-09-01T00:00:00Z
21021,Malkangiri,OD,jjm_tap_coverage,0.934,JJM_API,2026-09-01T00:00:00Z
21021,Malkangiri,OD,pmgsy_road_connected,0.982,PMGSY_API,2026-09-01T00:00:00Z
21021,Malkangiri,OD,swachh_odf_status,0.812,SWACHH_API,2026-09-01T00:00:00Z
21021,Malkangiri,OD,udise_schools_per_1000,1.68,UDISE_API,2026-09-01T00:00:00Z
21021,Malkangiri,OD,hospital_beds_per_1000,1.8,HEALTH_PORTAL,2026-09-01T00:00:00Z
21022,Mayurbhanj,OD,jjm_tap_coverage,0.945,JJM_API,2026-09-01T00:00:00Z
21022,Mayurbhanj,OD,pmgsy_road_connected,0.78,PMGSY_API,2026-09-01T00:00:00Z
21022,Mayurbhanj,OD,swachh_odf_status,0.96,SWACHH_API,2026-09-01T00:00:00Z
21022,Mayurbhanj,OD,udise_schools_per_1000,1.47,UDISE_API,2026-09-01T00:00:00Z
21022,Mayurbhanj,OD,hospital_beds_per_1000,1.27,HEALTH_PORTAL,2026-09-01T00:00:00Z
21023,Nabarangpur,OD,jjm_tap_coverage,0.488,JJM_API,2026-09-01T00:00:00Z
21023,Nabarangpur,OD,pmgsy_road_connected,0.632,PMGSY_API,2026-09-01T00:00:00Z
21023,Nabarangpur,OD,swachh_odf_status,0.951,SWACHH_API,2026-09-01T00:00:00Z
21023,Nabarangpur,OD,udise_schools_per_1000,1.22,UDISE_API,2026-09-01T00:00:00Z
21023,Nabarangpur,OD,hospital_beds_per_1000,1.08,HEALTH_PORTAL,2026-09-01T00:00:00Z
21024,Nayagarh,OD,jjm_tap_coverage,0.952,JJM_API,2026-09-01T00:00:00Z
21024,Nayagarh,OD,pmgsy_road_connected,0.851,PMGSY_API,2026-09-01T00:00:00Z
21024,Nayagarh,OD,swachh_odf_status,0.999,SWACHH_API,2026-09-01T00:00:00Z
21024,Nayagarh,OD,udise_schools_per_1000,1.75,UDISE_API,2026-09-01T00:00:00Z
21024,Nayagarh,OD,hospital_beds_per_1000,2.43,HEALTH_PORTAL,2026-09-01T00:00:00Z
21025,Nuapada,OD,jjm_tap_coverage,0.459,JJM_API,2026-09-01T00:00:00Z
21025,Nuapada,OD,pmgsy_road_connected,0.63,PMGSY_API,2026-09-01T00:00:00Z
21025,Nuapada,OD,swachh_odf_status,0.84,SWACHH_API,2026-09-01T00:00:00Z
21025,Nuapada,OD,udise_schools_per_1000,2.06,UDISE_API,2026-09-01T00:00:00Z
21025,Nuapada,OD,hospital_beds_per_1000,2.12,HEALTH_PORTAL,2026-09-01T00:00:00Z
21026,Puri,OD,jjm_tap_coverage,0.905,JJM_API,2026-09-01T00:00:00Z
21026,Puri,OD,pmgsy_road_connected,0.807,PMGSY_API,2026-09-01T00:00:00Z
21026,Puri,OD,swachh_odf_status,0.889,SWACHH_API,2026-09-01T00:00:00Z
21026,Puri,OD,udise_schools_per_1000,2.31,UDISE_API,2026-09-01T00:00:00Z
21026,Puri,OD,hospital_beds_per_1000,2.14,HEALTH_PORTAL,2026-09-01T00:00:00Z
21027,Rayagada,OD,jjm_tap_coverage,0.704,JJM_API,2026-09-01T00:00:00Z
21027,Rayagada,OD,pmgsy_road_connected,0.657,PMGSY_API,2026-09-01T00:00:00Z
21027,Rayagada,OD,swachh_odf_status,0.984,SWACHH_API,2026-09-01T00:00:00Z
21027,Rayagada,OD,udise_schools_per_1000,1.33,UDISE_API,2026-09-01T00:00:00Z
21027,Rayagada,OD,hospital_beds_per_1000,0.65,HEALTH_PORTAL,2026-09-01T00:00:00Z
21028,Sambalpur,OD,jjm_tap_coverage,0.599,JJM_API,2026-09-01T00:00:00Z
21028,Sambalpur,OD,pmgsy_road_connected,0.657,PMGSY_API,2026-09-01T00:00:00Z
21028,Sambalpur,OD,swachh_odf_status,0.886,SWACHH_API,2026-09-01T00:00:00Z
21028,Sambalpur,OD,udise_schools_per_1000,1.46,UDISE_API,2026-09-01T00:00:00Z
21028,Sambalpur,OD,hospital_beds_per_1000,1.86,HEALTH_PORTAL,2026-09-01T00:00:00Z
21029,Subarnapur,OD,jjm_tap_coverage,0.857,JJM_API,2026-09-01T00:00:00Z
21029,Subarnapur,OD,pmgsy_road_connected,0.562,PMGSY_API,2026-09-01T00:00:00Z
21029,Subarnapur,OD,swachh_odf_status,0.928,SWACHH_API,2026-09-01T00:00:00Z
21029,Subarnapur,OD,udise_schools_per_1000,2.68,UDISE_API,2026-09-01T00:00:00Z
21029,Subarnapur,OD,hospital_beds_per_1000,1.34,HEALTH_PORTAL,2026-09-01T00:00:00Z
21030,Sundargarh,OD,jjm_tap_coverage,0.59,JJM_API,2026-09-01T00:00:00Z
21030,Sundargarh,OD,pmgsy_road_connected,0.786,PMGSY_API,2026-09-01T00:00:00Z
21030,Sundargarh,OD,swachh_odf_status,0.852,SWACHH_API,2026-09-01T00:00:00Z
21030,Sundargarh,OD,udise_schools_per_1000,1.62,UDISE_API,2026-09-01T00:00:00Z
21030,Sundargarh,OD,hospital_beds_per_1000,2.4,HEALTH_PORTAL,2026-09-01T00:00:00Z
3001,Amritsar,PB,jjm_tap_coverage,0.737,JJM_API,2026-09-01T00:00:00Z
3001,Amritsar,PB,pmgsy_road_connected,0.703,PMGSY_API,2026-09-01T00:00:00Z
3001,Amritsar,PB,swachh_odf_status,0.847,SWACHH_API,2026-09-01T00:00:00Z
3001,Amritsar,PB,udise_schools_per_1000,2.5,UDISE_API,2026-09-01T00:00:00Z
3001,Amritsar,PB,hospital_beds_per_1000,1.58,HEALTH_PORTAL,2026-09-01T00:00:00Z
3002,Barnala,PB,jjm_tap_coverage,0.63,JJM_API,2026-09-01T00:00:00Z
3002,Barnala,PB,pmgsy_road_connected,0.722,PMGSY_API,2026-09-01T00:00:00Z
3002,Barnala,PB,swachh_odf_status,0.938,SWACHH_API,2026-09-01T00:00:00Z
3002,Barnala,PB,udise_schools_per_1000,2.69,UDISE_API,2026-09-01T00:00:00Z
3002,Barnala,PB,hospital_beds_per_1000,1.47,HEALTH_PORTAL,2026-09-01T00:00:00Z
3003,Bathinda,PB,jjm_tap_coverage,0.498,JJM_API,2026-09-01T00:00:00Z
3003,Bathinda,PB,pmgsy_road_connected,0.604,PMGSY_API,2026-09-01T00:00:00Z
3003,Bathinda,PB,swachh_odf_status,0.947,SWACHH_API,2026-09-01T00:00:00Z
3003,Bathinda,PB,udise_schools_per_1000,2.79,UDISE_API,2026-09-01T00:00:00Z
3003,Bathinda,PB,hospital_beds_per_1000,0.68,HEALTH_PORTAL,2026-09-01T00:00:00Z
3004,Faridkot,PB,jjm_tap_coverage,0.516,JJM_API,2026-09-01T00:00:00Z
3004,Faridkot,PB,pmgsy_road_connected,0.975,PMGSY_API,2026-09-01T00:00:00Z
3004,Faridkot,PB,swachh_odf_status,0.864,SWACHH_API,2026-09-01T00:00:00Z
3004,Faridkot,PB,udise_schools_per_1000,2.02,UDISE_API,2026-09-01T00:00:00Z
3004,Faridkot,PB,hospital_beds_per_1000,0.63,HEALTH_PORTAL,2026-09-01T00:00:00Z
3005,Fatehgarh Sahib,PB,jjm_tap_coverage,0.504,JJM_API,2026-09-01T00:00:00Z
3005,Fatehgarh Sahib,PB,pmgsy_road_connected,0.941,PMGSY_API,2026-09-01T00:00:00Z
3005,Fatehgarh Sahib,PB,swachh_odf_status,0.967,SWACHH_API,2026-09-01T00:00:00Z
3005,Fatehgarh Sahib,PB,udise_schools_per_1000,2.38,UDISE_API,2026-09-01T00:00:00Z
3005,Fatehgarh Sahib,PB,hospital_beds_per_1000,0.64,HEALTH_PORTAL,2026-09-01T00:00:00Z
3006,Fazilka,PB,jjm_tap_coverage,0.958,JJM_API,2026-09-01T00:00:00Z
3006,Fazilka,PB,pmgsy_road_connected,0.852,PMGSY_API,2026-09-01T00:00:00Z
3006,Fazilka,PB,swachh_odf_status,0.904,SWACHH_API,2026-09-01T00:00:00Z
3006,Fazilka,PB,udise_schools_per_1000,2.2,UDISE_API,2026-09-01T00:00:00Z
3006,Fazilka,PB,hospital_beds_per_1000,0.72,HEALTH_PORTAL,2026-09-01T00:00:00Z
3007,Ferozepur,PB,jjm_tap_coverage,0.816,JJM_API,2026-09-01T00:00:00Z
3007,Ferozepur,PB,pmgsy_road_connected,0.62,PMGSY_API,2026-09-01T00:00:00Z
3007,Ferozepur,PB,swachh_odf_status,0.915,SWACHH_API,2026-09-01T00:00:00Z
3007,Ferozepur,PB,udise_schools_per_1000,2.04,UDISE_API,2026-09-01T00:00:00Z
3007,Ferozepur,PB,hospital_beds_per_1000,1.08,HEALTH_PORTAL,2026-09-01T00:00:00Z
3008,Gurdaspur,PB,jjm_tap_coverage,0.757,JJM_API,2026-09-01T00:00:00Z
3008,Gurdaspur,PB,pmgsy_road_connected,0.584,PMGSY_API,2026-09-01T00:00:00Z
3008,Gurdaspur,PB,swachh_odf_status,0.95,SWACHH_API,2026-09-01T00:00:00Z
3008,Gurdaspur,PB,udise_schools_per_1000,1.56,UDISE_API,2026-09-01T00:00:00Z
3008,Gurdaspur,PB,hospital_beds_per_1000,2.09,HEALTH_PORTAL,2026-09-01T00:00:00Z
3009,Hoshiarpur,PB,jjm_tap_coverage,0.675,JJM_API,2026-09-01T00:00:00Z
3009,Hoshiarpur,PB,pmgsy_road_connected,0.862,PMGSY_API,2026-09-01T00:00:00Z
3009,Hoshiarpur,PB,swachh_odf_status,0.937,SWACHH_API,2026-09-01T00:00:00Z
3009,Hoshiarpur,PB,udise_schools_per_1000,1.38,UDISE_API,2026-09-01T00:00:00Z
3009,Hoshiarpur,PB,hospital_beds_per_1000,1.75,HEALTH_PORTAL,2026-09-01T00:00:00Z
3010,Jalandhar,PB,jjm_tap_coverage,0.756,JJM_API,2026-09-01T00:00:00Z
3010,Jalandhar,PB,pmgsy_road_connected,0.712,PMGSY_API,2026-09-01T00:00:00Z
3010,Jalandhar,PB,swachh_odf_status,0.846,SWACHH_API,2026-09-01T00:00:00Z
3010,Jalandhar,PB,udise_schools_per_1000,2.13,UDISE_API,2026-09-01T00:00:00Z
3010,Jalandhar,PB,hospital_beds_per_1000,1.38,HEALTH_PORTAL,2026-09-01T00:00:00Z
3011,Kapurthala,PB,jjm_tap_coverage,0.557,JJM_API,2026-09-01T00:00:00Z
3011,Kapurthala,PB,pmgsy_road_connected,0.614,PMGSY_API,2026-09-01T00:00:00Z
3011,Kapurthala,PB,swachh_odf_status,0.921,SWACHH_API,2026-09-01T00:00:00Z
3011,Kapurthala,PB,udise_schools_per_1000,1.27,UDISE_API,2026-09-01T00:00:00Z
3011,Kapurthala,PB,hospital_beds_per_1000,1.31,HEALTH_PORTAL,2026-09-01T00:00:00Z
3012,Ludhiana,PB,jjm_tap_coverage,0.671,JJM_API,2026-09-01T00:00:00Z
3012,Ludhiana,PB,pmgsy_road_connected,0.697,PMGSY_API,2026-09-01T00:00:00Z
3012,Ludhiana,PB,swachh_odf_status,0.915,SWACHH_API,2026-09-01T00:00:00Z
3012,Ludhiana,PB,udise_schools_per_1000,1.69,UDISE_API,2026-09-01T00:00:00Z
3012,Ludhiana,PB,hospital_beds_per_1000,1.22,HEALTH_PORTAL,2026-09-01T00:00:00Z
3013,Malerkotla,PB,jjm_tap_coverage,0.543,JJM_API,2026-09-01T00:00:00Z
3013,Malerkotla,PB,pmgsy_road_connected,0.569,PMGSY_API,2026-09-01T00:00:00Z
3013,Malerkotla,PB,swachh_odf_status,0.783,SWACHH_API,2026-09-01T00:00:00Z
3013,Malerkotla,PB,udise_schools_per_1000,1.33,UDISE_API,2026-09-01T00:00:00Z
3013,Malerkotla,PB,hospital_beds_per_1000,1.39,HEALTH_PORTAL,2026-09-01T00:00:00Z
3014,Mansa,PB,jjm_tap_coverage,0.743,JJM_API,2026-09-01T00:00:00Z
3014,Mansa,PB,pmgsy_road_connected,0.791,PMGSY_API,2026-09-01T00:00:00Z
3014,Mansa,PB,swachh_odf_status,0.978,SWACHH_API,2026-09-01T00:00:00Z
3014,Mansa,PB,udise_schools_per_1000,2.36,UDISE_API,2026-09-01T00:00:00Z
3014,Mansa,PB,hospital_beds_per_1000,1.8,HEALTH_PORTAL,2026-09-01T00:00:00Z
3015,Moga,PB,jjm_tap_coverage,0.68,JJM_API,2026-09-01T00:00:00Z
3015,Moga,PB,pmgsy_road_connected,0.617,PMGSY_API,2026-09-01T00:00:00Z
3015,Moga,PB,swachh_odf_status,0.802,SWACHH_API,2026-09-01T00:00:00Z
3015,Moga,PB,udise_schools_per_1000,2.02,UDISE_API,2026-09-01T00:00:00Z
3015,Moga,PB,hospital_beds_per_1000,1.29,HEALTH_PORTAL,2026-09-01T00:00:00Z
3016,Muktsar,PB,jjm_tap_coverage,0.58,JJM_API,2026-09-01T00:00:00Z
3016,Muktsar,PB,pmgsy_road_connected,0.819,PMGSY_API,2026-09-01T00:00:00Z
3016,Muktsar,PB,swachh_odf_status,0.816,SWACHH_API,2026-09-01T00:00:00Z
3016,Muktsar,PB,udise_schools_per_1000,1.37,UDISE_API,2026-09-01T00:00:00Z
3016,Muktsar,PB,hospital_beds_per_1000,1.22,HEALTH_PORTAL,2026-09-01T00:00:00Z
3017,Pathankot,PB,jjm_tap_coverage,0.476,JJM_API,2026-09-01T00:00:00Z
3017,Pathankot,PB,pmgsy_road_connected,0.988,PMGSY_API,2026-09-01T00:00:00Z
3017,Pathankot,PB,swachh_odf_status,0.798,SWACHH_API,2026-09-01T00:00:00Z
3017,Pathankot,PB,udise_schools_per_1000,1.17,UDISE_API,2026-09-01T00:00:00Z
3017,Pathankot,PB,hospital_beds_per_1000,0.6,HEALTH_PORTAL,2026-09-01T00:00:00Z
3018,Patiala,PB,jjm_tap_coverage,0.621,JJM_API,2026-09-01T00:00:00Z
3018,Patiala,PB,pmgsy_road_connected,0.774,PMGSY_API,2026-09-01T00:00:00Z
3018,Patiala,PB,swachh_odf_status,0.845,SWACHH_API,2026-09-01T00:00:00Z
3018,Patiala,PB,udise_schools_per_1000,2.3,UDISE_API,2026-09-01T00:00:00Z
3018,Patiala,PB,hospital_beds_per_1000,1.36,HEALTH_PORTAL,2026-09-01T00:00:00Z
3019,Rupnagar,PB,jjm_tap_coverage,0.828,JJM_API,2026-09-01T00:00:00Z
3019,Rupnagar,PB,pmgsy_road_connected,0.683,PMGSY_API,2026-09-01T00:00:00Z
3019,Rupnagar,PB,swachh_odf_status,0.936,SWACHH_API,2026-09-01T00:00:00Z
3019,Rupnagar,PB,udise_schools_per_1000,2.62,UDISE_API,2026-09-01T00:00:00Z
3019,Rupnagar,PB,hospital_beds_per_1000,1.85,HEALTH_PORTAL,2026-09-01T00:00:00Z
3020,Sahibzada Ajit Singh Nagar,PB,jjm_tap_coverage,0.653,JJM_API,2026-09-01T00:00:00Z
3020,Sahibzada Ajit Singh Nagar,PB,pmgsy_road_connected,0.764,PMGSY_API,2026-09-01T00:00:00Z
3020,Sahibzada Ajit Singh Nagar,PB,swachh_odf_status,0.997,SWACHH_API,2026-09-01T00:00:00Z
3020,Sahibzada Ajit Singh Nagar,PB,udise_schools_per_1000,1.35,UDISE_API,2026-09-01T00:00:00Z
3020,Sahibzada Ajit Singh Nagar,PB,hospital_beds_per_1000,2.28,HEALTH_PORTAL,2026-09-01T00:00:00Z
3021,Sangrur,PB,jjm_tap_coverage,0.664,JJM_API,2026-09-01T00:00:00Z
3021,Sangrur,PB,pmgsy_road_connected,0.968,PMGSY_API,2026-09-01T00:00:00Z
3021,Sangrur,PB,swachh_odf_status,0.956,SWACHH_API,2026-09-01T00:00:00Z
3021,Sangrur,PB,udise_schools_per_1000,1.87,UDISE_API,2026-09-01T00:00:00Z
3021,Sangrur,PB,hospital_beds_per_1000,1.97,HEALTH_PORTAL,2026-09-01T00:00:00Z
3022,Shahid Bhagat Singh Nagar,PB,jjm_tap_coverage,0.569,JJM_API,2026-09-01T00:00:00Z
3022,Shahid Bhagat Singh Nagar,PB,pmgsy_road_connected,0.784,PMGSY_API,2026-09-01T00:00:00Z
3022,Shahid Bhagat Singh Nagar,PB,swachh_odf_status,0.789,SWACHH_API,2026-09-01T00:00:00Z
3022,Shahid Bhagat Singh Nagar,PB,udise_schools_per_1000,2.72,UDISE_API,2026-09-01T00:00:00Z
3022,Shahid Bhagat Singh Nagar,PB,hospital_beds_per_1000,1.45,HEALTH_PORTAL,2026-09-01T00:00:00Z
3023,Tarn Taran,PB,jjm_tap_coverage,0.519,JJM_API,2026-09-01T00:00:00Z
3023,Tarn Taran,PB,pmgsy_road_connected,0.839,PMGSY_API,2026-09-01T00:00:00Z
3023,Tarn Taran,PB,swachh_odf_status,0.783,SWACHH_API,2026-09-01T00:00:00Z
3023,Tarn Taran,PB,udise_schools_per_1000,1.83,UDISE_API,2026-09-01T00:00:00Z
3023,Tarn Taran,PB,hospital_beds_per_1000,1.22,HEALTH_PORTAL,2026-09-01T00:00:00Z
8001,Ajmer,RJ,jjm_tap_coverage,0.96,JJM_API,2026-09-01T00:00:00Z
8001,Ajmer,RJ,pmgsy_road_connected,0.6,PMGSY_API,2026-09-01T00:00:00Z
8001,Ajmer,RJ,swachh_odf_status,0.879,SWACHH_API,2026-09-01T00:00:00Z
8001,Ajmer,RJ,udise_schools_per_1000,1.31,UDISE_API,2026-09-01T00:00:00Z
8001,Ajmer,RJ,hospital_beds_per_1000,2.06,HEALTH_PORTAL,2026-09-01T00:00:00Z
8002,Alwar,RJ,jjm_tap_coverage,0.437,JJM_API,2026-09-01T00:00:00Z
8002,Alwar,RJ,pmgsy_road_connected,0.926,PMGSY_API,2026-09-01T00:00:00Z
8002,Alwar,RJ,swachh_odf_status,0.954,SWACHH_API,2026-09-01T00:00:00Z
8002,Alwar,RJ,udise_schools_per_1000,1.84,UDISE_API,2026-09-01T00:00:00Z
8002,Alwar,RJ,hospital_beds_per_1000,2.13,HEALTH_PORTAL,2026-09-01T00:00:00Z
8003,Anupgarh,RJ,jjm_tap_coverage,0.653,JJM_API,2026-09-01T00:00:00Z
8003,Anupgarh,RJ,pmgsy_road_connected,0.919,PMGSY_API,2026-09-01T00:00:00Z
8003,Anupgarh,RJ,swachh_odf_status,0.993,SWACHH_API,2026-09-01T00:00:00Z
8003,Anupgarh,RJ,udise_schools_per_1000,2.57,UDISE_API,2026-09-01T00:00:00Z
8003,Anupgarh,RJ,hospital_beds_per_1000,0.76,HEALTH_PORTAL,2026-09-01T00:00:00Z
8004,Balotra,RJ,jjm_tap_coverage,0.577,JJM_API,2026-09-01T00:00:00Z
8004,Balotra,RJ,pmgsy_road_connected,0.924,PMGSY_API,2026-09-01T00:00:00Z
8004,Balotra,RJ,swachh_odf_status,0.996,SWACHH_API,2026-09-01T00:00:00Z
8004,Balotra,RJ,udise_schools_per_1000,2.76,UDISE_API,2026-09-01T00:00:00Z
8004,Balotra,RJ,hospital_beds_per_1000,1.29,HEALTH_PORTAL,2026-09-01T00:00:00Z
8005,Banswara,RJ,jjm_tap_coverage,0.931,JJM_API,2026-09-01T00:00:00Z
8005,Banswara,RJ,pmgsy_road_connected,0.585,PMGSY_API,2026-09-01T00:00:00Z
8005,Banswara,RJ,swachh_odf_status,0.937,SWACHH_API,2026-09-01T00:00:00Z
8005,Banswara,RJ,udise_schools_per_1000,2.69,UDISE_API,2026-09-01T00:00:00Z
8005,Banswara,RJ,hospital_beds_per_1000,2.25,HEALTH_PORTAL,2026-09-01T00:00:00Z
8006,Baran,RJ,jjm_tap_coverage,0.466,JJM_API,2026-09-01T00:00:00Z
8006,Baran,RJ,pmgsy_road_connected,0.624,PMGSY_API,2026-09-01T00:00:00Z
8006,Baran,RJ,swachh_odf_status,0.923,SWACHH_API,2026-09-01T00:00:00Z
8006,Baran,RJ,udise_schools_per_1000,2.07,UDISE_API,2026-09-01T00:00:00Z
8006,Baran,RJ,hospital_beds_per_1000,2.25,HEALTH_PORTAL,2026-09-01T00:00:00Z
8007,Barmer,RJ,jjm_tap_coverage,0.93,JJM_API,2026-09-01T00:00:00Z
8007,Barmer,RJ,pmgsy_road_connected,0.677,PMGSY_API,2026-09-01T00:00:00Z
8007,Barmer,RJ,swachh_odf_status,0.835,SWACHH_API,2026-09-01T00:00:00Z
8007,Barmer,RJ,udise_schools_per_1000,2.56,UDISE_API,2026-09-01T00:00:00Z
8007,Barmer,RJ,hospital_beds_per_1000,0.84,HEALTH_PORTAL,2026-09-01T00:00:00Z
8008,Beawar,RJ,jjm_tap_coverage,0.822,JJM_API,2026-09-01T00:00:00Z
8008,Beawar,RJ,pmgsy_road_connected,0.915,PMGSY_API,2026-09-01T00:00:00Z
8008,Beawar,RJ,swachh_odf_status,0.783,SWACHH_API,2026-09-01T00:00:00Z
8008,Beawar,RJ,udise_schools_per_1000,1.28,UDISE_API,2026-09-01T00:00:00Z
8008,Beawar,RJ,hospital_beds_per_1000,0.99,HEALTH_PORTAL,2026-09-01T00:00:00Z
8009,Bharatpur,RJ,jjm_tap_coverage,0.839,JJM_API,2026-09-01T00:00:00Z
8009,Bharatpur,RJ,pmgsy_road_connected,0.781,PMGSY_API,2026-09-01T00:00:00Z
8009,Bharatpur,RJ,swachh_odf_status,0.825,SWACHH_API,2026-09-01T00:00:00Z
8009,Bharatpur,RJ,udise_schools_per_1000,1.29,UDISE_API,2026-09-01T00:00:00Z
8009,Bharatpur,RJ,hospital_beds_per_1000,1.15,HEALTH_PORTAL,2026-09-01T00:00:00Z
8010,Bhilwara,RJ,jjm_tap_coverage,0.482,JJM_API,2026-09-01T00:00:00Z
8010,Bhilwara,RJ,pmgsy_road_connected,0.867,PMGSY_API,2026-09-01T00:00:00Z
8010,Bhilwara,RJ,swachh_odf_status,0.895,SWACHH_API,2026-09-01T00:00:00Z
8010,Bhilwara,RJ,udise_schools_per_1000,2.27,UDISE_API,2026-09-01T00:00:00Z
8010,Bhilwara,RJ,hospital_beds_per_1000,1.12,HEALTH_PORTAL,2026-09-01T00:00:00Z
8011,Bikaner,RJ,jjm_tap_coverage,0.611,JJM_API,2026-09-01T00:00:00Z
8011,Bikaner,RJ,pmgsy_road_connected,0.762,PMGSY_API,2026-09-01T00:00:00Z
8011,Bikaner,RJ,swachh_odf_status,0.821,SWACHH_API,2026-09-01T00:00:00Z
8011,Bikaner,RJ,udise_schools_per_1000,2.35,UDISE_API,2026-09-01T00:00:00Z
8011,Bikaner,RJ,hospital_beds_per_1000,1.97,HEALTH_PORTAL,2026-09-01T00:00:00Z
8012,Bundi,RJ,jjm_tap_coverage,0.905,JJM_API,2026-09-01T00:00:00Z
8012,Bundi,RJ,pmgsy_road_connected,0.64,PMGSY_API,2026-09-01T00:00:00Z
8012,Bundi,RJ,swachh_odf_status,0.871,SWACHH_API,2026-09-01T00:00:00Z
8012,Bundi,RJ,udise_schools_per_1000,2.79,UDISE_API,2026-09-01T00:00:00Z
8012,Bundi,RJ,hospital_beds_per_1000,0.74,HEALTH_PORTAL,2026-09-01T00:00:00Z
8013,Chittorgarh,RJ,jjm_tap_coverage,0.687,JJM_API,2026-09-01T00:00:00Z
8013,Chittorgarh,RJ,pmgsy_road_connected,0.672,PMGSY_API,2026-09-01T00:00:00Z
8013,Chittorgarh,RJ,swachh_odf_status,0.817,SWACHH_API,2026-09-01T00:00:00Z
8013,Chittorgarh,RJ,udise_schools_per_1000,2.39,UDISE_API,2026-09-01T00:00:00Z
8013,Chittorgarh,RJ,hospital_beds_per_1000,1.98,HEALTH_PORTAL,2026-09-01T00:00:00Z
8014,Churu,RJ,jjm_tap_coverage,0.53,JJM_API,2026-09-01T00:00:00Z
8014,Churu,RJ,pmgsy_road_connected,0.642,PMGSY_API,2026-09-01T00:00:00Z
8014,Churu,RJ,swachh_odf_status,0.809,SWACHH_API,2026-09-01T00:00:00Z
8014,Churu,RJ,udise_schools_per_1000,1.88,UDISE_API,2026-09-01T00:00:00Z
8014,Churu,RJ,hospital_beds_per_1000,1.86,HEALTH_PORTAL,2026-09-01T00:00:00Z
8015,Dausa,RJ,jjm_tap_coverage,0.548,JJM_API,2026-09-01T00:00:00Z
8015,Dausa,RJ,pmgsy_road_connected,0.908,PMGSY_API,2026-09-01T00:00:00Z
8015,Dausa,RJ,swachh_odf_status,0.839,SWACHH_API,2026-09-01T00:00:00Z
8015,Dausa,RJ,udise_schools_per_1000,1.98,UDISE_API,2026-09-01T00:00:00Z
8015,Dausa,RJ,hospital_beds_per_1000,1.65,HEALTH_PORTAL,2026-09-01T00:00:00Z
8016,Deeg,RJ,jjm_tap_coverage,0.68,JJM_API,2026-09-01T00:00:00Z
8016,Deeg,RJ,pmgsy_road_connected,0.59,PMGSY_API,2026-09-01T00:00:00Z
8016,Deeg,RJ,swachh_odf_status,0.908,SWACHH_API,2026-09-01T00:00:00Z
8016,Deeg,RJ,udise_schools_per_1000,2.45,UDISE_API,2026-09-01T00:00:00Z
8016,Deeg,RJ,hospital_beds_per_1000,0.84,HEALTH_PORTAL,2026-09-01T00:00:00Z
8017,Dholpur,RJ,jjm_tap_coverage,0.727,JJM_API,2026-09-01T00:00:00Z
8017,Dholpur,RJ,pmgsy_road_connected,0.914,PMGSY_API,2026-09-01T00:00:00Z
8017,Dholpur,RJ,swachh_odf_status,0.79,SWACHH_API,2026-09-01T00:00:00Z
8017,Dholpur,RJ,udise_schools_per_1000,1.93,UDISE_API,2026-09-01T00:00:00Z
8017,Dholpur,RJ,hospital_beds_per_1000,2.19,HEALTH_PORTAL,2026-09-01T00:00:00Z
8018,Didwana Kuchaman,RJ,jjm_tap_coverage,0.465,JJM_API,2026-09-01T00:00:00Z
8018,Didwana Kuchaman,RJ,pmgsy_road_connected,0.853,PMGSY_API,2026-09-01T00:00:00Z
8018,Didwana Kuchaman,RJ,swachh_odf_status,0.886,SWACHH_API,2026-09-01T00:00:00Z
8018,Didwana Kuchaman,RJ,udise_schools_per_1000,2.47,UDISE_API,2026-09-01T00:00:00Z
8018,Didwana Kuchaman,RJ,hospital_beds_per_1000,1.43,HEALTH_PORTAL,2026-09-01T00:00:00Z
8019,Dudu,RJ,jjm_tap_coverage,0.701,JJM_API,2026-09-01T00:00:00Z
8019,Dudu,RJ,pmgsy_road_connected,0.897,PMGSY_API,2026-09-01T00:00:00Z
8019,Dudu,RJ,swachh_odf_status,0.849,SWACHH_API,2026-09-01T00:00:00Z
8019,Dudu,RJ,udise_schools_per_1000,1.9,UDISE_API,2026-09-01T00:00:00Z
8019,Dudu,RJ,hospital_beds_per_1000,1.56,HEALTH_PORTAL,2026-09-01T00:00:00Z
8020,Dungarpur,RJ,jjm_tap_coverage,0.729,JJM_API,2026-09-01T00:00:00Z
8020,Dungarpur,RJ,pmgsy_road_connected,0.567,PMGSY_API,2026-09-01T00:00:00Z
8020,Dungarpur,RJ,swachh_odf_status,0.883,SWACHH_API,2026-09-01T00:00:00Z
8020,Dungarpur,RJ,udise_schools_per_1000,1.79,UDISE_API,2026-09-01T00:00:00Z
8020,Dungarpur,RJ,hospital_beds_per_1000,1.06,HEALTH_PORTAL,2026-09-01T00:00:00Z
8021,Ganganagar,RJ,jjm_tap_coverage,0.727,JJM_API,2026-09-01T00:00:00Z
8021,Ganganagar,RJ,pmgsy_road_connected,0.758,PMGSY_API,2026-09-01T00:00:00Z
8021,Ganganagar,RJ,swachh_odf_status,0.974,SWACHH_API,2026-09-01T00:00:00Z
8021,Ganganagar,RJ,udise_schools_per_1000,1.52,UDISE_API,2026-09-01T00:00:00Z
8021,Ganganagar,RJ,hospital_beds_per_1000,0.97,HEALTH_PORTAL,2026-09-01T00:00:00Z
8022,Gangapurcity,RJ,jjm_tap_coverage,0.958,JJM_API,2026-09-01T00:00:00Z
8022,Gangapurcity,RJ,pmgsy_road_connected,0.661,PMGSY_API,2026-09-01T00:00:00Z
8022,Gangapurcity,RJ,swachh_odf_status,0.882,SWACHH_API,2026-09-01T00:00:00Z
8022,Gangapurcity,RJ,udise_schools_per_1000,1.17,UDISE_API,2026-09-01T00:00:00Z
8022,Gangapurcity,RJ,hospital_beds_per_1000,1.34,HEALTH_PORTAL,2026-09-01T00:00:00Z
8023,Hanumangarh,RJ,jjm_tap_coverage,0.703,JJM_API,2026-09-01T00:00:00Z
8023,Hanumangarh,RJ,pmgsy_road_connected,0.954,PMGSY_API,2026-09-01T00:00:00Z
8023,Hanumangarh,RJ,swachh_odf_status,0.95,SWACHH_API,2026-09-01T00:00:00Z
8023,Hanumangarh,RJ,udise_schools_per_1000,2.34,UDISE_API,2026-09-01T00:00:00Z
8023,Hanumangarh,RJ,hospital_beds_per_1000,1.3,HEALTH_PORTAL,2026-09-01T00:00:00Z
8024,Jaipur,RJ,jjm_tap_coverage,0.641,JJM_API,2026-09-01T00:00:00Z
8024,Jaipur,RJ,pmgsy_road_connected,0.648,PMGSY_API,2026-09-01T00:00:00Z
8024,Jaipur,RJ,swachh_odf_status,0.811,SWACHH_API,2026-09-01T00:00:00Z
8024,Jaipur,RJ,udise_schools_per_1000,1.27,UDISE_API,2026-09-01T00:00:00Z
8024,Jaipur,RJ,hospital_beds_per_1000,0.78,HEALTH_PORTAL,2026-09-01T00:00:00Z
8025,Jaipur Rural,RJ,jjm_tap_coverage,0.473,JJM_API,2026-09-01T00:00:00Z
8025,Jaipur Rural,RJ,pmgsy_road_connected,0.973,PMGSY_API,2026-09-01T00:00:00Z
8025,Jaipur Rural,RJ,swachh_odf_status,0.969,SWACHH_API,2026-09-01T00:00:00Z
8025,Jaipur Rural,RJ,udise_schools_per_1000,2.42,UDISE_API,2026-09-01T00:00:00Z
8025,Jaipur Rural,RJ,hospital_beds_per_1000,1.97,HEALTH_PORTAL,2026-09-01T00:00:00Z
8026,Jaisalmer,RJ,jjm_tap_coverage,0.639,JJM_API,2026-09-01T00:00:00Z
8026,Jaisalmer,RJ,pmgsy_road_connected,0.818,PMGSY_API,2026-09-01T00:00:00Z
8026,Jaisalmer,RJ,swachh_odf_status,0.856,SWACHH_API,2026-09-01T00:00:00Z
8026,Jaisalmer,RJ,udise_schools_per_1000,2.61,UDISE_API,2026-09-01T00:00:00Z
8026,Jaisalmer,RJ,hospital_beds_per_1000,0.74,HEALTH_PORTAL,2026-09-01T00:00:00Z
8027,Jalore,RJ,jjm_tap_coverage,0.563,JJM_API,2026-09-01T00:00:00Z
8027,Jalore,RJ,pmgsy_road_connected,0.566,PMGSY_API,2026-09-01T00:00:00Z
8027,Jalore,RJ,swachh_odf_status,0.944,SWACHH_API,2026-09-01T00:00:00Z
8027,Jalore,RJ,udise_schools_per_1000,2.34,UDISE_API,2026-09-01T00:00:00Z
8027,Jalore,RJ,hospital_beds_per_1000,0.85,HEALTH_PORTAL,2026-09-01T00:00:00Z
8028,Jhalawar,RJ,jjm_tap_coverage,0.878,JJM_API,2026-09-01T00:00:00Z
8028,Jhalawar,RJ,pmgsy_road_connected,0.886,PMGSY_API,2026-09-01T00:00:00Z
8028,Jhalawar,RJ,swachh_odf_status,0.865,SWACHH_API,2026-09-01T00:00:00Z
8028,Jhalawar,RJ,udise_schools_per_1000,2.26,UDISE_API,2026-09-01T00:00:00Z
8028,Jhalawar,RJ,hospital_beds_per_1000,0.74,HEALTH_PORTAL,2026-09-01T00:00:00Z
8029,Jhunjhunu,RJ,jjm_tap_coverage,0.423,JJM_API,2026-09-01T00:00:00Z
8029,Jhunjhunu,RJ,pmgsy_road_connected,0.782,PMGSY_API,2026-09-01T00:00:00Z
8029,Jhunjhunu,RJ,swachh_odf_status,0.878,SWACHH_API,2026-09-01T00:00:00Z
8029,Jhunjhunu,RJ,udise_schools_per_1000,1.43,UDISE_API,2026-09-01T00:00:00Z
8029,Jhunjhunu,RJ,hospital_beds_per_1000,1.17,HEALTH_PORTAL,2026-09-01T00:00:00Z
8030,Jodhpur,RJ,jjm_tap_coverage,0.975,JJM_API,2026-09-01T00:00:00Z
8030,Jodhpur,RJ,pmgsy_road_connected,0.806,PMGSY_API,2026-09-01T00:00:00Z
8030,Jodhpur,RJ,swachh_odf_status,0.816,SWACHH_API,2026-09-01T00:00:00Z
8030,Jodhpur,RJ,udise_schools_per_1000,2.39,UDISE_API,2026-09-01T00:00:00Z
8030,Jodhpur,RJ,hospital_beds_per_1000,1.94,HEALTH_PORTAL,2026-09-01T00:00:00Z
8031,Jodhpur Rural,RJ,jjm_tap_coverage,0.432,JJM_API,2026-09-01T00:00:00Z
8031,Jodhpur Rural,RJ,pmgsy_road_connected,0.77,PMGSY_API,2026-09-01T00:00:00Z
8031,Jodhpur Rural,RJ,swachh_odf_status,0.848,SWACHH_API,2026-09-01T00:00:00Z
8031,Jodhpur Rural,RJ,udise_schools_per_1000,2.15,UDISE_API,2026-09-01T00:00:00Z
8031,Jodhpur Rural,RJ,hospital_beds_per_1000,2.45,HEALTH_PORTAL,2026-09-01T00:00:00Z
8032,Karauli,RJ,jjm_tap_coverage,0.593,JJM_API,2026-09-01T00:00:00Z
8032,Karauli,RJ,pmgsy_road_connected,0.965,PMGSY_API,2026-09-01T00:00:00Z
8032,Karauli,RJ,swachh_odf_status,0.939,SWACHH_API,2026-09-01T00:00:00Z
8032,Karauli,RJ,udise_schools_per_1000,1.98,UDISE_API,2026-09-01T00:00:00Z
8032,Karauli,RJ,hospital_beds_per_1000,1.02,HEALTH_PORTAL,2026-09-01T00:00:00Z
8033,Kekri,RJ,jjm_tap_coverage,0.725,JJM_API,2026-09-01T00:00:00Z
8033,Kekri,RJ,pmgsy_road_connected,0.615,PMGSY_API,2026-09-01T00:00:00Z
8033,Kekri,RJ,swachh_odf_status,0.925,SWACHH_API,2026-09-01T00:00:00Z
8033,Kekri,RJ,udise_schools_per_1000,1.26,UDISE_API,2026-09-01T00:00:00Z
8033,Kekri,RJ,hospital_beds_per_1000,1.65,HEALTH_PORTAL,2026-09-01T00:00:00Z
8034,Khairthal Tijara,RJ,jjm_tap_coverage,0.572,JJM_API,2026-09-01T00:00:00Z
8034,Khairthal Tijara,RJ,pmgsy_road_connected,0.946,PMGSY_API,2026-09-01T00:00:00Z
8034,Khairthal Tijara,RJ,swachh_odf_status,0.968,SWACHH_API,2026-09-01T00:00:00Z
8034,Khairthal Tijara,RJ,udise_schools_per_1000,2.52,UDISE_API,2026-09-01T00:00:00Z
8034,Khairthal Tijara,RJ,hospital_beds_per_1000,0.91,HEALTH_PORTAL,2026-09-01T00:00:00Z
8035,Kota,RJ,jjm_tap_coverage,0.9,JJM_API,2026-09-01T00:00:00Z
8035,Kota,RJ,pmgsy_road_connected,0.691,PMGSY_API,2026-09-01T00:00:00Z
8035,Kota,RJ,swachh_odf_status,0.88,SWACHH_API,2026-09-01T00:00:00Z
8035,Kota,RJ,udise_schools_per_1000,2.42,UDISE_API,2026-09-01T00:00:00Z
8035,Kota,RJ,hospital_beds_per_1000,2.24,HEALTH_PORTAL,2026-09-01T00:00:00Z
8036,Kotputli Behror,RJ,jjm_tap_coverage,0.838,JJM_API,2026-09-01T00:00:00Z
8036,Kotputli Behror,RJ,pmgsy_road_connected,0.767,PMGSY_API,2026-09-01T00:00:00Z
8036,Kotputli Behror,RJ,swachh_odf_status,0.918,SWACHH_API,2026-09-01T00:00:00Z
8036,Kotputli Behror,RJ,udise_schools_per_1000,1.91,UDISE_API,2026-09-01T00:00:00Z
8036,Kotputli Behror,RJ,hospital_beds_per_1000,1.33,HEALTH_PORTAL,2026-09-01T00:00:00Z
8037,Nagaur,RJ,jjm_tap_coverage,0.426,JJM_API,2026-09-01T00:00:00Z
8037,Nagaur,RJ,pmgsy_road_connected,0.924,PMGSY_API,2026-09-01T00:00:00Z
8037,Nagaur,RJ,swachh_odf_status,0.978,SWACHH_API,2026-09-01T00:00:00Z
8037,Nagaur,RJ,udise_schools_per_1000,1.38,UDISE_API,2026-09-01T00:00:00Z
8037,Nagaur,RJ,hospital_beds_per_1000,0.79,HEALTH_PORTAL,2026-09-01T00:00:00Z
8038,Neem Ka Thana,RJ,jjm_tap_coverage,0.444,JJM_API,2026-09-01T00:00:00Z
8038,Neem Ka Thana,RJ,pmgsy_road_connected,0.91,PMGSY_API,2026-09-01T00:00:00Z
8038,Neem Ka Thana,RJ,swachh_odf_status,0.875,SWACHH_API,2026-09-01T00:00:00Z
8038,Neem Ka Thana,RJ,udise_schools_per_1000,1.58,UDISE_API,2026-09-01T00:00:00Z
8038,Neem Ka Thana,RJ,hospital_beds_per_1000,0.7,HEALTH_PORTAL,2026-09-01T00:00:00Z
8039,Pali,RJ,jjm_tap_coverage,0.726,JJM_API,2026-09-01T00:00:00Z
8039,Pali,RJ,pmgsy_road_connected,0.873,PMGSY_API,2026-09-01T00:00:00Z
8039,Pali,RJ,swachh_odf_status,0.888,SWACHH_API,2026-09-01T00:00:00Z
8039,Pali,RJ,udise_schools_per_1000,2.34,UDISE_API,2026-09-01T00:00:00Z
8039,Pali,RJ,hospital_beds_per_1000,1.75,HEALTH_PORTAL,2026-09-01T00:00:00Z
8040,Phalodi,RJ,jjm_tap_coverage,0.645,JJM_API,2026-09-01T00:00:00Z
8040,Phalodi,RJ,pmgsy_road_connected,0.963,PMGSY_API,2026-09-01T00:00:00Z
8040,Phalodi,RJ,swachh_odf_status,0.832,SWACHH_API,2026-09-01T00:00:00Z
8040,Phalodi,RJ,udise_schools_per_1000,1.79,UDISE_API,2026-09-01T00:00:00Z
8040,Phalodi,RJ,hospital_beds_per_1000,2.08,HEALTH_PORTAL,2026-09-01T00:00:00Z
8041,Pratapgarh,RJ,jjm_tap_coverage,0.461,JJM_API,2026-09-01T00:00:00Z
8041,Pratapgarh,RJ,pmgsy_road_connected,0.801,PMGSY_API,2026-09-01T00:00:00Z
8041,Pratapgarh,RJ,swachh_odf_status,0.852,SWACHH_API,2026-09-01T00:00:00Z
8041,Pratapgarh,RJ,udise_schools_per_1000,1.78,UDISE_API,2026-09-01T00:00:00Z
8041,Pratapgarh,RJ,hospital_beds_per_1000,1.47,HEALTH_PORTAL,2026-09-01T00:00:00Z
8042,Rajsamand,RJ,jjm_tap_coverage,0.783,JJM_API,2026-09-01T00:00:00Z
8042,Rajsamand,RJ,pmgsy_road_connected,0.681,PMGSY_API,2026-09-01T00:00:00Z
8042,Rajsamand,RJ,swachh_odf_status,0.913,SWACHH_API,2026-09-01T00:00:00Z
8042,Rajsamand,RJ,udise_schools_per_1000,2.54,UDISE_API,2026-09-01T00:00:00Z
8042,Rajsamand,RJ,hospital_beds_per_1000,1.76,HEALTH_PORTAL,2026-09-01T00:00:00Z
8043,Salumbar,RJ,jjm_tap_coverage,0.823,JJM_API,2026-09-01T00:00:00Z
8043,Salumbar,RJ,pmgsy_road_connected,0.842,PMGSY_API,2026-09-01T00:00:00Z
8043,Salumbar,RJ,swachh_odf_status,0.882,SWACHH_API,2026-09-01T00:00:00Z
8043,Salumbar,RJ,udise_schools_per_1000,2.14,UDISE_API,2026-09-01T00:00:00Z
8043,Salumbar,RJ,hospital_beds_per_1000,1.54,HEALTH_PORTAL,2026-09-01T00:00:00Z
8044,Sanchore,RJ,jjm_tap_coverage,0.843,JJM_API,2026-09-01T00:00:00Z
8044,Sanchore,RJ,pmgsy_road_connected,0.722,PMGSY_API,2026-09-01T00:00:00Z
8044,Sanchore,RJ,swachh_odf_status,0.94,SWACHH_API,2026-09-01T00:00:00Z
8044,Sanchore,RJ,udise_schools_per_1000,1.66,UDISE_API,2026-09-01T00:00:00Z
8044,Sanchore,RJ,hospital_beds_per_1000,1.47,HEALTH_PORTAL,2026-09-01T00:00:00Z
8045,Sawai Madhopur,RJ,jjm_tap_coverage,0.905,JJM_API,2026-09-01T00:00:00Z
8045,Sawai Madhopur,RJ,pmgsy_road_connected,0.636,PMGSY_API,2026-09-01T00:00:00Z
8045,Sawai Madhopur,RJ,swachh_odf_status,0.991,SWACHH_API,2026-09-01T00:00:00Z
8045,Sawai Madhopur,RJ,udise_schools_per_1000,2.67,UDISE_API,2026-09-01T00:00:00Z
8045,Sawai Madhopur,RJ,hospital_beds_per_1000,2.38,HEALTH_PORTAL,2026-09-01T00:00:00Z
8046,Shahpura,RJ,jjm_tap_coverage,0.734,JJM_API,2026-09-01T00:00:00Z
8046,Shahpura,RJ,pmgsy_road_connected,0.722,PMGSY_API,2026-09-01T00:00:00Z
8046,Shahpura,RJ,swachh_odf_status,0.86,SWACHH_API,2026-09-01T00:00:00Z
8046,Shahpura,RJ,udise_schools_per_1000,2.72,UDISE_API,2026-09-01T00:00:00Z
8046,Shahpura,RJ,hospital_beds_per_1000,1.53,HEALTH_PORTAL,2026-09-01T00:00:00Z
8047,Sikar,RJ,jjm_tap_coverage,0.552,JJM_API,2026-09-01T00:00:00Z
8047,Sikar,RJ,pmgsy_road_connected,0.899,PMGSY_API,2026-09-01T00:00:00Z
8047,Sikar,RJ,swachh_odf_status,0.799,SWACHH_API,2026-09-01T00:00:00Z
8047,Sikar,RJ,udise_schools_per_1000,1.72,UDISE_API,2026-09-01T00:00:00Z
8047,Sikar,RJ,hospital_beds_per_1000,1.35,HEALTH_PORTAL,2026-09-01T00:00:00Z
8048,Sirohi,RJ,jjm_tap_coverage,0.44,JJM_API,2026-09-01T00:00:00Z
8048,Sirohi,RJ,pmgsy_road_connected,0.706,PMGSY_API,2026-09-01T00:00:00Z
8048,Sirohi,RJ,swachh_odf_status,0.88,SWACHH_API,2026-09-01T00:00:00Z
8048,Sirohi,RJ,udise_schools_per_1000,2.15,UDISE_API,2026-09-01T00:00:00Z
8048,Sirohi,RJ,hospital_beds_per_1000,2.4,HEALTH_PORTAL,2026-09-01T00:00:00Z
8049,Tonk,RJ,jjm_tap_coverage,0.864,JJM_API,2026-09-01T00:00:00Z
8049,Tonk,RJ,pmgsy_road_connected,0.748,PMGSY_API,2026-09-01T00:00:00Z
8049,Tonk,RJ,swachh_odf_status,0.877,SWACHH_API,2026-09-01T00:00:00Z
8049,Tonk,RJ,udise_schools_per_1000,1.61,UDISE_API,2026-09-01T00:00:00Z
8049,Tonk,RJ,hospital_beds_per_1000,0.92,HEALTH_PORTAL,2026-09-01T00:00:00Z
8050,Udaipur,RJ,jjm_tap_coverage,0.444,JJM_API,2026-09-01T00:00:00Z
8050,Udaipur,RJ,pmgsy_road_connected,0.903,PMGSY_API,2026-09-01T00:00:00Z
8050,Udaipur,RJ,swachh_odf_status,0.862,SWACHH_API,2026-09-01T00:00:00Z
8050,Udaipur,RJ,udise_schools_per_1000,1.49,UDISE_API,2026-09-01T00:00:00Z
8050,Udaipur,RJ,hospital_beds_per_1000,1.83,HEALTH_PORTAL,2026-09-01T00:00:00Z
11001,Gangtok,SK,jjm_tap_coverage,0.501,JJM_API,2026-09-01T00:00:00Z
11001,Gangtok,SK,pmgsy_road_connected,0.974,PMGSY_API,2026-09-01T00:00:00Z
11001,Gangtok,SK,swachh_odf_status,0.932,SWACHH_API,2026-09-01T00:00:00Z
11001,Gangtok,SK,udise_schools_per_1000,2.69,UDISE_API,2026-09-01T00:00:00Z
11001,Gangtok,SK,hospital_beds_per_1000,1.4,HEALTH_PORTAL,2026-09-01T00:00:00Z
11002,Gyalshing,SK,jjm_tap_coverage,0.912,JJM_API,2026-09-01T00:00:00Z
11002,Gyalshing,SK,pmgsy_road_connected,0.834,PMGSY_API,2026-09-01T00:00:00Z
11002,Gyalshing,SK,swachh_odf_status,0.918,SWACHH_API,2026-09-01T00:00:00Z
11002,Gyalshing,SK,udise_schools_per_1000,2.16,UDISE_API,2026-09-01T00:00:00Z
11002,Gyalshing,SK,hospital_beds_per_1000,0.71,HEALTH_PORTAL,2026-09-01T00:00:00Z
11003,Mangan,SK,jjm_tap_coverage,0.948,JJM_API,2026-09-01T00:00:00Z
11003,Mangan,SK,pmgsy_road_connected,0.693,PMGSY_API,2026-09-01T00:00:00Z
11003,Mangan,SK,swachh_odf_status,0.916,SWACHH_API,2026-09-01T00:00:00Z
11003,Mangan,SK,udise_schools_per_1000,1.97,UDISE_API,2026-09-01T00:00:00Z
11003,Mangan,SK,hospital_beds_per_1000,2.07,HEALTH_PORTAL,2026-09-01T00:00:00Z
11004,Namchi,SK,jjm_tap_coverage,0.955,JJM_API,2026-09-01T00:00:00Z
11004,Namchi,SK,pmgsy_road_connected,0.95,PMGSY_API,2026-09-01T00:00:00Z
11004,Namchi,SK,swachh_odf_status,0.827,SWACHH_API,2026-09-01T00:00:00Z
11004,Namchi,SK,udise_schools_per_1000,1.8,UDISE_API,2026-09-01T00:00:00Z
11004,Namchi,SK,hospital_beds_per_1000,0.93,HEALTH_PORTAL,2026-09-01T00:00:00Z
11005,Pakyong,SK,jjm_tap_coverage,0.51,JJM_API,2026-09-01T00:00:00Z
11005,Pakyong,SK,pmgsy_road_connected,0.723,PMGSY_API,2026-09-01T00:00:00Z
11005,Pakyong,SK,swachh_odf_status,0.834,SWACHH_API,2026-09-01T00:00:00Z
11005,Pakyong,SK,udise_schools_per_1000,1.13,UDISE_API,2026-09-01T00:00:00Z
11005,Pakyong,SK,hospital_beds_per_1000,1.23,HEALTH_PORTAL,2026-09-01T00:00:00Z
11006,Soreng,SK,jjm_tap_coverage,0.745,JJM_API,2026-09-01T00:00:00Z
11006,Soreng,SK,pmgsy_road_connected,0.796,PMGSY_API,2026-09-01T00:00:00Z
11006,Soreng,SK,swachh_odf_status,0.981,SWACHH_API,2026-09-01T00:00:00Z
11006,Soreng,SK,udise_schools_per_1000,1.51,UDISE_API,2026-09-01T00:00:00Z
11006,Soreng,SK,hospital_beds_per_1000,0.88,HEALTH_PORTAL,2026-09-01T00:00:00Z
33001,Ariyalur,TN,jjm_tap_coverage,0.62,JJM_API,2026-09-01T00:00:00Z
33001,Ariyalur,TN,pmgsy_road_connected,0.654,PMGSY_API,2026-09-01T00:00:00Z
33001,Ariyalur,TN,swachh_odf_status,0.898,SWACHH_API,2026-09-01T00:00:00Z
33001,Ariyalur,TN,udise_schools_per_1000,2.67,UDISE_API,2026-09-01T00:00:00Z
33001,Ariyalur,TN,hospital_beds_per_1000,2.12,HEALTH_PORTAL,2026-09-01T00:00:00Z
33002,Chengalpattu,TN,jjm_tap_coverage,0.84,JJM_API,2026-09-01T00:00:00Z
33002,Chengalpattu,TN,pmgsy_road_connected,0.842,PMGSY_API,2026-09-01T00:00:00Z
33002,Chengalpattu,TN,swachh_odf_status,0.8,SWACHH_API,2026-09-01T00:00:00Z
33002,Chengalpattu,TN,udise_schools_per_1000,1.44,UDISE_API,2026-09-01T00:00:00Z
33002,Chengalpattu,TN,hospital_beds_per_1000,1.13,HEALTH_PORTAL,2026-09-01T00:00:00Z
33003,Chennai,TN,jjm_tap_coverage,0.485,JJM_API,2026-09-01T00:00:00Z
33003,Chennai,TN,pmgsy_road_connected,0.718,PMGSY_API,2026-09-01T00:00:00Z
33003,Chennai,TN,swachh_odf_status,0.803,SWACHH_API,2026-09-01T00:00:00Z
33003,Chennai,TN,udise_schools_per_1000,2.65,UDISE_API,2026-09-01T00:00:00Z
33003,Chennai,TN,hospital_beds_per_1000,0.68,HEALTH_PORTAL,2026-09-01T00:00:00Z
33004,Coimbatore,TN,jjm_tap_coverage,0.47,JJM_API,2026-09-01T00:00:00Z
33004,Coimbatore,TN,pmgsy_road_connected,0.56,PMGSY_API,2026-09-01T00:00:00Z
33004,Coimbatore,TN,swachh_odf_status,0.903,SWACHH_API,2026-09-01T00:00:00Z
33004,Coimbatore,TN,udise_schools_per_1000,1.77,UDISE_API,2026-09-01T00:00:00Z
33004,Coimbatore,TN,hospital_beds_per_1000,1.6,HEALTH_PORTAL,2026-09-01T00:00:00Z
33005,Cuddalore,TN,jjm_tap_coverage,0.698,JJM_API,2026-09-01T00:00:00Z
33005,Cuddalore,TN,pmgsy_road_connected,0.558,PMGSY_API,2026-09-01T00:00:00Z
33005,Cuddalore,TN,swachh_odf_status,0.801,SWACHH_API,2026-09-01T00:00:00Z
33005,Cuddalore,TN,udise_schools_per_1000,2.75,UDISE_API,2026-09-01T00:00:00Z
33005,Cuddalore,TN,hospital_beds_per_1000,0.83,HEALTH_PORTAL,2026-09-01T00:00:00Z
33006,Dharmapuri,TN,jjm_tap_coverage,0.823,JJM_API,2026-09-01T00:00:00Z
33006,Dharmapuri,TN,pmgsy_road_connected,0.974,PMGSY_API,2026-09-01T00:00:00Z
33006,Dharmapuri,TN,swachh_odf_status,0.875,SWACHH_API,2026-09-01T00:00:00Z
33006,Dharmapuri,TN,udise_schools_per_1000,2.57,UDISE_API,2026-09-01T00:00:00Z
33006,Dharmapuri,TN,hospital_beds_per_1000,0.64,HEALTH_PORTAL,2026-09-01T00:00:00Z
33007,Dindigul,TN,jjm_tap_coverage,0.284,JJM_API,2026-09-01T00:00:00Z
33007,Dindigul,TN,pmgsy_road_connected,0.725,PMGSY_API,2026-09-01T00:00:00Z
33007,Dindigul,TN,swachh_odf_status,0.812,SWACHH_API,2026-09-01T00:00:00Z
33007,Dindigul,TN,udise_schools_per_1000,1.35,UDISE_API,2026-09-01T00:00:00Z
33007,Dindigul,TN,hospital_beds_per_1000,0.88,HEALTH_PORTAL,2026-09-01T00:00:00Z
33008,Erode,TN,jjm_tap_coverage,0.73,JJM_API,2026-09-01T00:00:00Z
33008,Erode,TN,pmgsy_road_connected,0.594,PMGSY_API,2026-09-01T00:00:00Z
33008,Erode,TN,swachh_odf_status,0.868,SWACHH_API,2026-09-01T00:00:00Z
33008,Erode,TN,udise_schools_per_1000,2.4,UDISE_API,2026-09-01T00:00:00Z
33008,Erode,TN,hospital_beds_per_1000,0.77,HEALTH_PORTAL,2026-09-01T00:00:00Z
33009,Kallakurichi,TN,jjm_tap_coverage,0.954,JJM_API,2026-09-01T00:00:00Z
33009,Kallakurichi,TN,pmgsy_road_connected,0.766,PMGSY_API,2026-09-01T00:00:00Z
33009,Kallakurichi,TN,swachh_odf_status,0.824,SWACHH_API,2026-09-01T00:00:00Z
33009,Kallakurichi,TN,udise_schools_per_1000,1.78,UDISE_API,2026-09-01T00:00:00Z
33009,Kallakurichi,TN,hospital_beds_per_1000,0.82,HEALTH_PORTAL,2026-09-01T00:00:00Z
33010,Kancheepuram,TN,jjm_tap_coverage,0.464,JJM_API,2026-09-01T00:00:00Z
33010,Kancheepuram,TN,pmgsy_road_connected,0.807,PMGSY_API,2026-09-01T00:00:00Z
33010,Kancheepuram,TN,swachh_odf_status,0.895,SWACHH_API,2026-09-01T00:00:00Z
33010,Kancheepuram,TN,udise_schools_per_1000,2.51,UDISE_API,2026-09-01T00:00:00Z
33010,Kancheepuram,TN,hospital_beds_per_1000,1.93,HEALTH_PORTAL,2026-09-01T00:00:00Z
33011,Kanniyakumari,TN,jjm_tap_coverage,0.742,JJM_API,2026-09-01T00:00:00Z
33011,Kanniyakumari,TN,pmgsy_road_connected,0.689,PMGSY_API,2026-09-01T00:00:00Z
33011,Kanniyakumari,TN,swachh_odf_status,0.927,SWACHH_API,2026-09-01T00:00:00Z
33011,Kanniyakumari,TN,udise_schools_per_1000,2.3,UDISE_API,2026-09-01T00:00:00Z
33011,Kanniyakumari,TN,hospital_beds_per_1000,1.2,HEALTH_PORTAL,2026-09-01T00:00:00Z
33012,Karur,TN,jjm_tap_coverage,0.503,JJM_API,2026-09-01T00:00:00Z
33012,Karur,TN,pmgsy_road_connected,0.763,PMGSY_API,2026-09-01T00:00:00Z
33012,Karur,TN,swachh_odf_status,0.99,SWACHH_API,2026-09-01T00:00:00Z
33012,Karur,TN,udise_schools_per_1000,1.92,UDISE_API,2026-09-01T00:00:00Z
33012,Karur,TN,hospital_beds_per_1000,1.68,HEALTH_PORTAL,2026-09-01T00:00:00Z
33013,Krishnagiri,TN,jjm_tap_coverage,0.893,JJM_API,2026-09-01T00:00:00Z
33013,Krishnagiri,TN,pmgsy_road_connected,0.597,PMGSY_API,2026-09-01T00:00:00Z
33013,Krishnagiri,TN,swachh_odf_status,0.87,SWACHH_API,2026-09-01T00:00:00Z
33013,Krishnagiri,TN,udise_schools_per_1000,2.53,UDISE_API,2026-09-01T00:00:00Z
33013,Krishnagiri,TN,hospital_beds_per_1000,1.86,HEALTH_PORTAL,2026-09-01T00:00:00Z
33014,Madurai,TN,jjm_tap_coverage,0.96,JJM_API,2026-09-01T00:00:00Z
33014,Madurai,TN,pmgsy_road_connected,0.958,PMGSY_API,2026-09-01T00:00:00Z
33014,Madurai,TN,swachh_odf_status,0.892,SWACHH_API,2026-09-01T00:00:00Z
33014,Madurai,TN,udise_schools_per_1000,2.49,UDISE_API,2026-09-01T00:00:00Z
33014,Madurai,TN,hospital_beds_per_1000,2.22,HEALTH_PORTAL,2026-09-01T00:00:00Z
33015,Mayiladuthurai,TN,jjm_tap_coverage,0.892,JJM_API,2026-09-01T00:00:00Z
33015,Mayiladuthurai,TN,pmgsy_road_connected,0.717,PMGSY_API,2026-09-01T00:00:00Z
33015,Mayiladuthurai,TN,swachh_odf_status,0.799,SWACHH_API,2026-09-01T00:00:00Z
33015,Mayiladuthurai,TN,udise_schools_per_1000,2.11,UDISE_API,2026-09-01T00:00:00Z
33015,Mayiladuthurai,TN,hospital_beds_per_1000,0.77,HEALTH_PORTAL,2026-09-01T00:00:00Z
33016,Nagapattinam,TN,jjm_tap_coverage,0.862,JJM_API,2026-09-01T00:00:00Z
33016,Nagapattinam,TN,pmgsy_road_connected,0.736,PMGSY_API,2026-09-01T00:00:00Z
33016,Nagapattinam,TN,swachh_odf_status,0.858,SWACHH_API,2026-09-01T00:00:00Z
33016,Nagapattinam,TN,udise_schools_per_1000,1.17,UDISE_API,2026-09-01T00:00:00Z
33016,Nagapattinam,TN,hospital_beds_per_1000,2.31,HEALTH_PORTAL,2026-09-01T00:00:00Z
33017,Namakkal,TN,jjm_tap_coverage,0.434,JJM_API,2026-09-01T00:00:00Z
33017,Namakkal,TN,pmgsy_road_connected,0.749,PMGSY_API,2026-09-01T00:00:00Z
33017,Namakkal,TN,swachh_odf_status,0.849,SWACHH_API,2026-09-01T00:00:00Z
33017,Namakkal,TN,udise_schools_per_1000,1.21,UDISE_API,2026-09-01T00:00:00Z
33017,Namakkal,TN,hospital_beds_per_1000,0.62,HEALTH_PORTAL,2026-09-01T00:00:00Z
33018,Nilgiris,TN,jjm_tap_coverage,0.669,JJM_API,2026-09-01T00:00:00Z
33018,Nilgiris,TN,pmgsy_road_connected,0.803,PMGSY_API,2026-09-01T00:00:00Z
33018,Nilgiris,TN,swachh_odf_status,0.873,SWACHH_API,2026-09-01T00:00:00Z
33018,Nilgiris,TN,udise_schools_per_1000,2.16,UDISE_API,2026-09-01T00:00:00Z
33018,Nilgiris,TN,hospital_beds_per_1000,0.72,HEALTH_PORTAL,2026-09-01T00:00:00Z
33019,Perambalur,TN,jjm_tap_coverage,0.857,JJM_API,2026-09-01T00:00:00Z
33019,Perambalur,TN,pmgsy_road_connected,0.858,PMGSY_API,2026-09-01T00:00:00Z
33019,Perambalur,TN,swachh_odf_status,0.98,SWACHH_API,2026-09-01T00:00:00Z
33019,Perambalur,TN,udise_schools_per_1000,1.71,UDISE_API,2026-09-01T00:00:00Z
33019,Perambalur,TN,hospital_beds_per_1000,2.42,HEALTH_PORTAL,2026-09-01T00:00:00Z
33020,Pudukkottai,TN,jjm_tap_coverage,0.956,JJM_API,2026-09-01T00:00:00Z
33020,Pudukkottai,TN,pmgsy_road_connected,0.871,PMGSY_API,2026-09-01T00:00:00Z
33020,Pudukkottai,TN,swachh_odf_status,0.971,SWACHH_API,2026-09-01T00:00:00Z
33020,Pudukkottai,TN,udise_schools_per_1000,1.88,UDISE_API,2026-09-01T00:00:00Z
33020,Pudukkottai,TN,hospital_beds_per_1000,1.65,HEALTH_PORTAL,2026-09-01T00:00:00Z
33021,Ramanathapuram,TN,jjm_tap_coverage,0.603,JJM_API,2026-09-01T00:00:00Z
33021,Ramanathapuram,TN,pmgsy_road_connected,0.809,PMGSY_API,2026-09-01T00:00:00Z
33021,Ramanathapuram,TN,swachh_odf_status,0.995,SWACHH_API,2026-09-01T00:00:00Z
33021,Ramanathapuram,TN,udise_schools_per_1000,2.47,UDISE_API,2026-09-01T00:00:00Z
33021,Ramanathapuram,TN,hospital_beds_per_1000,0.69,HEALTH_PORTAL,2026-09-01T00:00:00Z
33022,Ranipet,TN,jjm_tap_coverage,0.476,JJM_API,2026-09-01T00:00:00Z
33022,Ranipet,TN,pmgsy_road_connected,0.805,PMGSY_API,2026-09-01T00:00:00Z
33022,Ranipet,TN,swachh_odf_status,0.852,SWACHH_API,2026-09-01T00:00:00Z
33022,Ranipet,TN,udise_schools_per_1000,2.12,UDISE_API,2026-09-01T00:00:00Z
33022,Ranipet,TN,hospital_beds_per_1000,1.32,HEALTH_PORTAL,2026-09-01T00:00:00Z
33023,Salem,TN,jjm_tap_coverage,0.596,JJM_API,2026-09-01T00:00:00Z
33023,Salem,TN,pmgsy_road_connected,0.931,PMGSY_API,2026-09-01T00:00:00Z
33023,Salem,TN,swachh_odf_status,0.888,SWACHH_API,2026-09-01T00:00:00Z
33023,Salem,TN,udise_schools_per_1000,1.85,UDISE_API,2026-09-01T00:00:00Z
33023,Salem,TN,hospital_beds_per_1000,1.62,HEALTH_PORTAL,2026-09-01T00:00:00Z
33024,Sivaganga,TN,jjm_tap_coverage,0.938,JJM_API,2026-09-01T00:00:00Z
33024,Sivaganga,TN,pmgsy_road_connected,0.554,PMGSY_API,2026-09-01T00:00:00Z
33024,Sivaganga,TN,swachh_odf_status,0.985,SWACHH_API,2026-09-01T00:00:00Z
33024,Sivaganga,TN,udise_schools_per_1000,1.82,UDISE_API,2026-09-01T00:00:00Z
33024,Sivaganga,TN,hospital_beds_per_1000,2.23,HEALTH_PORTAL,2026-09-01T00:00:00Z
33025,Tenkasi,TN,jjm_tap_coverage,0.423,JJM_API,2026-09-01T00:00:00Z
33025,Tenkasi,TN,pmgsy_road_connected,0.948,PMGSY_API,2026-09-01T00:00:00Z
33025,Tenkasi,TN,swachh_odf_status,0.898,SWACHH_API,2026-09-01T00:00:00Z
33025,Tenkasi,TN,udise_schools_per_1000,1.28,UDISE_API,2026-09-01T00:00:00Z
33025,Tenkasi,TN,hospital_beds_per_1000,1.72,HEALTH_PORTAL,2026-09-01T00:00:00Z
33026,Thanjavur,TN,jjm_tap_coverage,0.561,JJM_API,2026-09-01T00:00:00Z
33026,Thanjavur,TN,pmgsy_road_connected,0.874,PMGSY_API,2026-09-01T00:00:00Z
33026,Thanjavur,TN,swachh_odf_status,0.975,SWACHH_API,2026-09-01T00:00:00Z
33026,Thanjavur,TN,udise_schools_per_1000,1.68,UDISE_API,2026-09-01T00:00:00Z
33026,Thanjavur,TN,hospital_beds_per_1000,1.42,HEALTH_PORTAL,2026-09-01T00:00:00Z
33027,Theni,TN,jjm_tap_coverage,0.58,JJM_API,2026-09-01T00:00:00Z
33027,Theni,TN,pmgsy_road_connected,0.756,PMGSY_API,2026-09-01T00:00:00Z
33027,Theni,TN,swachh_odf_status,0.943,SWACHH_API,2026-09-01T00:00:00Z
33027,Theni,TN,udise_schools_per_1000,2.58,UDISE_API,2026-09-01T00:00:00Z
33027,Theni,TN,hospital_beds_per_1000,2.21,HEALTH_PORTAL,2026-09-01T00:00:00Z
33028,Thoothukudi,TN,jjm_tap_coverage,0.804,JJM_API,2026-09-01T00:00:00Z
33028,Thoothukudi,TN,pmgsy_road_connected,0.911,PMGSY_API,2026-09-01T00:00:00Z
33028,Thoothukudi,TN,swachh_odf_status,0.978,SWACHH_API,2026-09-01T00:00:00Z
33028,Thoothukudi,TN,udise_schools_per_1000,1.7,UDISE_API,2026-09-01T00:00:00Z
33028,Thoothukudi,TN,hospital_beds_per_1000,0.62,HEALTH_PORTAL,2026-09-01T00:00:00Z
33029,Tiruchirappalli,TN,jjm_tap_coverage,0.708,JJM_API,2026-09-01T00:00:00Z
33029,Tiruchirappalli,TN,pmgsy_road_connected,0.865,PMGSY_API,2026-09-01T00:00:00Z
33029,Tiruchirappalli,TN,swachh_odf_status,0.867,SWACHH_API,2026-09-01T00:00:00Z
33029,Tiruchirappalli,TN,udise_schools_per_1000,1.91,UDISE_API,2026-09-01T00:00:00Z
33029,Tiruchirappalli,TN,hospital_beds_per_1000,1.14,HEALTH_PORTAL,2026-09-01T00:00:00Z
33030,Tirunelveli,TN,jjm_tap_coverage,0.555,JJM_API,2026-09-01T00:00:00Z
33030,Tirunelveli,TN,pmgsy_road_connected,0.812,PMGSY_API,2026-09-01T00:00:00Z
33030,Tirunelveli,TN,swachh_odf_status,0.812,SWACHH_API,2026-09-01T00:00:00Z
33030,Tirunelveli,TN,udise_schools_per_1000,1.88,UDISE_API,2026-09-01T00:00:00Z
33030,Tirunelveli,TN,hospital_beds_per_1000,1.55,HEALTH_PORTAL,2026-09-01T00:00:00Z
33031,Tirupathur,TN,jjm_tap_coverage,0.839,JJM_API,2026-09-01T00:00:00Z
33031,Tirupathur,TN,pmgsy_road_connected,0.718,PMGSY_API,2026-09-01T00:00:00Z
33031,Tirupathur,TN,swachh_odf_status,0.836,SWACHH_API,2026-09-01T00:00:00Z
33031,Tirupathur,TN,udise_schools_per_1000,1.56,UDISE_API,2026-09-01T00:00:00Z
33031,Tirupathur,TN,hospital_beds_per_1000,2.32,HEALTH_PORTAL,2026-09-01T00:00:00Z
33032,Tiruppur,TN,jjm_tap_coverage,0.877,JJM_API,2026-09-01T00:00:00Z
33032,Tiruppur,TN,pmgsy_road_connected,0.557,PMGSY_API,2026-09-01T00:00:00Z
33032,Tiruppur,TN,swachh_odf_status,0.831,SWACHH_API,2026-09-01T00:00:00Z
33032,Tiruppur,TN,udise_schools_per_1000,2.61,UDISE_API,2026-09-01T00:00:00Z
33032,Tiruppur,TN,hospital_beds_per_1000,0.63,HEALTH_PORTAL,2026-09-01T00:00:00Z
33033,Tiruvallur,TN,jjm_tap_coverage,0.75,JJM_API,2026-09-01T00:00:00Z
33033,Tiruvallur,TN,pmgsy_road_connected,0.882,PMGSY_API,2026-09-01T00:00:00Z
33033,Tiruvallur,TN,swachh_odf_status,0.953,SWACHH_API,2026-09-01T00:00:00Z
33033,Tiruvallur,TN,udise_schools_per_1000,1.57,UDISE_API,2026-09-01T00:00:00Z
33033,Tiruvallur,TN,hospital_beds_per_1000,2.09,HEALTH_PORTAL,2026-09-01T00:00:00Z
33034,Tiruvannamalai,TN,jjm_tap_coverage,0.926,JJM_API,2026-09-01T00:00:00Z
33034,Tiruvannamalai,TN,pmgsy_road_connected,0.57,PMGSY_API,2026-09-01T00:00:00Z
33034,Tiruvannamalai,TN,swachh_odf_status,0.875,SWACHH_API,2026-09-01T00:00:00Z
33034,Tiruvannamalai,TN,udise_schools_per_1000,2.62,UDISE_API,2026-09-01T00:00:00Z
33034,Tiruvannamalai,TN,hospital_beds_per_1000,1.34,HEALTH_PORTAL,2026-09-01T00:00:00Z
33035,Tiruvarur,TN,jjm_tap_coverage,0.661,JJM_API,2026-09-01T00:00:00Z
33035,Tiruvarur,TN,pmgsy_road_connected,0.791,PMGSY_API,2026-09-01T00:00:00Z
33035,Tiruvarur,TN,swachh_odf_status,0.845,SWACHH_API,2026-09-01T00:00:00Z
33035,Tiruvarur,TN,udise_schools_per_1000,1.34,UDISE_API,2026-09-01T00:00:00Z
33035,Tiruvarur,TN,hospital_beds_per_1000,1.62,HEALTH_PORTAL,2026-09-01T00:00:00Z
33036,Vellore,TN,jjm_tap_coverage,0.433,JJM_API,2026-09-01T00:00:00Z
33036,Vellore,TN,pmgsy_road_connected,0.812,PMGSY_API,2026-09-01T00:00:00Z
33036,Vellore,TN,swachh_odf_status,0.808,SWACHH_API,2026-09-01T00:00:00Z
33036,Vellore,TN,udise_schools_per_1000,2.7,UDISE_API,2026-09-01T00:00:00Z
33036,Vellore,TN,hospital_beds_per_1000,0.85,HEALTH_PORTAL,2026-09-01T00:00:00Z
33037,Viluppuram,TN,jjm_tap_coverage,0.815,JJM_API,2026-09-01T00:00:00Z
33037,Viluppuram,TN,pmgsy_road_connected,0.845,PMGSY_API,2026-09-01T00:00:00Z
33037,Viluppuram,TN,swachh_odf_status,0.81,SWACHH_API,2026-09-01T00:00:00Z
33037,Viluppuram,TN,udise_schools_per_1000,1.6,UDISE_API,2026-09-01T00:00:00Z
33037,Viluppuram,TN,hospital_beds_per_1000,1.74,HEALTH_PORTAL,2026-09-01T00:00:00Z
33038,Virudhunagar,TN,jjm_tap_coverage,0.614,JJM_API,2026-09-01T00:00:00Z
33038,Virudhunagar,TN,pmgsy_road_connected,0.679,PMGSY_API,2026-09-01T00:00:00Z
33038,Virudhunagar,TN,swachh_odf_status,0.887,SWACHH_API,2026-09-01T00:00:00Z
33038,Virudhunagar,TN,udise_schools_per_1000,2.52,UDISE_API,2026-09-01T00:00:00Z
33038,Virudhunagar,TN,hospital_beds_per_1000,1.21,HEALTH_PORTAL,2026-09-01T00:00:00Z
36001,Adilabad,TG,jjm_tap_coverage,0.762,JJM_API,2026-09-01T00:00:00Z
36001,Adilabad,TG,pmgsy_road_connected,0.94,PMGSY_API,2026-09-01T00:00:00Z
36001,Adilabad,TG,swachh_odf_status,0.975,SWACHH_API,2026-09-01T00:00:00Z
36001,Adilabad,TG,udise_schools_per_1000,1.58,UDISE_API,2026-09-01T00:00:00Z
36001,Adilabad,TG,hospital_beds_per_1000,0.71,HEALTH_PORTAL,2026-09-01T00:00:00Z
36002,Bhadradri Kothagudem,TG,jjm_tap_coverage,0.762,JJM_API,2026-09-01T00:00:00Z
36002,Bhadradri Kothagudem,TG,pmgsy_road_connected,0.921,PMGSY_API,2026-09-01T00:00:00Z
36002,Bhadradri Kothagudem,TG,swachh_odf_status,0.975,SWACHH_API,2026-09-01T00:00:00Z
36002,Bhadradri Kothagudem,TG,udise_schools_per_1000,1.29,UDISE_API,2026-09-01T00:00:00Z
36002,Bhadradri Kothagudem,TG,hospital_beds_per_1000,2.15,HEALTH_PORTAL,2026-09-01T00:00:00Z
36003,Hanamkonda,TG,jjm_tap_coverage,0.735,JJM_API,2026-09-01T00:00:00Z
36003,Hanamkonda,TG,pmgsy_road_connected,0.694,PMGSY_API,2026-09-01T00:00:00Z
36003,Hanamkonda,TG,swachh_odf_status,0.844,SWACHH_API,2026-09-01T00:00:00Z
36003,Hanamkonda,TG,udise_schools_per_1000,2.48,UDISE_API,2026-09-01T00:00:00Z
36003,Hanamkonda,TG,hospital_beds_per_1000,0.87,HEALTH_PORTAL,2026-09-01T00:00:00Z
36004,Hyderabad,TG,jjm_tap_coverage,0.606,JJM_API,2026-09-01T00:00:00Z
36004,Hyderabad,TG,pmgsy_road_connected,0.618,PMGSY_API,2026-09-01T00:00:00Z
36004,Hyderabad,TG,swachh_odf_status,0.95,SWACHH_API,2026-09-01T00:00:00Z
36004,Hyderabad,TG,udise_schools_per_1000,2.23,UDISE_API,2026-09-01T00:00:00Z
36004,Hyderabad,TG,hospital_beds_per_1000,1.37,HEALTH_PORTAL,2026-09-01T00:00:00Z
36005,Jagtial,TG,jjm_tap_coverage,0.941,JJM_API,2026-09-01T00:00:00Z
36005,Jagtial,TG,pmgsy_road_connected,0.771,PMGSY_API,2026-09-01T00:00:00Z
36005,Jagtial,TG,swachh_odf_status,0.9,SWACHH_API,2026-09-01T00:00:00Z
36005,Jagtial,TG,udise_schools_per_1000,2.75,UDISE_API,2026-09-01T00:00:00Z
36005,Jagtial,TG,hospital_beds_per_1000,1.2,HEALTH_PORTAL,2026-09-01T00:00:00Z
36006,Jangaon,TG,jjm_tap_coverage,0.925,JJM_API,2026-09-01T00:00:00Z
36006,Jangaon,TG,pmgsy_road_connected,0.693,PMGSY_API,2026-09-01T00:00:00Z
36006,Jangaon,TG,swachh_odf_status,0.789,SWACHH_API,2026-09-01T00:00:00Z
36006,Jangaon,TG,udise_schools_per_1000,2.17,UDISE_API,2026-09-01T00:00:00Z
36006,Jangaon,TG,hospital_beds_per_1000,1.19,HEALTH_PORTAL,2026-09-01T00:00:00Z
36007,Jayashankar Bhupalpally,TG,jjm_tap_coverage,0.811,JJM_API,2026-09-01T00:00:00Z
36007,Jayashankar Bhupalpally,TG,pmgsy_road_connected,0.587,PMGSY_API,2026-09-01T00:00:00Z
36007,Jayashankar Bhupalpally,TG,swachh_odf_status,0.819,SWACHH_API,2026-09-01T00:00:00Z
36007,Jayashankar Bhupalpally,TG,udise_schools_per_1000,1.1,UDISE_API,2026-09-01T00:00:00Z
36007,Jayashankar Bhupalpally,TG,hospital_beds_per_1000,0.76,HEALTH_PORTAL,2026-09-01T00:00:00Z
36008,Jogulamba Gadwal,TG,jjm_tap_coverage,0.438,JJM_API,2026-09-01T00:00:00Z
36008,Jogulamba Gadwal,TG,pmgsy_road_connected,0.674,PMGSY_API,2026-09-01T00:00:00Z
36008,Jogulamba Gadwal,TG,swachh_odf_status,0.99,SWACHH_API,2026-09-01T00:00:00Z
36008,Jogulamba Gadwal,TG,udise_schools_per_1000,1.94,UDISE_API,2026-09-01T00:00:00Z
36008,Jogulamba Gadwal,TG,hospital_beds_per_1000,2.05,HEALTH_PORTAL,2026-09-01T00:00:00Z
36009,Kamareddy,TG,jjm_tap_coverage,0.945,JJM_API,2026-09-01T00:00:00Z
36009,Kamareddy,TG,pmgsy_road_connected,0.936,PMGSY_API,2026-09-01T00:00:00Z
36009,Kamareddy,TG,swachh_odf_status,0.874,SWACHH_API,2026-09-01T00:00:00Z
36009,Kamareddy,TG,udise_schools_per_1000,1.96,UDISE_API,2026-09-01T00:00:00Z
36009,Kamareddy,TG,hospital_beds_per_1000,1.93,HEALTH_PORTAL,2026-09-01T00:00:00Z
36010,Karimnagar,TG,jjm_tap_coverage,0.781,JJM_API,2026-09-01T00:00:00Z
36010,Karimnagar,TG,pmgsy_road_connected,0.725,PMGSY_API,2026-09-01T00:00:00Z
36010,Karimnagar,TG,swachh_odf_status,0.874,SWACHH_API,2026-09-01T00:00:00Z
36010,Karimnagar,TG,udise_schools_per_1000,2.65,UDISE_API,2026-09-01T00:00:00Z
36010,Karimnagar,TG,hospital_beds_per_1000,2.17,HEALTH_PORTAL,2026-09-01T00:00:00Z
36011,Khammam,TG,jjm_tap_coverage,0.607,JJM_API,2026-09-01T00:00:00Z
36011,Khammam,TG,pmgsy_road_connected,0.554,PMGSY_API,2026-09-01T00:00:00Z
36011,Khammam,TG,swachh_odf_status,0.815,SWACHH_API,2026-09-01T00:00:00Z
36011,Khammam,TG,udise_schools_per_1000,1.69,UDISE_API,2026-09-01T00:00:00Z
36011,Khammam,TG,hospital_beds_per_1000,0.62,HEALTH_PORTAL,2026-09-01T00:00:00Z
36012,Kumuram Bheem Asifabad,TG,jjm_tap_coverage,0.619,JJM_API,2026-09-01T00:00:00Z
36012,Kumuram Bheem Asifabad,TG,pmgsy_road_connected,0.552,PMGSY_API,2026-09-01T00:00:00Z
36012,Kumuram Bheem Asifabad,TG,swachh_odf_status,0.948,SWACHH_API,2026-09-01T00:00:00Z
36012,Kumuram Bheem Asifabad,TG,udise_schools_per_1000,2.02,UDISE_API,2026-09-01T00:00:00Z
36012,Kumuram Bheem Asifabad,TG,hospital_beds_per_1000,2.34,HEALTH_PORTAL,2026-09-01T00:00:00Z
36013,Mahabubabad,TG,jjm_tap_coverage,0.595,JJM_API,2026-09-01T00:00:00Z
36013,Mahabubabad,TG,pmgsy_road_connected,0.724,PMGSY_API,2026-09-01T00:00:00Z
36013,Mahabubabad,TG,swachh_odf_status,0.831,SWACHH_API,2026-09-01T00:00:00Z
36013,Mahabubabad,TG,udise_schools_per_1000,2.53,UDISE_API,2026-09-01T00:00:00Z
36013,Mahabubabad,TG,hospital_beds_per_1000,1.4,HEALTH_PORTAL,2026-09-01T00:00:00Z
36014,Mahabubnagar,TG,jjm_tap_coverage,0.458,JJM_API,2026-09-01T00:00:00Z
36014,Mahabubnagar,TG,pmgsy_road_connected,0.949,PMGSY_API,2026-09-01T00:00:00Z
36014,Mahabubnagar,TG,swachh_odf_status,0.895,SWACHH_API,2026-09-01T00:00:00Z
36014,Mahabubnagar,TG,udise_schools_per_1000,1.31,UDISE_API,2026-09-01T00:00:00Z
36014,Mahabubnagar,TG,hospital_beds_per_1000,1.69,HEALTH_PORTAL,2026-09-01T00:00:00Z
36015,Mancherial,TG,jjm_tap_coverage,0.688,JJM_API,2026-09-01T00:00:00Z
36015,Mancherial,TG,pmgsy_road_connected,0.887,PMGSY_API,2026-09-01T00:00:00Z
36015,Mancherial,TG,swachh_odf_status,0.934,SWACHH_API,2026-09-01T00:00:00Z
36015,Mancherial,TG,udise_schools_per_1000,2.56,UDISE_API,2026-09-01T00:00:00Z
36015,Mancherial,TG,hospital_beds_per_1000,0.73,HEALTH_PORTAL,2026-09-01T00:00:00Z
36016,Medak,TG,jjm_tap_coverage,0.453,JJM_API,2026-09-01T00:00:00Z
36016,Medak,TG,pmgsy_road_connected,0.589,PMGSY_API,2026-09-01T00:00:00Z
36016,Medak,TG,swachh_odf_status,0.841,SWACHH_API,2026-09-01T00:00:00Z
36016,Medak,TG,udise_schools_per_1000,2.78,UDISE_API,2026-09-01T00:00:00Z
36016,Medak,TG,hospital_beds_per_1000,1.84,HEALTH_PORTAL,2026-09-01T00:00:00Z
36017,Medchal Malkajgiri,TG,jjm_tap_coverage,0.809,JJM_API,2026-09-01T00:00:00Z
36017,Medchal Malkajgiri,TG,pmgsy_road_connected,0.595,PMGSY_API,2026-09-01T00:00:00Z
36017,Medchal Malkajgiri,TG,swachh_odf_status,0.862,SWACHH_API,2026-09-01T00:00:00Z
36017,Medchal Malkajgiri,TG,udise_schools_per_1000,1.43,UDISE_API,2026-09-01T00:00:00Z
36017,Medchal Malkajgiri,TG,hospital_beds_per_1000,2.31,HEALTH_PORTAL,2026-09-01T00:00:00Z
36018,Mulugu,TG,jjm_tap_coverage,0.802,JJM_API,2026-09-01T00:00:00Z
36018,Mulugu,TG,pmgsy_road_connected,0.908,PMGSY_API,2026-09-01T00:00:00Z
36018,Mulugu,TG,swachh_odf_status,0.995,SWACHH_API,2026-09-01T00:00:00Z
36018,Mulugu,TG,udise_schools_per_1000,1.23,UDISE_API,2026-09-01T00:00:00Z
36018,Mulugu,TG,hospital_beds_per_1000,1.17,HEALTH_PORTAL,2026-09-01T00:00:00Z
36019,Nagarkurnool,TG,jjm_tap_coverage,0.963,JJM_API,2026-09-01T00:00:00Z
36019,Nagarkurnool,TG,pmgsy_road_connected,0.734,PMGSY_API,2026-09-01T00:00:00Z
36019,Nagarkurnool,TG,swachh_odf_status,0.993,SWACHH_API,2026-09-01T00:00:00Z
36019,Nagarkurnool,TG,udise_schools_per_1000,1.77,UDISE_API,2026-09-01T00:00:00Z
36019,Nagarkurnool,TG,hospital_beds_per_1000,2.41,HEALTH_PORTAL,2026-09-01T00:00:00Z
36020,Nalgonda,TG,jjm_tap_coverage,0.514,JJM_API,2026-09-01T00:00:00Z
36020,Nalgonda,TG,pmgsy_road_connected,0.634,PMGSY_API,2026-09-01T00:00:00Z
36020,Nalgonda,TG,swachh_odf_status,0.966,SWACHH_API,2026-09-01T00:00:00Z
36020,Nalgonda,TG,udise_schools_per_1000,1.76,UDISE_API,2026-09-01T00:00:00Z
36020,Nalgonda,TG,hospital_beds_per_1000,1.42,HEALTH_PORTAL,2026-09-01T00:00:00Z
36021,Narayanpet,TG,jjm_tap_coverage,0.778,JJM_API,2026-09-01T00:00:00Z
36021,Narayanpet,TG,pmgsy_road_connected,0.869,PMGSY_API,2026-09-01T00:00:00Z
36021,Narayanpet,TG,swachh_odf_status,0.98,SWACHH_API,2026-09-01T00:00:00Z
36021,Narayanpet,TG,udise_schools_per_1000,2.31,UDISE_API,2026-09-01T00:00:00Z
36021,Narayanpet,TG,hospital_beds_per_1000,1.85,HEALTH_PORTAL,2026-09-01T00:00:00Z
36022,Nirmal,TG,jjm_tap_coverage,0.7,JJM_API,2026-09-01T00:00:00Z
36022,Nirmal,TG,pmgsy_road_connected,0.562,PMGSY_API,2026-09-01T00:00:00Z
36022,Nirmal,TG,swachh_odf_status,0.996,SWACHH_API,2026-09-01T00:00:00Z
36022,Nirmal,TG,udise_schools_per_1000,1.55,UDISE_API,2026-09-01T00:00:00Z
36022,Nirmal,TG,hospital_beds_per_1000,2.24,HEALTH_PORTAL,2026-09-01T00:00:00Z
36023,Nizamabad,TG,jjm_tap_coverage,0.661,JJM_API,2026-09-01T00:00:00Z
36023,Nizamabad,TG,pmgsy_road_connected,0.949,PMGSY_API,2026-09-01T00:00:00Z
36023,Nizamabad,TG,swachh_odf_status,0.808,SWACHH_API,2026-09-01T00:00:00Z
36023,Nizamabad,TG,udise_schools_per_1000,1.4,UDISE_API,2026-09-01T00:00:00Z
36023,Nizamabad,TG,hospital_beds_per_1000,1.14,HEALTH_PORTAL,2026-09-01T00:00:00Z
36024,Peddapalli,TG,jjm_tap_coverage,0.973,JJM_API,2026-09-01T00:00:00Z
36024,Peddapalli,TG,pmgsy_road_connected,0.667,PMGSY_API,2026-09-01T00:00:00Z
36024,Peddapalli,TG,swachh_odf_status,0.865,SWACHH_API,2026-09-01T00:00:00Z
36024,Peddapalli,TG,udise_schools_per_1000,2.69,UDISE_API,2026-09-01T00:00:00Z
36024,Peddapalli,TG,hospital_beds_per_1000,1.14,HEALTH_PORTAL,2026-09-01T00:00:00Z
36025,Rajanna Sircilla,TG,jjm_tap_coverage,0.946,JJM_API,2026-09-01T00:00:00Z
36025,Rajanna Sircilla,TG,pmgsy_road_connected,0.912,PMGSY_API,2026-09-01T00:00:00Z
36025,Rajanna Sircilla,TG,swachh_odf_status,0.982,SWACHH_API,2026-09-01T00:00:00Z
36025,Rajanna Sircilla,TG,udise_schools_per_1000,1.34,UDISE_API,2026-09-01T00:00:00Z
36025,Rajanna Sircilla,TG,hospital_beds_per_1000,0.83,HEALTH_PORTAL,2026-09-01T00:00:00Z
36026,Ranga Reddy,TG,jjm_tap_coverage,0.807,JJM_API,2026-09-01T00:00:00Z
36026,Ranga Reddy,TG,pmgsy_road_connected,0.731,PMGSY_API,2026-09-01T00:00:00Z
36026,Ranga Reddy,TG,swachh_odf_status,0.855,SWACHH_API,2026-09-01T00:00:00Z
36026,Ranga Reddy,TG,udise_schools_per_1000,2.36,UDISE_API,2026-09-01T00:00:00Z
36026,Ranga Reddy,TG,hospital_beds_per_1000,0.88,HEALTH_PORTAL,2026-09-01T00:00:00Z
36027,Sangareddy,TG,jjm_tap_coverage,0.691,JJM_API,2026-09-01T00:00:00Z
36027,Sangareddy,TG,pmgsy_road_connected,0.85,PMGSY_API,2026-09-01T00:00:00Z
36027,Sangareddy,TG,swachh_odf_status,0.94,SWACHH_API,2026-09-01T00:00:00Z
36027,Sangareddy,TG,udise_schools_per_1000,1.21,UDISE_API,2026-09-01T00:00:00Z
36027,Sangareddy,TG,hospital_beds_per_1000,0.95,HEALTH_PORTAL,2026-09-01T00:00:00Z
36028,Siddipet,TG,jjm_tap_coverage,0.757,JJM_API,2026-09-01T00:00:00Z
36028,Siddipet,TG,pmgsy_road_connected,0.632,PMGSY_API,2026-09-01T00:00:00Z
36028,Siddipet,TG,swachh_odf_status,0.94,SWACHH_API,2026-09-01T00:00:00Z
36028,Siddipet,TG,udise_schools_per_1000,2.56,UDISE_API,2026-09-01T00:00:00Z
36028,Siddipet,TG,hospital_beds_per_1000,2.09,HEALTH_PORTAL,2026-09-01T00:00:00Z
36029,Suryapet,TG,jjm_tap_coverage,0.546,JJM_API,2026-09-01T00:00:00Z
36029,Suryapet,TG,pmgsy_road_connected,0.65,PMGSY_API,2026-09-01T00:00:00Z
36029,Suryapet,TG,swachh_odf_status,0.874,SWACHH_API,2026-09-01T00:00:00Z
36029,Suryapet,TG,udise_schools_per_1000,1.96,UDISE_API,2026-09-01T00:00:00Z
36029,Suryapet,TG,hospital_beds_per_1000,2.45,HEALTH_PORTAL,2026-09-01T00:00:00Z
36030,Vikarabad,TG,jjm_tap_coverage,0.815,JJM_API,2026-09-01T00:00:00Z
36030,Vikarabad,TG,pmgsy_road_connected,0.974,PMGSY_API,2026-09-01T00:00:00Z
36030,Vikarabad,TG,swachh_odf_status,0.888,SWACHH_API,2026-09-01T00:00:00Z
36030,Vikarabad,TG,udise_schools_per_1000,2.45,UDISE_API,2026-09-01T00:00:00Z
36030,Vikarabad,TG,hospital_beds_per_1000,1.8,HEALTH_PORTAL,2026-09-01T00:00:00Z
36031,Wanaparthy,TG,jjm_tap_coverage,0.506,JJM_API,2026-09-01T00:00:00Z
36031,Wanaparthy,TG,pmgsy_road_connected,0.909,PMGSY_API,2026-09-01T00:00:00Z
36031,Wanaparthy,TG,swachh_odf_status,0.998,SWACHH_API,2026-09-01T00:00:00Z
36031,Wanaparthy,TG,udise_schools_per_1000,2.17,UDISE_API,2026-09-01T00:00:00Z
36031,Wanaparthy,TG,hospital_beds_per_1000,0.95,HEALTH_PORTAL,2026-09-01T00:00:00Z
36032,Warangal,TG,jjm_tap_coverage,0.795,JJM_API,2026-09-01T00:00:00Z
36032,Warangal,TG,pmgsy_road_connected,0.651,PMGSY_API,2026-09-01T00:00:00Z
36032,Warangal,TG,swachh_odf_status,0.903,SWACHH_API,2026-09-01T00:00:00Z
36032,Warangal,TG,udise_schools_per_1000,1.62,UDISE_API,2026-09-01T00:00:00Z
36032,Warangal,TG,hospital_beds_per_1000,0.83,HEALTH_PORTAL,2026-09-01T00:00:00Z
36033,Yadadri Bhuvanagiri,TG,jjm_tap_coverage,0.468,JJM_API,2026-09-01T00:00:00Z
36033,Yadadri Bhuvanagiri,TG,pmgsy_road_connected,0.98,PMGSY_API,2026-09-01T00:00:00Z
36033,Yadadri Bhuvanagiri,TG,swachh_odf_status,0.839,SWACHH_API,2026-09-01T00:00:00Z
36033,Yadadri Bhuvanagiri,TG,udise_schools_per_1000,1.23,UDISE_API,2026-09-01T00:00:00Z
36033,Yadadri Bhuvanagiri,TG,hospital_beds_per_1000,2.06,HEALTH_PORTAL,2026-09-01T00:00:00Z
16001,Dhalai,TR,jjm_tap_coverage,0.504,JJM_API,2026-09-01T00:00:00Z
16001,Dhalai,TR,pmgsy_road_connected,0.582,PMGSY_API,2026-09-01T00:00:00Z
16001,Dhalai,TR,swachh_odf_status,0.824,SWACHH_API,2026-09-01T00:00:00Z
16001,Dhalai,TR,udise_schools_per_1000,1.51,UDISE_API,2026-09-01T00:00:00Z
16001,Dhalai,TR,hospital_beds_per_1000,1.96,HEALTH_PORTAL,2026-09-01T00:00:00Z
16002,Gomati,TR,jjm_tap_coverage,0.783,JJM_API,2026-09-01T00:00:00Z
16002,Gomati,TR,pmgsy_road_connected,0.735,PMGSY_API,2026-09-01T00:00:00Z
16002,Gomati,TR,swachh_odf_status,0.832,SWACHH_API,2026-09-01T00:00:00Z
16002,Gomati,TR,udise_schools_per_1000,2.18,UDISE_API,2026-09-01T00:00:00Z
16002,Gomati,TR,hospital_beds_per_1000,1.0,HEALTH_PORTAL,2026-09-01T00:00:00Z
16003,Khowai,TR,jjm_tap_coverage,0.735,JJM_API,2026-09-01T00:00:00Z
16003,Khowai,TR,pmgsy_road_connected,0.751,PMGSY_API,2026-09-01T00:00:00Z
16003,Khowai,TR,swachh_odf_status,0.983,SWACHH_API,2026-09-01T00:00:00Z
16003,Khowai,TR,udise_schools_per_1000,1.92,UDISE_API,2026-09-01T00:00:00Z
16003,Khowai,TR,hospital_beds_per_1000,1.95,HEALTH_PORTAL,2026-09-01T00:00:00Z
16004,North Tripura,TR,jjm_tap_coverage,0.532,JJM_API,2026-09-01T00:00:00Z
16004,North Tripura,TR,pmgsy_road_connected,0.809,PMGSY_API,2026-09-01T00:00:00Z
16004,North Tripura,TR,swachh_odf_status,0.865,SWACHH_API,2026-09-01T00:00:00Z
16004,North Tripura,TR,udise_schools_per_1000,1.56,UDISE_API,2026-09-01T00:00:00Z
16004,North Tripura,TR,hospital_beds_per_1000,1.41,HEALTH_PORTAL,2026-09-01T00:00:00Z
16005,Sepahijala,TR,jjm_tap_coverage,0.768,JJM_API,2026-09-01T00:00:00Z
16005,Sepahijala,TR,pmgsy_road_connected,0.796,PMGSY_API,2026-09-01T00:00:00Z
16005,Sepahijala,TR,swachh_odf_status,0.905,SWACHH_API,2026-09-01T00:00:00Z
16005,Sepahijala,TR,udise_schools_per_1000,1.67,UDISE_API,2026-09-01T00:00:00Z
16005,Sepahijala,TR,hospital_beds_per_1000,1.35,HEALTH_PORTAL,2026-09-01T00:00:00Z
16006,South Tripura,TR,jjm_tap_coverage,0.547,JJM_API,2026-09-01T00:00:00Z
16006,South Tripura,TR,pmgsy_road_connected,0.938,PMGSY_API,2026-09-01T00:00:00Z
16006,South Tripura,TR,swachh_odf_status,0.973,SWACHH_API,2026-09-01T00:00:00Z
16006,South Tripura,TR,udise_schools_per_1000,1.55,UDISE_API,2026-09-01T00:00:00Z
16006,South Tripura,TR,hospital_beds_per_1000,1.6,HEALTH_PORTAL,2026-09-01T00:00:00Z
16007,Unakoti,TR,jjm_tap_coverage,0.807,JJM_API,2026-09-01T00:00:00Z
16007,Unakoti,TR,pmgsy_road_connected,0.601,PMGSY_API,2026-09-01T00:00:00Z
16007,Unakoti,TR,swachh_odf_status,0.885,SWACHH_API,2026-09-01T00:00:00Z
16007,Unakoti,TR,udise_schools_per_1000,1.17,UDISE_API,2026-09-01T00:00:00Z
16007,Unakoti,TR,hospital_beds_per_1000,1.22,HEALTH_PORTAL,2026-09-01T00:00:00Z
16008,West Tripura,TR,jjm_tap_coverage,0.496,JJM_API,2026-09-01T00:00:00Z
16008,West Tripura,TR,pmgsy_road_connected,0.601,PMGSY_API,2026-09-01T00:00:00Z
16008,West Tripura,TR,swachh_odf_status,0.941,SWACHH_API,2026-09-01T00:00:00Z
16008,West Tripura,TR,udise_schools_per_1000,1.88,UDISE_API,2026-09-01T00:00:00Z
16008,West Tripura,TR,hospital_beds_per_1000,2.23,HEALTH_PORTAL,2026-09-01T00:00:00Z
9001,Agra,UP,jjm_tap_coverage,0.628,JJM_API,2026-09-01T00:00:00Z
9001,Agra,UP,pmgsy_road_connected,0.939,PMGSY_API,2026-09-01T00:00:00Z
9001,Agra,UP,swachh_odf_status,0.845,SWACHH_API,2026-09-01T00:00:00Z
9001,Agra,UP,udise_schools_per_1000,1.41,UDISE_API,2026-09-01T00:00:00Z
9001,Agra,UP,hospital_beds_per_1000,2.17,HEALTH_PORTAL,2026-09-01T00:00:00Z
9002,Aligarh,UP,jjm_tap_coverage,0.739,JJM_API,2026-09-01T00:00:00Z
9002,Aligarh,UP,pmgsy_road_connected,0.673,PMGSY_API,2026-09-01T00:00:00Z
9002,Aligarh,UP,swachh_odf_status,0.946,SWACHH_API,2026-09-01T00:00:00Z
9002,Aligarh,UP,udise_schools_per_1000,2.73,UDISE_API,2026-09-01T00:00:00Z
9002,Aligarh,UP,hospital_beds_per_1000,0.89,HEALTH_PORTAL,2026-09-01T00:00:00Z
9003,Ambedkar Nagar,UP,jjm_tap_coverage,0.531,JJM_API,2026-09-01T00:00:00Z
9003,Ambedkar Nagar,UP,pmgsy_road_connected,0.609,PMGSY_API,2026-09-01T00:00:00Z
9003,Ambedkar Nagar,UP,swachh_odf_status,0.999,SWACHH_API,2026-09-01T00:00:00Z
9003,Ambedkar Nagar,UP,udise_schools_per_1000,2.16,UDISE_API,2026-09-01T00:00:00Z
9003,Ambedkar Nagar,UP,hospital_beds_per_1000,1.04,HEALTH_PORTAL,2026-09-01T00:00:00Z
9004,Amethi,UP,jjm_tap_coverage,0.923,JJM_API,2026-09-01T00:00:00Z
9004,Amethi,UP,pmgsy_road_connected,0.575,PMGSY_API,2026-09-01T00:00:00Z
9004,Amethi,UP,swachh_odf_status,0.841,SWACHH_API,2026-09-01T00:00:00Z
9004,Amethi,UP,udise_schools_per_1000,1.73,UDISE_API,2026-09-01T00:00:00Z
9004,Amethi,UP,hospital_beds_per_1000,0.71,HEALTH_PORTAL,2026-09-01T00:00:00Z
9005,Amroha,UP,jjm_tap_coverage,0.584,JJM_API,2026-09-01T00:00:00Z
9005,Amroha,UP,pmgsy_road_connected,0.938,PMGSY_API,2026-09-01T00:00:00Z
9005,Amroha,UP,swachh_odf_status,0.793,SWACHH_API,2026-09-01T00:00:00Z
9005,Amroha,UP,udise_schools_per_1000,2.48,UDISE_API,2026-09-01T00:00:00Z
9005,Amroha,UP,hospital_beds_per_1000,1.97,HEALTH_PORTAL,2026-09-01T00:00:00Z
9006,Auraiya,UP,jjm_tap_coverage,0.772,JJM_API,2026-09-01T00:00:00Z
9006,Auraiya,UP,pmgsy_road_connected,0.699,PMGSY_API,2026-09-01T00:00:00Z
9006,Auraiya,UP,swachh_odf_status,0.972,SWACHH_API,2026-09-01T00:00:00Z
9006,Auraiya,UP,udise_schools_per_1000,1.21,UDISE_API,2026-09-01T00:00:00Z
9006,Auraiya,UP,hospital_beds_per_1000,0.9,HEALTH_PORTAL,2026-09-01T00:00:00Z
9007,Ayodhya,UP,jjm_tap_coverage,0.81,JJM_API,2026-09-01T00:00:00Z
9007,Ayodhya,UP,pmgsy_road_connected,0.982,PMGSY_API,2026-09-01T00:00:00Z
9007,Ayodhya,UP,swachh_odf_status,0.902,SWACHH_API,2026-09-01T00:00:00Z
9007,Ayodhya,UP,udise_schools_per_1000,2.47,UDISE_API,2026-09-01T00:00:00Z
9007,Ayodhya,UP,hospital_beds_per_1000,2.01,HEALTH_PORTAL,2026-09-01T00:00:00Z
9008,Azamgarh,UP,jjm_tap_coverage,0.839,JJM_API,2026-09-01T00:00:00Z
9008,Azamgarh,UP,pmgsy_road_connected,0.66,PMGSY_API,2026-09-01T00:00:00Z
9008,Azamgarh,UP,swachh_odf_status,0.903,SWACHH_API,2026-09-01T00:00:00Z
9008,Azamgarh,UP,udise_schools_per_1000,1.41,UDISE_API,2026-09-01T00:00:00Z
9008,Azamgarh,UP,hospital_beds_per_1000,0.64,HEALTH_PORTAL,2026-09-01T00:00:00Z
9009,Baghpat,UP,jjm_tap_coverage,0.427,JJM_API,2026-09-01T00:00:00Z
9009,Baghpat,UP,pmgsy_road_connected,0.754,PMGSY_API,2026-09-01T00:00:00Z
9009,Baghpat,UP,swachh_odf_status,0.957,SWACHH_API,2026-09-01T00:00:00Z
9009,Baghpat,UP,udise_schools_per_1000,1.12,UDISE_API,2026-09-01T00:00:00Z
9009,Baghpat,UP,hospital_beds_per_1000,1.31,HEALTH_PORTAL,2026-09-01T00:00:00Z
9010,Bahraich,UP,jjm_tap_coverage,0.738,JJM_API,2026-09-01T00:00:00Z
9010,Bahraich,UP,pmgsy_road_connected,0.558,PMGSY_API,2026-09-01T00:00:00Z
9010,Bahraich,UP,swachh_odf_status,0.798,SWACHH_API,2026-09-01T00:00:00Z
9010,Bahraich,UP,udise_schools_per_1000,1.78,UDISE_API,2026-09-01T00:00:00Z
9010,Bahraich,UP,hospital_beds_per_1000,1.63,HEALTH_PORTAL,2026-09-01T00:00:00Z
9011,Ballia,UP,jjm_tap_coverage,0.792,JJM_API,2026-09-01T00:00:00Z
9011,Ballia,UP,pmgsy_road_connected,0.97,PMGSY_API,2026-09-01T00:00:00Z
9011,Ballia,UP,swachh_odf_status,0.789,SWACHH_API,2026-09-01T00:00:00Z
9011,Ballia,UP,udise_schools_per_1000,1.74,UDISE_API,2026-09-01T00:00:00Z
9011,Ballia,UP,hospital_beds_per_1000,1.24,HEALTH_PORTAL,2026-09-01T00:00:00Z
9012,Balrampur,UP,jjm_tap_coverage,0.791,JJM_API,2026-09-01T00:00:00Z
9012,Balrampur,UP,pmgsy_road_connected,0.939,PMGSY_API,2026-09-01T00:00:00Z
9012,Balrampur,UP,swachh_odf_status,0.936,SWACHH_API,2026-09-01T00:00:00Z
9012,Balrampur,UP,udise_schools_per_1000,2.02,UDISE_API,2026-09-01T00:00:00Z
9012,Balrampur,UP,hospital_beds_per_1000,2.25,HEALTH_PORTAL,2026-09-01T00:00:00Z
9013,Banda,UP,jjm_tap_coverage,0.855,JJM_API,2026-09-01T00:00:00Z
9013,Banda,UP,pmgsy_road_connected,0.972,PMGSY_API,2026-09-01T00:00:00Z
9013,Banda,UP,swachh_odf_status,0.92,SWACHH_API,2026-09-01T00:00:00Z
9013,Banda,UP,udise_schools_per_1000,1.58,UDISE_API,2026-09-01T00:00:00Z
9013,Banda,UP,hospital_beds_per_1000,2.25,HEALTH_PORTAL,2026-09-01T00:00:00Z
9014,Barabanki,UP,jjm_tap_coverage,0.47,JJM_API,2026-09-01T00:00:00Z
9014,Barabanki,UP,pmgsy_road_connected,0.93,PMGSY_API,2026-09-01T00:00:00Z
9014,Barabanki,UP,swachh_odf_status,0.878,SWACHH_API,2026-09-01T00:00:00Z
9014,Barabanki,UP,udise_schools_per_1000,2.5,UDISE_API,2026-09-01T00:00:00Z
9014,Barabanki,UP,hospital_beds_per_1000,1.37,HEALTH_PORTAL,2026-09-01T00:00:00Z
9015,Bareilly,UP,jjm_tap_coverage,0.6,JJM_API,2026-09-01T00:00:00Z
9015,Bareilly,UP,pmgsy_road_connected,0.57,PMGSY_API,2026-09-01T00:00:00Z
9015,Bareilly,UP,swachh_odf_status,0.958,SWACHH_API,2026-09-01T00:00:00Z
9015,Bareilly,UP,udise_schools_per_1000,1.56,UDISE_API,2026-09-01T00:00:00Z
9015,Bareilly,UP,hospital_beds_per_1000,2.28,HEALTH_PORTAL,2026-09-01T00:00:00Z
9016,Basti,UP,jjm_tap_coverage,0.761,JJM_API,2026-09-01T00:00:00Z
9016,Basti,UP,pmgsy_road_connected,0.72,PMGSY_API,2026-09-01T00:00:00Z
9016,Basti,UP,swachh_odf_status,0.954,SWACHH_API,2026-09-01T00:00:00Z
9016,Basti,UP,udise_schools_per_1000,2.73,UDISE_API,2026-09-01T00:00:00Z
9016,Basti,UP,hospital_beds_per_1000,1.01,HEALTH_PORTAL,2026-09-01T00:00:00Z
9017,Bhadohi,UP,jjm_tap_coverage,0.797,JJM_API,2026-09-01T00:00:00Z
9017,Bhadohi,UP,pmgsy_road_connected,0.924,PMGSY_API,2026-09-01T00:00:00Z
9017,Bhadohi,UP,swachh_odf_status,0.941,SWACHH_API,2026-09-01T00:00:00Z
9017,Bhadohi,UP,udise_schools_per_1000,1.48,UDISE_API,2026-09-01T00:00:00Z
9017,Bhadohi,UP,hospital_beds_per_1000,2.31,HEALTH_PORTAL,2026-09-01T00:00:00Z
9018,Bijnor,UP,jjm_tap_coverage,0.768,JJM_API,2026-09-01T00:00:00Z
9018,Bijnor,UP,pmgsy_road_connected,0.756,PMGSY_API,2026-09-01T00:00:00Z
9018,Bijnor,UP,swachh_odf_status,0.878,SWACHH_API,2026-09-01T00:00:00Z
9018,Bijnor,UP,udise_schools_per_1000,1.8,UDISE_API,2026-09-01T00:00:00Z
9018,Bijnor,UP,hospital_beds_per_1000,1.48,HEALTH_PORTAL,2026-09-01T00:00:00Z
9019,Budaun,UP,jjm_tap_coverage,0.601,JJM_API,2026-09-01T00:00:00Z
9019,Budaun,UP,pmgsy_road_connected,0.64,PMGSY_API,2026-09-01T00:00:00Z
9019,Budaun,UP,swachh_odf_status,0.916,SWACHH_API,2026-09-01T00:00:00Z
9019,Budaun,UP,udise_schools_per_1000,2.11,UDISE_API,2026-09-01T00:00:00Z
9019,Budaun,UP,hospital_beds_per_1000,2.29,HEALTH_PORTAL,2026-09-01T00:00:00Z
9020,Bulandshahr,UP,jjm_tap_coverage,0.592,JJM_API,2026-09-01T00:00:00Z
9020,Bulandshahr,UP,pmgsy_road_connected,0.849,PMGSY_API,2026-09-01T00:00:00Z
9020,Bulandshahr,UP,swachh_odf_status,0.836,SWACHH_API,2026-09-01T00:00:00Z
9020,Bulandshahr,UP,udise_schools_per_1000,1.7,UDISE_API,2026-09-01T00:00:00Z
9020,Bulandshahr,UP,hospital_beds_per_1000,1.77,HEALTH_PORTAL,2026-09-01T00:00:00Z
9021,Chandauli,UP,jjm_tap_coverage,0.791,JJM_API,2026-09-01T00:00:00Z
9021,Chandauli,UP,pmgsy_road_connected,0.776,PMGSY_API,2026-09-01T00:00:00Z
9021,Chandauli,UP,swachh_odf_status,0.867,SWACHH_API,2026-09-01T00:00:00Z
9021,Chandauli,UP,udise_schools_per_1000,1.12,UDISE_API,2026-09-01T00:00:00Z
9021,Chandauli,UP,hospital_beds_per_1000,2.43,HEALTH_PORTAL,2026-09-01T00:00:00Z
9022,Chitrakoot,UP,jjm_tap_coverage,0.729,JJM_API,2026-09-01T00:00:00Z
9022,Chitrakoot,UP,pmgsy_road_connected,0.822,PMGSY_API,2026-09-01T00:00:00Z
9022,Chitrakoot,UP,swachh_odf_status,0.942,SWACHH_API,2026-09-01T00:00:00Z
9022,Chitrakoot,UP,udise_schools_per_1000,1.55,UDISE_API,2026-09-01T00:00:00Z
9022,Chitrakoot,UP,hospital_beds_per_1000,2.22,HEALTH_PORTAL,2026-09-01T00:00:00Z
9023,Deoria,UP,jjm_tap_coverage,0.566,JJM_API,2026-09-01T00:00:00Z
9023,Deoria,UP,pmgsy_road_connected,0.799,PMGSY_API,2026-09-01T00:00:00Z
9023,Deoria,UP,swachh_odf_status,0.962,SWACHH_API,2026-09-01T00:00:00Z
9023,Deoria,UP,udise_schools_per_1000,2.76,UDISE_API,2026-09-01T00:00:00Z
9023,Deoria,UP,hospital_beds_per_1000,1.86,HEALTH_PORTAL,2026-09-01T00:00:00Z
9024,Etah,UP,jjm_tap_coverage,0.64,JJM_API,2026-09-01T00:00:00Z
9024,Etah,UP,pmgsy_road_connected,0.671,PMGSY_API,2026-09-01T00:00:00Z
9024,Etah,UP,swachh_odf_status,0.855,SWACHH_API,2026-09-01T00:00:00Z
9024,Etah,UP,udise_schools_per_1000,1.82,UDISE_API,2026-09-01T00:00:00Z
9024,Etah,UP,hospital_beds_per_1000,2.31,HEALTH_PORTAL,2026-09-01T00:00:00Z
9025,Etawah,UP,jjm_tap_coverage,0.565,JJM_API,2026-09-01T00:00:00Z
9025,Etawah,UP,pmgsy_road_connected,0.685,PMGSY_API,2026-09-01T00:00:00Z
9025,Etawah,UP,swachh_odf_status,0.978,SWACHH_API,2026-09-01T00:00:00Z
9025,Etawah,UP,udise_schools_per_1000,1.62,UDISE_API,2026-09-01T00:00:00Z
9025,Etawah,UP,hospital_beds_per_1000,1.15,HEALTH_PORTAL,2026-09-01T00:00:00Z
9026,Farrukhabad,UP,jjm_tap_coverage,0.94,JJM_API,2026-09-01T00:00:00Z
9026,Farrukhabad,UP,pmgsy_road_connected,0.893,PMGSY_API,2026-09-01T00:00:00Z
9026,Farrukhabad,UP,swachh_odf_status,0.832,SWACHH_API,2026-09-01T00:00:00Z
9026,Farrukhabad,UP,udise_schools_per_1000,2.42,UDISE_API,2026-09-01T00:00:00Z
9026,Farrukhabad,UP,hospital_beds_per_1000,0.87,HEALTH_PORTAL,2026-09-01T00:00:00Z
9027,Fatehpur,UP,jjm_tap_coverage,0.451,JJM_API,2026-09-01T00:00:00Z
9027,Fatehpur,UP,pmgsy_road_connected,0.953,PMGSY_API,2026-09-01T00:00:00Z
9027,Fatehpur,UP,swachh_odf_status,0.896,SWACHH_API,2026-09-01T00:00:00Z
9027,Fatehpur,UP,udise_schools_per_1000,2.18,UDISE_API,2026-09-01T00:00:00Z
9027,Fatehpur,UP,hospital_beds_per_1000,1.29,HEALTH_PORTAL,2026-09-01T00:00:00Z
9028,Firozabad,UP,jjm_tap_coverage,0.607,JJM_API,2026-09-01T00:00:00Z
9028,Firozabad,UP,pmgsy_road_connected,0.765,PMGSY_API,2026-09-01T00:00:00Z
9028,Firozabad,UP,swachh_odf_status,0.898,SWACHH_API,2026-09-01T00:00:00Z
9028,Firozabad,UP,udise_schools_per_1000,1.48,UDISE_API,2026-09-01T00:00:00Z
9028,Firozabad,UP,hospital_beds_per_1000,0.84,HEALTH_PORTAL,2026-09-01T00:00:00Z
9029,Gautam Buddha Nagar,UP,jjm_tap_coverage,0.522,JJM_API,2026-09-01T00:00:00Z
9029,Gautam Buddha Nagar,UP,pmgsy_road_connected,0.746,PMGSY_API,2026-09-01T00:00:00Z
9029,Gautam Buddha Nagar,UP,swachh_odf_status,0.847,SWACHH_API,2026-09-01T00:00:00Z
9029,Gautam Buddha Nagar,UP,udise_schools_per_1000,1.66,UDISE_API,2026-09-01T00:00:00Z
9029,Gautam Buddha Nagar,UP,hospital_beds_per_1000,1.86,HEALTH_PORTAL,2026-09-01T00:00:00Z
9030,Ghaziabad,UP,jjm_tap_coverage,0.749,JJM_API,2026-09-01T00:00:00Z
9030,Ghaziabad,UP,pmgsy_road_connected,0.803,PMGSY_API,2026-09-01T00:00:00Z
9030,Ghaziabad,UP,swachh_odf_status,0.976,SWACHH_API,2026-09-01T00:00:00Z
9030,Ghaziabad,UP,udise_schools_per_1000,2.17,UDISE_API,2026-09-01T00:00:00Z
9030,Ghaziabad,UP,hospital_beds_per_1000,1.42,HEALTH_PORTAL,2026-09-01T00:00:00Z
9031,Ghazipur,UP,jjm_tap_coverage,0.575,JJM_API,2026-09-01T00:00:00Z
9031,Ghazipur,UP,pmgsy_road_connected,0.963,PMGSY_API,2026-09-01T00:00:00Z
9031,Ghazipur,UP,swachh_odf_status,0.951,SWACHH_API,2026-09-01T00:00:00Z
9031,Ghazipur,UP,udise_schools_per_1000,1.61,UDISE_API,2026-09-01T00:00:00Z
9031,Ghazipur,UP,hospital_beds_per_1000,2.03,HEALTH_PORTAL,2026-09-01T00:00:00Z
9032,Gonda,UP,jjm_tap_coverage,0.879,JJM_API,2026-09-01T00:00:00Z
9032,Gonda,UP,pmgsy_road_connected,0.682,PMGSY_API,2026-09-01T00:00:00Z
9032,Gonda,UP,swachh_odf_status,0.899,SWACHH_API,2026-09-01T00:00:00Z
9032,Gonda,UP,udise_schools_per_1000,2.19,UDISE_API,2026-09-01T00:00:00Z
9032,Gonda,UP,hospital_beds_per_1000,2.32,HEALTH_PORTAL,2026-09-01T00:00:00Z
9033,Gorakhpur,UP,jjm_tap_coverage,0.484,JJM_API,2026-09-01T00:00:00Z
9033,Gorakhpur,UP,pmgsy_road_connected,0.586,PMGSY_API,2026-09-01T00:00:00Z
9033,Gorakhpur,UP,swachh_odf_status,0.834,SWACHH_API,2026-09-01T00:00:00Z
9033,Gorakhpur,UP,udise_schools_per_1000,2.78,UDISE_API,2026-09-01T00:00:00Z
9033,Gorakhpur,UP,hospital_beds_per_1000,1.53,HEALTH_PORTAL,2026-09-01T00:00:00Z
9034,Hamirpur,UP,jjm_tap_coverage,0.837,JJM_API,2026-09-01T00:00:00Z
9034,Hamirpur,UP,pmgsy_road_connected,0.787,PMGSY_API,2026-09-01T00:00:00Z
9034,Hamirpur,UP,swachh_odf_status,0.785,SWACHH_API,2026-09-01T00:00:00Z
9034,Hamirpur,UP,udise_schools_per_1000,2.33,UDISE_API,2026-09-01T00:00:00Z
9034,Hamirpur,UP,hospital_beds_per_1000,2.43,HEALTH_PORTAL,2026-09-01T00:00:00Z
9035,Hapur,UP,jjm_tap_coverage,0.867,JJM_API,2026-09-01T00:00:00Z
9035,Hapur,UP,pmgsy_road_connected,0.926,PMGSY_API,2026-09-01T00:00:00Z
9035,Hapur,UP,swachh_odf_status,0.938,SWACHH_API,2026-09-01T00:00:00Z
9035,Hapur,UP,udise_schools_per_1000,1.17,UDISE_API,2026-09-01T00:00:00Z
9035,Hapur,UP,hospital_beds_per_1000,1.22,HEALTH_PORTAL,2026-09-01T00:00:00Z
9036,Hardoi,UP,jjm_tap_coverage,0.966,JJM_API,2026-09-01T00:00:00Z
9036,Hardoi,UP,pmgsy_road_connected,0.98,PMGSY_API,2026-09-01T00:00:00Z
9036,Hardoi,UP,swachh_odf_status,0.965,SWACHH_API,2026-09-01T00:00:00Z
9036,Hardoi,UP,udise_schools_per_1000,1.83,UDISE_API,2026-09-01T00:00:00Z
9036,Hardoi,UP,hospital_beds_per_1000,1.3,HEALTH_PORTAL,2026-09-01T00:00:00Z
9037,Hathras,UP,jjm_tap_coverage,0.978,JJM_API,2026-09-01T00:00:00Z
9037,Hathras,UP,pmgsy_road_connected,0.836,PMGSY_API,2026-09-01T00:00:00Z
9037,Hathras,UP,swachh_odf_status,0.87,SWACHH_API,2026-09-01T00:00:00Z
9037,Hathras,UP,udise_schools_per_1000,1.68,UDISE_API,2026-09-01T00:00:00Z
9037,Hathras,UP,hospital_beds_per_1000,1.07,HEALTH_PORTAL,2026-09-01T00:00:00Z
9038,Jalaun,UP,jjm_tap_coverage,0.421,JJM_API,2026-09-01T00:00:00Z
9038,Jalaun,UP,pmgsy_road_connected,0.766,PMGSY_API,2026-09-01T00:00:00Z
9038,Jalaun,UP,swachh_odf_status,0.827,SWACHH_API,2026-09-01T00:00:00Z
9038,Jalaun,UP,udise_schools_per_1000,1.55,UDISE_API,2026-09-01T00:00:00Z
9038,Jalaun,UP,hospital_beds_per_1000,1.52,HEALTH_PORTAL,2026-09-01T00:00:00Z
9039,Jaunpur,UP,jjm_tap_coverage,0.72,JJM_API,2026-09-01T00:00:00Z
9039,Jaunpur,UP,pmgsy_road_connected,0.928,PMGSY_API,2026-09-01T00:00:00Z
9039,Jaunpur,UP,swachh_odf_status,0.986,SWACHH_API,2026-09-01T00:00:00Z
9039,Jaunpur,UP,udise_schools_per_1000,1.97,UDISE_API,2026-09-01T00:00:00Z
9039,Jaunpur,UP,hospital_beds_per_1000,2.05,HEALTH_PORTAL,2026-09-01T00:00:00Z
9040,Jhansi,UP,jjm_tap_coverage,0.534,JJM_API,2026-09-01T00:00:00Z
9040,Jhansi,UP,pmgsy_road_connected,0.967,PMGSY_API,2026-09-01T00:00:00Z
9040,Jhansi,UP,swachh_odf_status,0.91,SWACHH_API,2026-09-01T00:00:00Z
9040,Jhansi,UP,udise_schools_per_1000,2.39,UDISE_API,2026-09-01T00:00:00Z
9040,Jhansi,UP,hospital_beds_per_1000,2.31,HEALTH_PORTAL,2026-09-01T00:00:00Z
9041,Kannauj,UP,jjm_tap_coverage,0.642,JJM_API,2026-09-01T00:00:00Z
9041,Kannauj,UP,pmgsy_road_connected,0.703,PMGSY_API,2026-09-01T00:00:00Z
9041,Kannauj,UP,swachh_odf_status,0.953,SWACHH_API,2026-09-01T00:00:00Z
9041,Kannauj,UP,udise_schools_per_1000,2.75,UDISE_API,2026-09-01T00:00:00Z
9041,Kannauj,UP,hospital_beds_per_1000,2.36,HEALTH_PORTAL,2026-09-01T00:00:00Z
9042,Kanpur Dehat,UP,jjm_tap_coverage,0.768,JJM_API,2026-09-01T00:00:00Z
9042,Kanpur Dehat,UP,pmgsy_road_connected,0.864,PMGSY_API,2026-09-01T00:00:00Z
9042,Kanpur Dehat,UP,swachh_odf_status,0.848,SWACHH_API,2026-09-01T00:00:00Z
9042,Kanpur Dehat,UP,udise_schools_per_1000,2.72,UDISE_API,2026-09-01T00:00:00Z
9042,Kanpur Dehat,UP,hospital_beds_per_1000,2.35,HEALTH_PORTAL,2026-09-01T00:00:00Z
9043,Kanpur Nagar,UP,jjm_tap_coverage,0.528,JJM_API,2026-09-01T00:00:00Z
9043,Kanpur Nagar,UP,pmgsy_road_connected,0.718,PMGSY_API,2026-09-01T00:00:00Z
9043,Kanpur Nagar,UP,swachh_odf_status,0.875,SWACHH_API,2026-09-01T00:00:00Z
9043,Kanpur Nagar,UP,udise_schools_per_1000,2.27,UDISE_API,2026-09-01T00:00:00Z
9043,Kanpur Nagar,UP,hospital_beds_per_1000,1.01,HEALTH_PORTAL,2026-09-01T00:00:00Z
9044,Kasganj,UP,jjm_tap_coverage,0.556,JJM_API,2026-09-01T00:00:00Z
9044,Kasganj,UP,pmgsy_road_connected,0.697,PMGSY_API,2026-09-01T00:00:00Z
9044,Kasganj,UP,swachh_odf_status,0.956,SWACHH_API,2026-09-01T00:00:00Z
9044,Kasganj,UP,udise_schools_per_1000,2.74,UDISE_API,2026-09-01T00:00:00Z
9044,Kasganj,UP,hospital_beds_per_1000,0.65,HEALTH_PORTAL,2026-09-01T00:00:00Z
9045,Kaushambi,UP,jjm_tap_coverage,0.979,JJM_API,2026-09-01T00:00:00Z
9045,Kaushambi,UP,pmgsy_road_connected,0.599,PMGSY_API,2026-09-01T00:00:00Z
9045,Kaushambi,UP,swachh_odf_status,0.817,SWACHH_API,2026-09-01T00:00:00Z
9045,Kaushambi,UP,udise_schools_per_1000,2.47,UDISE_API,2026-09-01T00:00:00Z
9045,Kaushambi,UP,hospital_beds_per_1000,2.43,HEALTH_PORTAL,2026-09-01T00:00:00Z
9046,Kheri,UP,jjm_tap_coverage,0.572,JJM_API,2026-09-01T00:00:00Z
9046,Kheri,UP,pmgsy_road_connected,0.876,PMGSY_API,2026-09-01T00:00:00Z
9046,Kheri,UP,swachh_odf_status,0.878,SWACHH_API,2026-09-01T00:00:00Z
9046,Kheri,UP,udise_schools_per_1000,2.53,UDISE_API,2026-09-01T00:00:00Z
9046,Kheri,UP,hospital_beds_per_1000,2.28,HEALTH_PORTAL,2026-09-01T00:00:00Z
9047,Kushinagar,UP,jjm_tap_coverage,0.794,JJM_API,2026-09-01T00:00:00Z
9047,Kushinagar,UP,pmgsy_road_connected,0.691,PMGSY_API,2026-09-01T00:00:00Z
9047,Kushinagar,UP,swachh_odf_status,0.985,SWACHH_API,2026-09-01T00:00:00Z
9047,Kushinagar,UP,udise_schools_per_1000,2.09,UDISE_API,2026-09-01T00:00:00Z
9047,Kushinagar,UP,hospital_beds_per_1000,2.2,HEALTH_PORTAL,2026-09-01T00:00:00Z
9048,Lalitpur,UP,jjm_tap_coverage,0.88,JJM_API,2026-09-01T00:00:00Z
9048,Lalitpur,UP,pmgsy_road_connected,0.795,PMGSY_API,2026-09-01T00:00:00Z
9048,Lalitpur,UP,swachh_odf_status,0.799,SWACHH_API,2026-09-01T00:00:00Z
9048,Lalitpur,UP,udise_schools_per_1000,2.06,UDISE_API,2026-09-01T00:00:00Z
9048,Lalitpur,UP,hospital_beds_per_1000,1.69,HEALTH_PORTAL,2026-09-01T00:00:00Z
9049,Lucknow,UP,jjm_tap_coverage,0.702,JJM_API,2026-09-01T00:00:00Z
9049,Lucknow,UP,pmgsy_road_connected,0.602,PMGSY_API,2026-09-01T00:00:00Z
9049,Lucknow,UP,swachh_odf_status,0.906,SWACHH_API,2026-09-01T00:00:00Z
9049,Lucknow,UP,udise_schools_per_1000,2.0,UDISE_API,2026-09-01T00:00:00Z
9049,Lucknow,UP,hospital_beds_per_1000,1.21,HEALTH_PORTAL,2026-09-01T00:00:00Z
9050,Maharajganj,UP,jjm_tap_coverage,0.422,JJM_API,2026-09-01T00:00:00Z
9050,Maharajganj,UP,pmgsy_road_connected,0.779,PMGSY_API,2026-09-01T00:00:00Z
9050,Maharajganj,UP,swachh_odf_status,0.949,SWACHH_API,2026-09-01T00:00:00Z
9050,Maharajganj,UP,udise_schools_per_1000,2.07,UDISE_API,2026-09-01T00:00:00Z
9050,Maharajganj,UP,hospital_beds_per_1000,0.77,HEALTH_PORTAL,2026-09-01T00:00:00Z
9051,Mahoba,UP,jjm_tap_coverage,0.974,JJM_API,2026-09-01T00:00:00Z
9051,Mahoba,UP,pmgsy_road_connected,0.968,PMGSY_API,2026-09-01T00:00:00Z
9051,Mahoba,UP,swachh_odf_status,0.987,SWACHH_API,2026-09-01T00:00:00Z
9051,Mahoba,UP,udise_schools_per_1000,2.57,UDISE_API,2026-09-01T00:00:00Z
9051,Mahoba,UP,hospital_beds_per_1000,1.64,HEALTH_PORTAL,2026-09-01T00:00:00Z
9052,Mainpuri,UP,jjm_tap_coverage,0.959,JJM_API,2026-09-01T00:00:00Z
9052,Mainpuri,UP,pmgsy_road_connected,0.686,PMGSY_API,2026-09-01T00:00:00Z
9052,Mainpuri,UP,swachh_odf_status,0.994,SWACHH_API,2026-09-01T00:00:00Z
9052,Mainpuri,UP,udise_schools_per_1000,1.42,UDISE_API,2026-09-01T00:00:00Z
9052,Mainpuri,UP,hospital_beds_per_1000,1.09,HEALTH_PORTAL,2026-09-01T00:00:00Z
9053,Mathura,UP,jjm_tap_coverage,0.93,JJM_API,2026-09-01T00:00:00Z
9053,Mathura,UP,pmgsy_road_connected,0.853,PMGSY_API,2026-09-01T00:00:00Z
9053,Mathura,UP,swachh_odf_status,0.813,SWACHH_API,2026-09-01T00:00:00Z
9053,Mathura,UP,udise_schools_per_1000,1.33,UDISE_API,2026-09-01T00:00:00Z
9053,Mathura,UP,hospital_beds_per_1000,1.02,HEALTH_PORTAL,2026-09-01T00:00:00Z
9054,Mau,UP,jjm_tap_coverage,0.976,JJM_API,2026-09-01T00:00:00Z
9054,Mau,UP,pmgsy_road_connected,0.796,PMGSY_API,2026-09-01T00:00:00Z
9054,Mau,UP,swachh_odf_status,0.811,SWACHH_API,2026-09-01T00:00:00Z
9054,Mau,UP,udise_schools_per_1000,2.29,UDISE_API,2026-09-01T00:00:00Z
9054,Mau,UP,hospital_beds_per_1000,0.8,HEALTH_PORTAL,2026-09-01T00:00:00Z
9055,Meerut,UP,jjm_tap_coverage,0.532,JJM_API,2026-09-01T00:00:00Z
9055,Meerut,UP,pmgsy_road_connected,0.948,PMGSY_API,2026-09-01T00:00:00Z
9055,Meerut,UP,swachh_odf_status,0.905,SWACHH_API,2026-09-01T00:00:00Z
9055,Meerut,UP,udise_schools_per_1000,2.78,UDISE_API,2026-09-01T00:00:00Z
9055,Meerut,UP,hospital_beds_per_1000,1.79,HEALTH_PORTAL,2026-09-01T00:00:00Z
9056,Mirzapur,UP,jjm_tap_coverage,0.634,JJM_API,2026-09-01T00:00:00Z
9056,Mirzapur,UP,pmgsy_road_connected,0.975,PMGSY_API,2026-09-01T00:00:00Z
9056,Mirzapur,UP,swachh_odf_status,0.804,SWACHH_API,2026-09-01T00:00:00Z
9056,Mirzapur,UP,udise_schools_per_1000,1.25,UDISE_API,2026-09-01T00:00:00Z
9056,Mirzapur,UP,hospital_beds_per_1000,1.05,HEALTH_PORTAL,2026-09-01T00:00:00Z
9057,Moradabad,UP,jjm_tap_coverage,0.944,JJM_API,2026-09-01T00:00:00Z
9057,Moradabad,UP,pmgsy_road_connected,0.96,PMGSY_API,2026-09-01T00:00:00Z
9057,Moradabad,UP,swachh_odf_status,0.952,SWACHH_API,2026-09-01T00:00:00Z
9057,Moradabad,UP,udise_schools_per_1000,2.72,UDISE_API,2026-09-01T00:00:00Z
9057,Moradabad,UP,hospital_beds_per_1000,2.23,HEALTH_PORTAL,2026-09-01T00:00:00Z
9058,Muzaffarnagar,UP,jjm_tap_coverage,0.49,JJM_API,2026-09-01T00:00:00Z
9058,Muzaffarnagar,UP,pmgsy_road_connected,0.688,PMGSY_API,2026-09-01T00:00:00Z
9058,Muzaffarnagar,UP,swachh_odf_status,0.84,SWACHH_API,2026-09-01T00:00:00Z
9058,Muzaffarnagar,UP,udise_schools_per_1000,1.46,UDISE_API,2026-09-01T00:00:00Z
9058,Muzaffarnagar,UP,hospital_beds_per_1000,0.7,HEALTH_PORTAL,2026-09-01T00:00:00Z
9059,Pilibhit,UP,jjm_tap_coverage,0.726,JJM_API,2026-09-01T00:00:00Z
9059,Pilibhit,UP,pmgsy_road_connected,0.585,PMGSY_API,2026-09-01T00:00:00Z
9059,Pilibhit,UP,swachh_odf_status,0.812,SWACHH_API,2026-09-01T00:00:00Z
9059,Pilibhit,UP,udise_schools_per_1000,1.52,UDISE_API,2026-09-01T00:00:00Z
9059,Pilibhit,UP,hospital_beds_per_1000,2.23,HEALTH_PORTAL,2026-09-01T00:00:00Z
9060,Pratapgarh,UP,jjm_tap_coverage,0.53,JJM_API,2026-09-01T00:00:00Z
9060,Pratapgarh,UP,pmgsy_road_connected,0.88,PMGSY_API,2026-09-01T00:00:00Z
9060,Pratapgarh,UP,swachh_odf_status,0.798,SWACHH_API,2026-09-01T00:00:00Z
9060,Pratapgarh,UP,udise_schools_per_1000,2.33,UDISE_API,2026-09-01T00:00:00Z
9060,Pratapgarh,UP,hospital_beds_per_1000,1.07,HEALTH_PORTAL,2026-09-01T00:00:00Z
9061,Prayagraj,UP,jjm_tap_coverage,0.872,JJM_API,2026-09-01T00:00:00Z
9061,Prayagraj,UP,pmgsy_road_connected,0.564,PMGSY_API,2026-09-01T00:00:00Z
9061,Prayagraj,UP,swachh_odf_status,0.783,SWACHH_API,2026-09-01T00:00:00Z
9061,Prayagraj,UP,udise_schools_per_1000,1.61,UDISE_API,2026-09-01T00:00:00Z
9061,Prayagraj,UP,hospital_beds_per_1000,2.38,HEALTH_PORTAL,2026-09-01T00:00:00Z
9062,Raebareli,UP,jjm_tap_coverage,0.88,JJM_API,2026-09-01T00:00:00Z
9062,Raebareli,UP,pmgsy_road_connected,0.695,PMGSY_API,2026-09-01T00:00:00Z
9062,Raebareli,UP,swachh_odf_status,0.86,SWACHH_API,2026-09-01T00:00:00Z
9062,Raebareli,UP,udise_schools_per_1000,1.12,UDISE_API,2026-09-01T00:00:00Z
9062,Raebareli,UP,hospital_beds_per_1000,0.83,HEALTH_PORTAL,2026-09-01T00:00:00Z
9063,Rampur,UP,jjm_tap_coverage,0.967,JJM_API,2026-09-01T00:00:00Z
9063,Rampur,UP,pmgsy_road_connected,0.618,PMGSY_API,2026-09-01T00:00:00Z
9063,Rampur,UP,swachh_odf_status,0.977,SWACHH_API,2026-09-01T00:00:00Z
9063,Rampur,UP,udise_schools_per_1000,2.25,UDISE_API,2026-09-01T00:00:00Z
9063,Rampur,UP,hospital_beds_per_1000,2.27,HEALTH_PORTAL,2026-09-01T00:00:00Z
9064,Saharanpur,UP,jjm_tap_coverage,0.795,JJM_API,2026-09-01T00:00:00Z
9064,Saharanpur,UP,pmgsy_road_connected,0.679,PMGSY_API,2026-09-01T00:00:00Z
9064,Saharanpur,UP,swachh_odf_status,0.956,SWACHH_API,2026-09-01T00:00:00Z
9064,Saharanpur,UP,udise_schools_per_1000,1.33,UDISE_API,2026-09-01T00:00:00Z
9064,Saharanpur,UP,hospital_beds_per_1000,2.27,HEALTH_PORTAL,2026-09-01T00:00:00Z
9065,Sambhal,UP,jjm_tap_coverage,0.47,JJM_API,2026-09-01T00:00:00Z
9065,Sambhal,UP,pmgsy_road_connected,0.574,PMGSY_API,2026-09-01T00:00:00Z
9065,Sambhal,UP,swachh_odf_status,0.805,SWACHH_API,2026-09-01T00:00:00Z
9065,Sambhal,UP,udise_schools_per_1000,1.79,UDISE_API,2026-09-01T00:00:00Z
9065,Sambhal,UP,hospital_beds_per_1000,1.17,HEALTH_PORTAL,2026-09-01T00:00:00Z
9066,Sant Kabir Nagar,UP,jjm_tap_coverage,0.834,JJM_API,2026-09-01T00:00:00Z
9066,Sant Kabir Nagar,UP,pmgsy_road_connected,0.814,PMGSY_API,2026-09-01T00:00:00Z
9066,Sant Kabir Nagar,UP,swachh_odf_status,0.958,SWACHH_API,2026-09-01T00:00:00Z
9066,Sant Kabir Nagar,UP,udise_schools_per_1000,2.48,UDISE_API,2026-09-01T00:00:00Z
9066,Sant Kabir Nagar,UP,hospital_beds_per_1000,1.2,HEALTH_PORTAL,2026-09-01T00:00:00Z
9067,Shahjahanpur,UP,jjm_tap_coverage,0.565,JJM_API,2026-09-01T00:00:00Z
9067,Shahjahanpur,UP,pmgsy_road_connected,0.987,PMGSY_API,2026-09-01T00:00:00Z
9067,Shahjahanpur,UP,swachh_odf_status,0.888,SWACHH_API,2026-09-01T00:00:00Z
9067,Shahjahanpur,UP,udise_schools_per_1000,2.49,UDISE_API,2026-09-01T00:00:00Z
9067,Shahjahanpur,UP,hospital_beds_per_1000,1.71,HEALTH_PORTAL,2026-09-01T00:00:00Z
9068,Shamli,UP,jjm_tap_coverage,0.51,JJM_API,2026-09-01T00:00:00Z
9068,Shamli,UP,pmgsy_road_connected,0.873,PMGSY_API,2026-09-01T00:00:00Z
9068,Shamli,UP,swachh_odf_status,0.784,SWACHH_API,2026-09-01T00:00:00Z
9068,Shamli,UP,udise_schools_per_1000,1.6,UDISE_API,2026-09-01T00:00:00Z
9068,Shamli,UP,hospital_beds_per_1000,1.16,HEALTH_PORTAL,2026-09-01T00:00:00Z
9069,Shrawasti,UP,jjm_tap_coverage,0.968,JJM_API,2026-09-01T00:00:00Z
9069,Shrawasti,UP,pmgsy_road_connected,0.783,PMGSY_API,2026-09-01T00:00:00Z
9069,Shrawasti,UP,swachh_odf_status,0.951,SWACHH_API,2026-09-01T00:00:00Z
9069,Shrawasti,UP,udise_schools_per_1000,2.61,UDISE_API,2026-09-01T00:00:00Z
9069,Shrawasti,UP,hospital_beds_per_1000,1.16,HEALTH_PORTAL,2026-09-01T00:00:00Z
9070,Siddharthnagar,UP,jjm_tap_coverage,0.501,JJM_API,2026-09-01T00:00:00Z
9070,Siddharthnagar,UP,pmgsy_road_connected,0.966,PMGSY_API,2026-09-01T00:00:00Z
9070,Siddharthnagar,UP,swachh_odf_status,0.969,SWACHH_API,2026-09-01T00:00:00Z
9070,Siddharthnagar,UP,udise_schools_per_1000,2.3,UDISE_API,2026-09-01T00:00:00Z
9070,Siddharthnagar,UP,hospital_beds_per_1000,2.39,HEALTH_PORTAL,2026-09-01T00:00:00Z
9071,Sitapur,UP,jjm_tap_coverage,0.565,JJM_API,2026-09-01T00:00:00Z
9071,Sitapur,UP,pmgsy_road_connected,0.703,PMGSY_API,2026-09-01T00:00:00Z
9071,Sitapur,UP,swachh_odf_status,0.786,SWACHH_API,2026-09-01T00:00:00Z
9071,Sitapur,UP,udise_schools_per_1000,1.99,UDISE_API,2026-09-01T00:00:00Z
9071,Sitapur,UP,hospital_beds_per_1000,2.19,HEALTH_PORTAL,2026-09-01T00:00:00Z
9072,Sonbhadra,UP,jjm_tap_coverage,0.555,JJM_API,2026-09-01T00:00:00Z
9072,Sonbhadra,UP,pmgsy_road_connected,0.894,PMGSY_API,2026-09-01T00:00:00Z
9072,Sonbhadra,UP,swachh_odf_status,0.837,SWACHH_API,2026-09-01T00:00:00Z
9072,Sonbhadra,UP,udise_schools_per_1000,2.54,UDISE_API,2026-09-01T00:00:00Z
9072,Sonbhadra,UP,hospital_beds_per_1000,1.51,HEALTH_PORTAL,2026-09-01T00:00:00Z
9073,Sultanpur,UP,jjm_tap_coverage,0.57,JJM_API,2026-09-01T00:00:00Z
9073,Sultanpur,UP,pmgsy_road_connected,0.793,PMGSY_API,2026-09-01T00:00:00Z
9073,Sultanpur,UP,swachh_odf_status,0.907,SWACHH_API,2026-09-01T00:00:00Z
9073,Sultanpur,UP,udise_schools_per_1000,1.5,UDISE_API,2026-09-01T00:00:00Z
9073,Sultanpur,UP,hospital_beds_per_1000,1.31,HEALTH_PORTAL,2026-09-01T00:00:00Z
9074,Unnao,UP,jjm_tap_coverage,0.936,JJM_API,2026-09-01T00:00:00Z
9074,Unnao,UP,pmgsy_road_connected,0.905,PMGSY_API,2026-09-01T00:00:00Z
9074,Unnao,UP,swachh_odf_status,0.798,SWACHH_API,2026-09-01T00:00:00Z
9074,Unnao,UP,udise_schools_per_1000,2.67,UDISE_API,2026-09-01T00:00:00Z
9074,Unnao,UP,hospital_beds_per_1000,1.45,HEALTH_PORTAL,2026-09-01T00:00:00Z
9075,Varanasi,UP,jjm_tap_coverage,0.685,JJM_API,2026-09-01T00:00:00Z
9075,Varanasi,UP,pmgsy_road_connected,0.865,PMGSY_API,2026-09-01T00:00:00Z
9075,Varanasi,UP,swachh_odf_status,0.942,SWACHH_API,2026-09-01T00:00:00Z
9075,Varanasi,UP,udise_schools_per_1000,1.58,UDISE_API,2026-09-01T00:00:00Z
9075,Varanasi,UP,hospital_beds_per_1000,1.65,HEALTH_PORTAL,2026-09-01T00:00:00Z
5001,Almora,UK,jjm_tap_coverage,0.453,JJM_API,2026-09-01T00:00:00Z
5001,Almora,UK,pmgsy_road_connected,0.915,PMGSY_API,2026-09-01T00:00:00Z
5001,Almora,UK,swachh_odf_status,0.938,SWACHH_API,2026-09-01T00:00:00Z
5001,Almora,UK,udise_schools_per_1000,1.87,UDISE_API,2026-09-01T00:00:00Z
5001,Almora,UK,hospital_beds_per_1000,1.83,HEALTH_PORTAL,2026-09-01T00:00:00Z
5002,Bageshwar,UK,jjm_tap_coverage,0.736,JJM_API,2026-09-01T00:00:00Z
5002,Bageshwar,UK,pmgsy_road_connected,0.921,PMGSY_API,2026-09-01T00:00:00Z
5002,Bageshwar,UK,swachh_odf_status,0.818,SWACHH_API,2026-09-01T00:00:00Z
5002,Bageshwar,UK,udise_schools_per_1000,1.18,UDISE_API,2026-09-01T00:00:00Z
5002,Bageshwar,UK,hospital_beds_per_1000,0.95,HEALTH_PORTAL,2026-09-01T00:00:00Z
5003,Chamoli,UK,jjm_tap_coverage,0.484,JJM_API,2026-09-01T00:00:00Z
5003,Chamoli,UK,pmgsy_road_connected,0.939,PMGSY_API,2026-09-01T00:00:00Z
5003,Chamoli,UK,swachh_odf_status,0.83,SWACHH_API,2026-09-01T00:00:00Z
5003,Chamoli,UK,udise_schools_per_1000,1.67,UDISE_API,2026-09-01T00:00:00Z
5003,Chamoli,UK,hospital_beds_per_1000,1.22,HEALTH_PORTAL,2026-09-01T00:00:00Z
5004,Champawat,UK,jjm_tap_coverage,0.489,JJM_API,2026-09-01T00:00:00Z
5004,Champawat,UK,pmgsy_road_connected,0.916,PMGSY_API,2026-09-01T00:00:00Z
5004,Champawat,UK,swachh_odf_status,0.954,SWACHH_API,2026-09-01T00:00:00Z
5004,Champawat,UK,udise_schools_per_1000,2.38,UDISE_API,2026-09-01T00:00:00Z
5004,Champawat,UK,hospital_beds_per_1000,0.77,HEALTH_PORTAL,2026-09-01T00:00:00Z
5005,Dehradun,UK,jjm_tap_coverage,0.925,JJM_API,2026-09-01T00:00:00Z
5005,Dehradun,UK,pmgsy_road_connected,0.7,PMGSY_API,2026-09-01T00:00:00Z
5005,Dehradun,UK,swachh_odf_status,0.997,SWACHH_API,2026-09-01T00:00:00Z
5005,Dehradun,UK,udise_schools_per_1000,1.27,UDISE_API,2026-09-01T00:00:00Z
5005,Dehradun,UK,hospital_beds_per_1000,0.85,HEALTH_PORTAL,2026-09-01T00:00:00Z
5006,Haridwar,UK,jjm_tap_coverage,0.79,JJM_API,2026-09-01T00:00:00Z
5006,Haridwar,UK,pmgsy_road_connected,0.937,PMGSY_API,2026-09-01T00:00:00Z
5006,Haridwar,UK,swachh_odf_status,0.979,SWACHH_API,2026-09-01T00:00:00Z
5006,Haridwar,UK,udise_schools_per_1000,1.64,UDISE_API,2026-09-01T00:00:00Z
5006,Haridwar,UK,hospital_beds_per_1000,0.86,HEALTH_PORTAL,2026-09-01T00:00:00Z
5007,Nainital,UK,jjm_tap_coverage,0.902,JJM_API,2026-09-01T00:00:00Z
5007,Nainital,UK,pmgsy_road_connected,0.617,PMGSY_API,2026-09-01T00:00:00Z
5007,Nainital,UK,swachh_odf_status,0.801,SWACHH_API,2026-09-01T00:00:00Z
5007,Nainital,UK,udise_schools_per_1000,2.03,UDISE_API,2026-09-01T00:00:00Z
5007,Nainital,UK,hospital_beds_per_1000,1.95,HEALTH_PORTAL,2026-09-01T00:00:00Z
5008,Pauri Garhwal,UK,jjm_tap_coverage,0.513,JJM_API,2026-09-01T00:00:00Z
5008,Pauri Garhwal,UK,pmgsy_road_connected,0.756,PMGSY_API,2026-09-01T00:00:00Z
5008,Pauri Garhwal,UK,swachh_odf_status,0.899,SWACHH_API,2026-09-01T00:00:00Z
5008,Pauri Garhwal,UK,udise_schools_per_1000,1.59,UDISE_API,2026-09-01T00:00:00Z
5008,Pauri Garhwal,UK,hospital_beds_per_1000,1.42,HEALTH_PORTAL,2026-09-01T00:00:00Z
5009,Pithoragarh,UK,jjm_tap_coverage,0.833,JJM_API,2026-09-01T00:00:00Z
5009,Pithoragarh,UK,pmgsy_road_connected,0.585,PMGSY_API,2026-09-01T00:00:00Z
5009,Pithoragarh,UK,swachh_odf_status,0.909,SWACHH_API,2026-09-01T00:00:00Z
5009,Pithoragarh,UK,udise_schools_per_1000,1.39,UDISE_API,2026-09-01T00:00:00Z
5009,Pithoragarh,UK,hospital_beds_per_1000,0.9,HEALTH_PORTAL,2026-09-01T00:00:00Z
5010,Rudraprayag,UK,jjm_tap_coverage,0.753,JJM_API,2026-09-01T00:00:00Z
5010,Rudraprayag,UK,pmgsy_road_connected,0.897,PMGSY_API,2026-09-01T00:00:00Z
5010,Rudraprayag,UK,swachh_odf_status,0.913,SWACHH_API,2026-09-01T00:00:00Z
5010,Rudraprayag,UK,udise_schools_per_1000,2.21,UDISE_API,2026-09-01T00:00:00Z
5010,Rudraprayag,UK,hospital_beds_per_1000,1.35,HEALTH_PORTAL,2026-09-01T00:00:00Z
5011,Tehri Garhwal,UK,jjm_tap_coverage,0.495,JJM_API,2026-09-01T00:00:00Z
5011,Tehri Garhwal,UK,pmgsy_road_connected,0.681,PMGSY_API,2026-09-01T00:00:00Z
5011,Tehri Garhwal,UK,swachh_odf_status,0.882,SWACHH_API,2026-09-01T00:00:00Z
5011,Tehri Garhwal,UK,udise_schools_per_1000,1.25,UDISE_API,2026-09-01T00:00:00Z
5011,Tehri Garhwal,UK,hospital_beds_per_1000,1.72,HEALTH_PORTAL,2026-09-01T00:00:00Z
5012,Udham Singh Nagar,UK,jjm_tap_coverage,0.517,JJM_API,2026-09-01T00:00:00Z
5012,Udham Singh Nagar,UK,pmgsy_road_connected,0.669,PMGSY_API,2026-09-01T00:00:00Z
5012,Udham Singh Nagar,UK,swachh_odf_status,0.8,SWACHH_API,2026-09-01T00:00:00Z
5012,Udham Singh Nagar,UK,udise_schools_per_1000,2.5,UDISE_API,2026-09-01T00:00:00Z
5012,Udham Singh Nagar,UK,hospital_beds_per_1000,1.85,HEALTH_PORTAL,2026-09-01T00:00:00Z
5013,Uttarkashi,UK,jjm_tap_coverage,0.623,JJM_API,2026-09-01T00:00:00Z
5013,Uttarkashi,UK,pmgsy_road_connected,0.968,PMGSY_API,2026-09-01T00:00:00Z
5013,Uttarkashi,UK,swachh_odf_status,0.977,SWACHH_API,2026-09-01T00:00:00Z
5013,Uttarkashi,UK,udise_schools_per_1000,2.38,UDISE_API,2026-09-01T00:00:00Z
5013,Uttarkashi,UK,hospital_beds_per_1000,1.4,HEALTH_PORTAL,2026-09-01T00:00:00Z
19001,Alipurduar,WB,jjm_tap_coverage,0.852,JJM_API,2026-09-01T00:00:00Z
19001,Alipurduar,WB,pmgsy_road_connected,0.584,PMGSY_API,2026-09-01T00:00:00Z
19001,Alipurduar,WB,swachh_odf_status,0.889,SWACHH_API,2026-09-01T00:00:00Z
19001,Alipurduar,WB,udise_schools_per_1000,1.47,UDISE_API,2026-09-01T00:00:00Z
19001,Alipurduar,WB,hospital_beds_per_1000,1.26,HEALTH_PORTAL,2026-09-01T00:00:00Z
19002,Bankura,WB,jjm_tap_coverage,0.754,JJM_API,2026-09-01T00:00:00Z
19002,Bankura,WB,pmgsy_road_connected,0.65,PMGSY_API,2026-09-01T00:00:00Z
19002,Bankura,WB,swachh_odf_status,0.972,SWACHH_API,2026-09-01T00:00:00Z
19002,Bankura,WB,udise_schools_per_1000,2.16,UDISE_API,2026-09-01T00:00:00Z
19002,Bankura,WB,hospital_beds_per_1000,1.19,HEALTH_PORTAL,2026-09-01T00:00:00Z
19003,Birbhum,WB,jjm_tap_coverage,0.449,JJM_API,2026-09-01T00:00:00Z
19003,Birbhum,WB,pmgsy_road_connected,0.87,PMGSY_API,2026-09-01T00:00:00Z
19003,Birbhum,WB,swachh_odf_status,0.798,SWACHH_API,2026-09-01T00:00:00Z
19003,Birbhum,WB,udise_schools_per_1000,2.38,UDISE_API,2026-09-01T00:00:00Z
19003,Birbhum,WB,hospital_beds_per_1000,2.2,HEALTH_PORTAL,2026-09-01T00:00:00Z
19004,Cooch Behar,WB,jjm_tap_coverage,0.743,JJM_API,2026-09-01T00:00:00Z
19004,Cooch Behar,WB,pmgsy_road_connected,0.598,PMGSY_API,2026-09-01T00:00:00Z
19004,Cooch Behar,WB,swachh_odf_status,0.951,SWACHH_API,2026-09-01T00:00:00Z
19004,Cooch Behar,WB,udise_schools_per_1000,1.62,UDISE_API,2026-09-01T00:00:00Z
19004,Cooch Behar,WB,hospital_beds_per_1000,0.68,HEALTH_PORTAL,2026-09-01T00:00:00Z
19005,Dakshin Dinajpur,WB,jjm_tap_coverage,0.727,JJM_API,2026-09-01T00:00:00Z
19005,Dakshin Dinajpur,WB,pmgsy_road_connected,0.61,PMGSY_API,2026-09-01T00:00:00Z
19005,Dakshin Dinajpur,WB,swachh_odf_status,0.942,SWACHH_API,2026-09-01T00:00:00Z
19005,Dakshin Dinajpur,WB,udise_schools_per_1000,1.82,UDISE_API,2026-09-01T00:00:00Z
19005,Dakshin Dinajpur,WB,hospital_beds_per_1000,2.29,HEALTH_PORTAL,2026-09-01T00:00:00Z
19006,Darjeeling,WB,jjm_tap_coverage,0.973,JJM_API,2026-09-01T00:00:00Z
19006,Darjeeling,WB,pmgsy_road_connected,0.561,PMGSY_API,2026-09-01T00:00:00Z
19006,Darjeeling,WB,swachh_odf_status,0.966,SWACHH_API,2026-09-01T00:00:00Z
19006,Darjeeling,WB,udise_schools_per_1000,2.46,UDISE_API,2026-09-01T00:00:00Z
19006,Darjeeling,WB,hospital_beds_per_1000,1.81,HEALTH_PORTAL,2026-09-01T00:00:00Z
19007,Hooghly,WB,jjm_tap_coverage,0.686,JJM_API,2026-09-01T00:00:00Z
19007,Hooghly,WB,pmgsy_road_connected,0.965,PMGSY_API,2026-09-01T00:00:00Z
19007,Hooghly,WB,swachh_odf_status,0.908,SWACHH_API,2026-09-01T00:00:00Z
19007,Hooghly,WB,udise_schools_per_1000,1.4,UDISE_API,2026-09-01T00:00:00Z
19007,Hooghly,WB,hospital_beds_per_1000,2.19,HEALTH_PORTAL,2026-09-01T00:00:00Z
19008,Howrah,WB,jjm_tap_coverage,0.805,JJM_API,2026-09-01T00:00:00Z
19008,Howrah,WB,pmgsy_road_connected,0.843,PMGSY_API,2026-09-01T00:00:00Z
19008,Howrah,WB,swachh_odf_status,0.994,SWACHH_API,2026-09-01T00:00:00Z
19008,Howrah,WB,udise_schools_per_1000,1.25,UDISE_API,2026-09-01T00:00:00Z
19008,Howrah,WB,hospital_beds_per_1000,2.07,HEALTH_PORTAL,2026-09-01T00:00:00Z
19009,Jalpaiguri,WB,jjm_tap_coverage,0.789,JJM_API,2026-09-01T00:00:00Z
19009,Jalpaiguri,WB,pmgsy_road_connected,0.658,PMGSY_API,2026-09-01T00:00:00Z
19009,Jalpaiguri,WB,swachh_odf_status,0.792,SWACHH_API,2026-09-01T00:00:00Z
19009,Jalpaiguri,WB,udise_schools_per_1000,1.35,UDISE_API,2026-09-01T00:00:00Z
19009,Jalpaiguri,WB,hospital_beds_per_1000,2.26,HEALTH_PORTAL,2026-09-01T00:00:00Z
19010,Jhargram,WB,jjm_tap_coverage,0.925,JJM_API,2026-09-01T00:00:00Z
19010,Jhargram,WB,pmgsy_road_connected,0.838,PMGSY_API,2026-09-01T00:00:00Z
19010,Jhargram,WB,swachh_odf_status,0.8,SWACHH_API,2026-09-01T00:00:00Z
19010,Jhargram,WB,udise_schools_per_1000,1.1,UDISE_API,2026-09-01T00:00:00Z
19010,Jhargram,WB,hospital_beds_per_1000,2.39,HEALTH_PORTAL,2026-09-01T00:00:00Z
19011,Kalimpong,WB,jjm_tap_coverage,0.603,JJM_API,2026-09-01T00:00:00Z
19011,Kalimpong,WB,pmgsy_road_connected,0.966,PMGSY_API,2026-09-01T00:00:00Z
19011,Kalimpong,WB,swachh_odf_status,0.925,SWACHH_API,2026-09-01T00:00:00Z
19011,Kalimpong,WB,udise_schools_per_1000,1.13,UDISE_API,2026-09-01T00:00:00Z
19011,Kalimpong,WB,hospital_beds_per_1000,0.88,HEALTH_PORTAL,2026-09-01T00:00:00Z
19012,Kolkata,WB,jjm_tap_coverage,0.676,JJM_API,2026-09-01T00:00:00Z
19012,Kolkata,WB,pmgsy_road_connected,0.83,PMGSY_API,2026-09-01T00:00:00Z
19012,Kolkata,WB,swachh_odf_status,0.957,SWACHH_API,2026-09-01T00:00:00Z
19012,Kolkata,WB,udise_schools_per_1000,2.79,UDISE_API,2026-09-01T00:00:00Z
19012,Kolkata,WB,hospital_beds_per_1000,1.4,HEALTH_PORTAL,2026-09-01T00:00:00Z
19013,Malda,WB,jjm_tap_coverage,0.47,JJM_API,2026-09-01T00:00:00Z
19013,Malda,WB,pmgsy_road_connected,0.957,PMGSY_API,2026-09-01T00:00:00Z
19013,Malda,WB,swachh_odf_status,0.991,SWACHH_API,2026-09-01T00:00:00Z
19013,Malda,WB,udise_schools_per_1000,1.88,UDISE_API,2026-09-01T00:00:00Z
19013,Malda,WB,hospital_beds_per_1000,1.07,HEALTH_PORTAL,2026-09-01T00:00:00Z
19014,Murshidabad,WB,jjm_tap_coverage,0.856,JJM_API,2026-09-01T00:00:00Z
19014,Murshidabad,WB,pmgsy_road_connected,0.672,PMGSY_API,2026-09-01T00:00:00Z
19014,Murshidabad,WB,swachh_odf_status,0.784,SWACHH_API,2026-09-01T00:00:00Z
19014,Murshidabad,WB,udise_schools_per_1000,1.51,UDISE_API,2026-09-01T00:00:00Z
19014,Murshidabad,WB,hospital_beds_per_1000,1.36,HEALTH_PORTAL,2026-09-01T00:00:00Z
19015,Nadia,WB,jjm_tap_coverage,0.629,JJM_API,2026-09-01T00:00:00Z
19015,Nadia,WB,pmgsy_road_connected,0.687,PMGSY_API,2026-09-01T00:00:00Z
19015,Nadia,WB,swachh_odf_status,0.96,SWACHH_API,2026-09-01T00:00:00Z
19015,Nadia,WB,udise_schools_per_1000,2.75,UDISE_API,2026-09-01T00:00:00Z
19015,Nadia,WB,hospital_beds_per_1000,2.23,HEALTH_PORTAL,2026-09-01T00:00:00Z
19016,North 24 Parganas,WB,jjm_tap_coverage,0.749,JJM_API,2026-09-01T00:00:00Z
19016,North 24 Parganas,WB,pmgsy_road_connected,0.874,PMGSY_API,2026-09-01T00:00:00Z
19016,North 24 Parganas,WB,swachh_odf_status,0.954,SWACHH_API,2026-09-01T00:00:00Z
19016,North 24 Parganas,WB,udise_schools_per_1000,2.35,UDISE_API,2026-09-01T00:00:00Z
19016,North 24 Parganas,WB,hospital_beds_per_1000,1.07,HEALTH_PORTAL,2026-09-01T00:00:00Z
19017,Paschim Bardhaman,WB,jjm_tap_coverage,0.507,JJM_API,2026-09-01T00:00:00Z
19017,Paschim Bardhaman,WB,pmgsy_road_connected,0.605,PMGSY_API,2026-09-01T00:00:00Z
19017,Paschim Bardhaman,WB,swachh_odf_status,0.782,SWACHH_API,2026-09-01T00:00:00Z
19017,Paschim Bardhaman,WB,udise_schools_per_1000,1.11,UDISE_API,2026-09-01T00:00:00Z
19017,Paschim Bardhaman,WB,hospital_beds_per_1000,0.73,HEALTH_PORTAL,2026-09-01T00:00:00Z
19018,Paschim Medinipur,WB,jjm_tap_coverage,0.683,JJM_API,2026-09-01T00:00:00Z
19018,Paschim Medinipur,WB,pmgsy_road_connected,0.565,PMGSY_API,2026-09-01T00:00:00Z
19018,Paschim Medinipur,WB,swachh_odf_status,0.915,SWACHH_API,2026-09-01T00:00:00Z
19018,Paschim Medinipur,WB,udise_schools_per_1000,1.84,UDISE_API,2026-09-01T00:00:00Z
19018,Paschim Medinipur,WB,hospital_beds_per_1000,1.22,HEALTH_PORTAL,2026-09-01T00:00:00Z
19019,Purba Bardhaman,WB,jjm_tap_coverage,0.946,JJM_API,2026-09-01T00:00:00Z
19019,Purba Bardhaman,WB,pmgsy_road_connected,0.914,PMGSY_API,2026-09-01T00:00:00Z
19019,Purba Bardhaman,WB,swachh_odf_status,0.9,SWACHH_API,2026-09-01T00:00:00Z
19019,Purba Bardhaman,WB,udise_schools_per_1000,2.75,UDISE_API,2026-09-01T00:00:00Z
19019,Purba Bardhaman,WB,hospital_beds_per_1000,2.15,HEALTH_PORTAL,2026-09-01T00:00:00Z
19020,Purba Medinipur,WB,jjm_tap_coverage,0.564,JJM_API,2026-09-01T00:00:00Z
19020,Purba Medinipur,WB,pmgsy_road_connected,0.863,PMGSY_API,2026-09-01T00:00:00Z
19020,Purba Medinipur,WB,swachh_odf_status,0.85,SWACHH_API,2026-09-01T00:00:00Z
19020,Purba Medinipur,WB,udise_schools_per_1000,2.74,UDISE_API,2026-09-01T00:00:00Z
19020,Purba Medinipur,WB,hospital_beds_per_1000,1.85,HEALTH_PORTAL,2026-09-01T00:00:00Z
19021,Purulia,WB,jjm_tap_coverage,0.677,JJM_API,2026-09-01T00:00:00Z
19021,Purulia,WB,pmgsy_road_connected,0.634,PMGSY_API,2026-09-01T00:00:00Z
19021,Purulia,WB,swachh_odf_status,0.941,SWACHH_API,2026-09-01T00:00:00Z
19021,Purulia,WB,udise_schools_per_1000,2.48,UDISE_API,2026-09-01T00:00:00Z
19021,Purulia,WB,hospital_beds_per_1000,2.22,HEALTH_PORTAL,2026-09-01T00:00:00Z
19022,South 24 Parganas,WB,jjm_tap_coverage,0.898,JJM_API,2026-09-01T00:00:00Z
19022,South 24 Parganas,WB,pmgsy_road_connected,0.979,PMGSY_API,2026-09-01T00:00:00Z
19022,South 24 Parganas,WB,swachh_odf_status,0.8,SWACHH_API,2026-09-01T00:00:00Z
19022,South 24 Parganas,WB,udise_schools_per_1000,2.28,UDISE_API,2026-09-01T00:00:00Z
19022,South 24 Parganas,WB,hospital_beds_per_1000,2.43,HEALTH_PORTAL,2026-09-01T00:00:00Z
19023,Uttar Dinajpur,WB,jjm_tap_coverage,0.446,JJM_API,2026-09-01T00:00:00Z
19023,Uttar Dinajpur,WB,pmgsy_road_connected,0.766,PMGSY_API,2026-09-01T00:00:00Z
19023,Uttar Dinajpur,WB,swachh_odf_status,0.884,SWACHH_API,2026-09-01T00:00:00Z
19023,Uttar Dinajpur,WB,udise_schools_per_1000,1.19,UDISE_API,2026-09-01T00:00:00Z
19023,Uttar Dinajpur,WB,hospital_beds_per_1000,0.62,HEALTH_PORTAL,2026-09-01T00:00:00Z
35001,Nicobars,AN,jjm_tap_coverage,0.772,JJM_API,2026-09-01T00:00:00Z
35001,Nicobars,AN,pmgsy_road_connected,0.855,PMGSY_API,2026-09-01T00:00:00Z
35001,Nicobars,AN,swachh_odf_status,0.785,SWACHH_API,2026-09-01T00:00:00Z
35001,Nicobars,AN,udise_schools_per_1000,1.86,UDISE_API,2026-09-01T00:00:00Z
35001,Nicobars,AN,hospital_beds_per_1000,1.63,HEALTH_PORTAL,2026-09-01T00:00:00Z
35002,North and Middle Andaman,AN,jjm_tap_coverage,0.444,JJM_API,2026-09-01T00:00:00Z
35002,North and Middle Andaman,AN,pmgsy_road_connected,0.867,PMGSY_API,2026-09-01T00:00:00Z
35002,North and Middle Andaman,AN,swachh_odf_status,0.913,SWACHH_API,2026-09-01T00:00:00Z
35002,North and Middle Andaman,AN,udise_schools_per_1000,1.92,UDISE_API,2026-09-01T00:00:00Z
35002,North and Middle Andaman,AN,hospital_beds_per_1000,2.44,HEALTH_PORTAL,2026-09-01T00:00:00Z
35003,South Andaman,AN,jjm_tap_coverage,0.524,JJM_API,2026-09-01T00:00:00Z
35003,South Andaman,AN,pmgsy_road_connected,0.602,PMGSY_API,2026-09-01T00:00:00Z
35003,South Andaman,AN,swachh_odf_status,0.911,SWACHH_API,2026-09-01T00:00:00Z
35003,South Andaman,AN,udise_schools_per_1000,1.79,UDISE_API,2026-09-01T00:00:00Z
35003,South Andaman,AN,hospital_beds_per_1000,1.16,HEALTH_PORTAL,2026-09-01T00:00:00Z
4001,Chandigarh,CH,jjm_tap_coverage,0.881,JJM_API,2026-09-01T00:00:00Z
4001,Chandigarh,CH,pmgsy_road_connected,0.802,PMGSY_API,2026-09-01T00:00:00Z
4001,Chandigarh,CH,swachh_odf_status,0.94,SWACHH_API,2026-09-01T00:00:00Z
4001,Chandigarh,CH,udise_schools_per_1000,2.08,UDISE_API,2026-09-01T00:00:00Z
4001,Chandigarh,CH,hospital_beds_per_1000,1.4,HEALTH_PORTAL,2026-09-01T00:00:00Z
26001,Dadra and Nagar Haveli,DD,jjm_tap_coverage,0.64,JJM_API,2026-09-01T00:00:00Z
26001,Dadra and Nagar Haveli,DD,pmgsy_road_connected,0.568,PMGSY_API,2026-09-01T00:00:00Z
26001,Dadra and Nagar Haveli,DD,swachh_odf_status,0.867,SWACHH_API,2026-09-01T00:00:00Z
26001,Dadra and Nagar Haveli,DD,udise_schools_per_1000,1.84,UDISE_API,2026-09-01T00:00:00Z
26001,Dadra and Nagar Haveli,DD,hospital_beds_per_1000,0.62,HEALTH_PORTAL,2026-09-01T00:00:00Z
26002,Daman,DD,jjm_tap_coverage,0.738,JJM_API,2026-09-01T00:00:00Z
26002,Daman,DD,pmgsy_road_connected,0.856,PMGSY_API,2026-09-01T00:00:00Z
26002,Daman,DD,swachh_odf_status,0.861,SWACHH_API,2026-09-01T00:00:00Z
26002,Daman,DD,udise_schools_per_1000,2.56,UDISE_API,2026-09-01T00:00:00Z
26002,Daman,DD,hospital_beds_per_1000,1.69,HEALTH_PORTAL,2026-09-01T00:00:00Z
26003,Diu,DD,jjm_tap_coverage,0.471,JJM_API,2026-09-01T00:00:00Z
26003,Diu,DD,pmgsy_road_connected,0.795,PMGSY_API,2026-09-01T00:00:00Z
26003,Diu,DD,swachh_odf_status,0.919,SWACHH_API,2026-09-01T00:00:00Z
26003,Diu,DD,udise_schools_per_1000,1.31,UDISE_API,2026-09-01T00:00:00Z
26003,Diu,DD,hospital_beds_per_1000,1.64,HEALTH_PORTAL,2026-09-01T00:00:00Z
7001,Central Delhi,DL,jjm_tap_coverage,0.671,JJM_API,2026-09-01T00:00:00Z
7001,Central Delhi,DL,pmgsy_road_connected,0.68,PMGSY_API,2026-09-01T00:00:00Z
7001,Central Delhi,DL,swachh_odf_status,0.97,SWACHH_API,2026-09-01T00:00:00Z
7001,Central Delhi,DL,udise_schools_per_1000,1.36,UDISE_API,2026-09-01T00:00:00Z
7001,Central Delhi,DL,hospital_beds_per_1000,1.4,HEALTH_PORTAL,2026-09-01T00:00:00Z
7002,East Delhi,DL,jjm_tap_coverage,0.557,JJM_API,2026-09-01T00:00:00Z
7002,East Delhi,DL,pmgsy_road_connected,0.694,PMGSY_API,2026-09-01T00:00:00Z
7002,East Delhi,DL,swachh_odf_status,0.877,SWACHH_API,2026-09-01T00:00:00Z
7002,East Delhi,DL,udise_schools_per_1000,1.55,UDISE_API,2026-09-01T00:00:00Z
7002,East Delhi,DL,hospital_beds_per_1000,1.95,HEALTH_PORTAL,2026-09-01T00:00:00Z
7003,New Delhi,DL,jjm_tap_coverage,0.73,JJM_API,2026-09-01T00:00:00Z
7003,New Delhi,DL,pmgsy_road_connected,0.636,PMGSY_API,2026-09-01T00:00:00Z
7003,New Delhi,DL,swachh_odf_status,0.851,SWACHH_API,2026-09-01T00:00:00Z
7003,New Delhi,DL,udise_schools_per_1000,2.13,UDISE_API,2026-09-01T00:00:00Z
7003,New Delhi,DL,hospital_beds_per_1000,1.1,HEALTH_PORTAL,2026-09-01T00:00:00Z
7004,North Delhi,DL,jjm_tap_coverage,0.807,JJM_API,2026-09-01T00:00:00Z
7004,North Delhi,DL,pmgsy_road_connected,0.816,PMGSY_API,2026-09-01T00:00:00Z
7004,North Delhi,DL,swachh_odf_status,0.885,SWACHH_API,2026-09-01T00:00:00Z
7004,North Delhi,DL,udise_schools_per_1000,2.44,UDISE_API,2026-09-01T00:00:00Z
7004,North Delhi,DL,hospital_beds_per_1000,0.85,HEALTH_PORTAL,2026-09-01T00:00:00Z
7005,North East Delhi,DL,jjm_tap_coverage,0.497,JJM_API,2026-09-01T00:00:00Z
7005,North East Delhi,DL,pmgsy_road_connected,0.852,PMGSY_API,2026-09-01T00:00:00Z
7005,North East Delhi,DL,swachh_odf_status,0.785,SWACHH_API,2026-09-01T00:00:00Z
7005,North East Delhi,DL,udise_schools_per_1000,1.26,UDISE_API,2026-09-01T00:00:00Z
7005,North East Delhi,DL,hospital_beds_per_1000,1.91,HEALTH_PORTAL,2026-09-01T00:00:00Z
7006,North West Delhi,DL,jjm_tap_coverage,0.601,JJM_API,2026-09-01T00:00:00Z
7006,North West Delhi,DL,pmgsy_road_connected,0.8,PMGSY_API,2026-09-01T00:00:00Z
7006,North West Delhi,DL,swachh_odf_status,0.914,SWACHH_API,2026-09-01T00:00:00Z
7006,North West Delhi,DL,udise_schools_per_1000,1.22,UDISE_API,2026-09-01T00:00:00Z
7006,North West Delhi,DL,hospital_beds_per_1000,1.65,HEALTH_PORTAL,2026-09-01T00:00:00Z
7007,Shahdara,DL,jjm_tap_coverage,0.436,JJM_API,2026-09-01T00:00:00Z
7007,Shahdara,DL,pmgsy_road_connected,0.903,PMGSY_API,2026-09-01T00:00:00Z
7007,Shahdara,DL,swachh_odf_status,0.781,SWACHH_API,2026-09-01T00:00:00Z
7007,Shahdara,DL,udise_schools_per_1000,2.05,UDISE_API,2026-09-01T00:00:00Z
7007,Shahdara,DL,hospital_beds_per_1000,0.7,HEALTH_PORTAL,2026-09-01T00:00:00Z
7008,South Delhi,DL,jjm_tap_coverage,0.939,JJM_API,2026-09-01T00:00:00Z
7008,South Delhi,DL,pmgsy_road_connected,0.92,PMGSY_API,2026-09-01T00:00:00Z
7008,South Delhi,DL,swachh_odf_status,0.875,SWACHH_API,2026-09-01T00:00:00Z
7008,South Delhi,DL,udise_schools_per_1000,1.37,UDISE_API,2026-09-01T00:00:00Z
7008,South Delhi,DL,hospital_beds_per_1000,2.2,HEALTH_PORTAL,2026-09-01T00:00:00Z
7009,South East Delhi,DL,jjm_tap_coverage,0.89,JJM_API,2026-09-01T00:00:00Z
7009,South East Delhi,DL,pmgsy_road_connected,0.862,PMGSY_API,2026-09-01T00:00:00Z
7009,South East Delhi,DL,swachh_odf_status,0.965,SWACHH_API,2026-09-01T00:00:00Z
7009,South East Delhi,DL,udise_schools_per_1000,2.12,UDISE_API,2026-09-01T00:00:00Z
7009,South East Delhi,DL,hospital_beds_per_1000,0.75,HEALTH_PORTAL,2026-09-01T00:00:00Z
7010,South West Delhi,DL,jjm_tap_coverage,0.871,JJM_API,2026-09-01T00:00:00Z
7010,South West Delhi,DL,pmgsy_road_connected,0.583,PMGSY_API,2026-09-01T00:00:00Z
7010,South West Delhi,DL,swachh_odf_status,0.971,SWACHH_API,2026-09-01T00:00:00Z
7010,South West Delhi,DL,udise_schools_per_1000,1.28,UDISE_API,2026-09-01T00:00:00Z
7010,South West Delhi,DL,hospital_beds_per_1000,1.77,HEALTH_PORTAL,2026-09-01T00:00:00Z
7011,West Delhi,DL,jjm_tap_coverage,0.456,JJM_API,2026-09-01T00:00:00Z
7011,West Delhi,DL,pmgsy_road_connected,0.776,PMGSY_API,2026-09-01T00:00:00Z
7011,West Delhi,DL,swachh_odf_status,0.89,SWACHH_API,2026-09-01T00:00:00Z
7011,West Delhi,DL,udise_schools_per_1000,1.34,UDISE_API,2026-09-01T00:00:00Z
7011,West Delhi,DL,hospital_beds_per_1000,2.43,HEALTH_PORTAL,2026-09-01T00:00:00Z
1001,Anantnag,JK,jjm_tap_coverage,0.709,JJM_API,2026-09-01T00:00:00Z
1001,Anantnag,JK,pmgsy_road_connected,0.852,PMGSY_API,2026-09-01T00:00:00Z
1001,Anantnag,JK,swachh_odf_status,0.917,SWACHH_API,2026-09-01T00:00:00Z
1001,Anantnag,JK,udise_schools_per_1000,2.06,UDISE_API,2026-09-01T00:00:00Z
1001,Anantnag,JK,hospital_beds_per_1000,2.11,HEALTH_PORTAL,2026-09-01T00:00:00Z
1002,Bandipora,JK,jjm_tap_coverage,0.95,JJM_API,2026-09-01T00:00:00Z
1002,Bandipora,JK,pmgsy_road_connected,0.692,PMGSY_API,2026-09-01T00:00:00Z
1002,Bandipora,JK,swachh_odf_status,0.945,SWACHH_API,2026-09-01T00:00:00Z
1002,Bandipora,JK,udise_schools_per_1000,1.71,UDISE_API,2026-09-01T00:00:00Z
1002,Bandipora,JK,hospital_beds_per_1000,1.54,HEALTH_PORTAL,2026-09-01T00:00:00Z
1003,Baramulla,JK,jjm_tap_coverage,0.942,JJM_API,2026-09-01T00:00:00Z
1003,Baramulla,JK,pmgsy_road_connected,0.552,PMGSY_API,2026-09-01T00:00:00Z
1003,Baramulla,JK,swachh_odf_status,0.956,SWACHH_API,2026-09-01T00:00:00Z
1003,Baramulla,JK,udise_schools_per_1000,2.52,UDISE_API,2026-09-01T00:00:00Z
1003,Baramulla,JK,hospital_beds_per_1000,0.98,HEALTH_PORTAL,2026-09-01T00:00:00Z
1004,Budgam,JK,jjm_tap_coverage,0.545,JJM_API,2026-09-01T00:00:00Z
1004,Budgam,JK,pmgsy_road_connected,0.983,PMGSY_API,2026-09-01T00:00:00Z
1004,Budgam,JK,swachh_odf_status,0.951,SWACHH_API,2026-09-01T00:00:00Z
1004,Budgam,JK,udise_schools_per_1000,1.57,UDISE_API,2026-09-01T00:00:00Z
1004,Budgam,JK,hospital_beds_per_1000,0.73,HEALTH_PORTAL,2026-09-01T00:00:00Z
1005,Doda,JK,jjm_tap_coverage,0.841,JJM_API,2026-09-01T00:00:00Z
1005,Doda,JK,pmgsy_road_connected,0.767,PMGSY_API,2026-09-01T00:00:00Z
1005,Doda,JK,swachh_odf_status,0.997,SWACHH_API,2026-09-01T00:00:00Z
1005,Doda,JK,udise_schools_per_1000,2.76,UDISE_API,2026-09-01T00:00:00Z
1005,Doda,JK,hospital_beds_per_1000,0.63,HEALTH_PORTAL,2026-09-01T00:00:00Z
1006,Ganderbal,JK,jjm_tap_coverage,0.577,JJM_API,2026-09-01T00:00:00Z
1006,Ganderbal,JK,pmgsy_road_connected,0.92,PMGSY_API,2026-09-01T00:00:00Z
1006,Ganderbal,JK,swachh_odf_status,0.784,SWACHH_API,2026-09-01T00:00:00Z
1006,Ganderbal,JK,udise_schools_per_1000,1.43,UDISE_API,2026-09-01T00:00:00Z
1006,Ganderbal,JK,hospital_beds_per_1000,1.19,HEALTH_PORTAL,2026-09-01T00:00:00Z
1007,Jammu,JK,jjm_tap_coverage,0.909,JJM_API,2026-09-01T00:00:00Z
1007,Jammu,JK,pmgsy_road_connected,0.856,PMGSY_API,2026-09-01T00:00:00Z
1007,Jammu,JK,swachh_odf_status,0.957,SWACHH_API,2026-09-01T00:00:00Z
1007,Jammu,JK,udise_schools_per_1000,1.57,UDISE_API,2026-09-01T00:00:00Z
1007,Jammu,JK,hospital_beds_per_1000,1.68,HEALTH_PORTAL,2026-09-01T00:00:00Z
1008,Kathua,JK,jjm_tap_coverage,0.628,JJM_API,2026-09-01T00:00:00Z
1008,Kathua,JK,pmgsy_road_connected,0.982,PMGSY_API,2026-09-01T00:00:00Z
1008,Kathua,JK,swachh_odf_status,0.897,SWACHH_API,2026-09-01T00:00:00Z
1008,Kathua,JK,udise_schools_per_1000,2.62,UDISE_API,2026-09-01T00:00:00Z
1008,Kathua,JK,hospital_beds_per_1000,2.05,HEALTH_PORTAL,2026-09-01T00:00:00Z
1009,Kishtwar,JK,jjm_tap_coverage,0.8,JJM_API,2026-09-01T00:00:00Z
1009,Kishtwar,JK,pmgsy_road_connected,0.802,PMGSY_API,2026-09-01T00:00:00Z
1009,Kishtwar,JK,swachh_odf_status,0.788,SWACHH_API,2026-09-01T00:00:00Z
1009,Kishtwar,JK,udise_schools_per_1000,2.48,UDISE_API,2026-09-01T00:00:00Z
1009,Kishtwar,JK,hospital_beds_per_1000,2.05,HEALTH_PORTAL,2026-09-01T00:00:00Z
1010,Kulgam,JK,jjm_tap_coverage,0.708,JJM_API,2026-09-01T00:00:00Z
1010,Kulgam,JK,pmgsy_road_connected,0.705,PMGSY_API,2026-09-01T00:00:00Z
1010,Kulgam,JK,swachh_odf_status,0.794,SWACHH_API,2026-09-01T00:00:00Z
1010,Kulgam,JK,udise_schools_per_1000,1.94,UDISE_API,2026-09-01T00:00:00Z
1010,Kulgam,JK,hospital_beds_per_1000,0.71,HEALTH_PORTAL,2026-09-01T00:00:00Z
1011,Kupwara,JK,jjm_tap_coverage,0.774,JJM_API,2026-09-01T00:00:00Z
1011,Kupwara,JK,pmgsy_road_connected,0.697,PMGSY_API,2026-09-01T00:00:00Z
1011,Kupwara,JK,swachh_odf_status,0.799,SWACHH_API,2026-09-01T00:00:00Z
1011,Kupwara,JK,udise_schools_per_1000,2.59,UDISE_API,2026-09-01T00:00:00Z
1011,Kupwara,JK,hospital_beds_per_1000,1.64,HEALTH_PORTAL,2026-09-01T00:00:00Z
1012,Poonch,JK,jjm_tap_coverage,0.637,JJM_API,2026-09-01T00:00:00Z
1012,Poonch,JK,pmgsy_road_connected,0.817,PMGSY_API,2026-09-01T00:00:00Z
1012,Poonch,JK,swachh_odf_status,0.831,SWACHH_API,2026-09-01T00:00:00Z
1012,Poonch,JK,udise_schools_per_1000,1.57,UDISE_API,2026-09-01T00:00:00Z
1012,Poonch,JK,hospital_beds_per_1000,1.94,HEALTH_PORTAL,2026-09-01T00:00:00Z
1013,Pulwama,JK,jjm_tap_coverage,0.476,JJM_API,2026-09-01T00:00:00Z
1013,Pulwama,JK,pmgsy_road_connected,0.695,PMGSY_API,2026-09-01T00:00:00Z
1013,Pulwama,JK,swachh_odf_status,0.919,SWACHH_API,2026-09-01T00:00:00Z
1013,Pulwama,JK,udise_schools_per_1000,2.26,UDISE_API,2026-09-01T00:00:00Z
1013,Pulwama,JK,hospital_beds_per_1000,2.06,HEALTH_PORTAL,2026-09-01T00:00:00Z
1014,Rajouri,JK,jjm_tap_coverage,0.968,JJM_API,2026-09-01T00:00:00Z
1014,Rajouri,JK,pmgsy_road_connected,0.899,PMGSY_API,2026-09-01T00:00:00Z
1014,Rajouri,JK,swachh_odf_status,0.967,SWACHH_API,2026-09-01T00:00:00Z
1014,Rajouri,JK,udise_schools_per_1000,1.44,UDISE_API,2026-09-01T00:00:00Z
1014,Rajouri,JK,hospital_beds_per_1000,1.62,HEALTH_PORTAL,2026-09-01T00:00:00Z
1015,Ramban,JK,jjm_tap_coverage,0.434,JJM_API,2026-09-01T00:00:00Z
1015,Ramban,JK,pmgsy_road_connected,0.885,PMGSY_API,2026-09-01T00:00:00Z
1015,Ramban,JK,swachh_odf_status,0.831,SWACHH_API,2026-09-01T00:00:00Z
1015,Ramban,JK,udise_schools_per_1000,2.41,UDISE_API,2026-09-01T00:00:00Z
1015,Ramban,JK,hospital_beds_per_1000,1.98,HEALTH_PORTAL,2026-09-01T00:00:00Z
1016,Reasi,JK,jjm_tap_coverage,0.818,JJM_API,2026-09-01T00:00:00Z
1016,Reasi,JK,pmgsy_road_connected,0.61,PMGSY_API,2026-09-01T00:00:00Z
1016,Reasi,JK,swachh_odf_status,0.963,SWACHH_API,2026-09-01T00:00:00Z
1016,Reasi,JK,udise_schools_per_1000,1.66,UDISE_API,2026-09-01T00:00:00Z
1016,Reasi,JK,hospital_beds_per_1000,1.3,HEALTH_PORTAL,2026-09-01T00:00:00Z
1017,Samba,JK,jjm_tap_coverage,0.613,JJM_API,2026-09-01T00:00:00Z
1017,Samba,JK,pmgsy_road_connected,0.828,PMGSY_API,2026-09-01T00:00:00Z
1017,Samba,JK,swachh_odf_status,0.858,SWACHH_API,2026-09-01T00:00:00Z
1017,Samba,JK,udise_schools_per_1000,1.58,UDISE_API,2026-09-01T00:00:00Z
1017,Samba,JK,hospital_beds_per_1000,0.76,HEALTH_PORTAL,2026-09-01T00:00:00Z
1018,Shopian,JK,jjm_tap_coverage,0.815,JJM_API,2026-09-01T00:00:00Z
1018,Shopian,JK,pmgsy_road_connected,0.662,PMGSY_API,2026-09-01T00:00:00Z
1018,Shopian,JK,swachh_odf_status,0.904,SWACHH_API,2026-09-01T00:00:00Z
1018,Shopian,JK,udise_schools_per_1000,2.28,UDISE_API,2026-09-01T00:00:00Z
1018,Shopian,JK,hospital_beds_per_1000,2.14,HEALTH_PORTAL,2026-09-01T00:00:00Z
1019,Srinagar,JK,jjm_tap_coverage,0.631,JJM_API,2026-09-01T00:00:00Z
1019,Srinagar,JK,pmgsy_road_connected,0.752,PMGSY_API,2026-09-01T00:00:00Z
1019,Srinagar,JK,swachh_odf_status,0.912,SWACHH_API,2026-09-01T00:00:00Z
1019,Srinagar,JK,udise_schools_per_1000,1.74,UDISE_API,2026-09-01T00:00:00Z
1019,Srinagar,JK,hospital_beds_per_1000,1.39,HEALTH_PORTAL,2026-09-01T00:00:00Z
1020,Udhampur,JK,jjm_tap_coverage,0.766,JJM_API,2026-09-01T00:00:00Z
1020,Udhampur,JK,pmgsy_road_connected,0.557,PMGSY_API,2026-09-01T00:00:00Z
1020,Udhampur,JK,swachh_odf_status,0.884,SWACHH_API,2026-09-01T00:00:00Z
1020,Udhampur,JK,udise_schools_per_1000,1.87,UDISE_API,2026-09-01T00:00:00Z
1020,Udhampur,JK,hospital_beds_per_1000,0.74,HEALTH_PORTAL,2026-09-01T00:00:00Z
37001,Kargil,LA,jjm_tap_coverage,0.832,JJM_API,2026-09-01T00:00:00Z
37001,Kargil,LA,pmgsy_road_connected,0.833,PMGSY_API,2026-09-01T00:00:00Z
37001,Kargil,LA,swachh_odf_status,0.977,SWACHH_API,2026-09-01T00:00:00Z
37001,Kargil,LA,udise_schools_per_1000,2.18,UDISE_API,2026-09-01T00:00:00Z
37001,Kargil,LA,hospital_beds_per_1000,1.28,HEALTH_PORTAL,2026-09-01T00:00:00Z
37002,Leh,LA,jjm_tap_coverage,0.91,JJM_API,2026-09-01T00:00:00Z
37002,Leh,LA,pmgsy_road_connected,0.726,PMGSY_API,2026-09-01T00:00:00Z
37002,Leh,LA,swachh_odf_status,0.811,SWACHH_API,2026-09-01T00:00:00Z
37002,Leh,LA,udise_schools_per_1000,2.01,UDISE_API,2026-09-01T00:00:00Z
37002,Leh,LA,hospital_beds_per_1000,1.62,HEALTH_PORTAL,2026-09-01T00:00:00Z
31001,Lakshadweep,LD,jjm_tap_coverage,0.582,JJM_API,2026-09-01T00:00:00Z
31001,Lakshadweep,LD,pmgsy_road_connected,0.807,PMGSY_API,2026-09-01T00:00:00Z
31001,Lakshadweep,LD,swachh_odf_status,0.843,SWACHH_API,2026-09-01T00:00:00Z
31001,Lakshadweep,LD,udise_schools_per_1000,1.85,UDISE_API,2026-09-01T00:00:00Z
31001,Lakshadweep,LD,hospital_beds_per_1000,1.84,HEALTH_PORTAL,2026-09-01T00:00:00Z
34001,Karaikal,PY,jjm_tap_coverage,0.474,JJM_API,2026-09-01T00:00:00Z
34001,Karaikal,PY,pmgsy_road_connected,0.821,PMGSY_API,2026-09-01T00:00:00Z
34001,Karaikal,PY,swachh_odf_status,0.869,SWACHH_API,2026-09-01T00:00:00Z
34001,Karaikal,PY,udise_schools_per_1000,1.99,UDISE_API,2026-09-01T00:00:00Z
34001,Karaikal,PY,hospital_beds_per_1000,1.4,HEALTH_PORTAL,2026-09-01T00:00:00Z
34002,Mahe,PY,jjm_tap_coverage,0.93,JJM_API,2026-09-01T00:00:00Z
34002,Mahe,PY,pmgsy_road_connected,0.558,PMGSY_API,2026-09-01T00:00:00Z
34002,Mahe,PY,swachh_odf_status,0.852,SWACHH_API,2026-09-01T00:00:00Z
34002,Mahe,PY,udise_schools_per_1000,2.51,UDISE_API,2026-09-01T00:00:00Z
34002,Mahe,PY,hospital_beds_per_1000,0.92,HEALTH_PORTAL,2026-09-01T00:00:00Z
34003,Puducherry,PY,jjm_tap_coverage,0.493,JJM_API,2026-09-01T00:00:00Z
34003,Puducherry,PY,pmgsy_road_connected,0.843,PMGSY_API,2026-09-01T00:00:00Z
34003,Puducherry,PY,swachh_odf_status,0.79,SWACHH_API,2026-09-01T00:00:00Z
34003,Puducherry,PY,udise_schools_per_1000,1.74,UDISE_API,2026-09-01T00:00:00Z
34003,Puducherry,PY,hospital_beds_per_1000,1.84,HEALTH_PORTAL,2026-09-01T00:00:00Z
34004,Yanam,PY,jjm_tap_coverage,0.59,JJM_API,2026-09-01T00:00:00Z
34004,Yanam,PY,pmgsy_road_connected,0.77,PMGSY_API,2026-09-01T00:00:00Z
34004,Yanam,PY,swachh_odf_status,0.846,SWACHH_API,2026-09-01T00:00:00Z
34004,Yanam,PY,udise_schools_per_1000,2.47,UDISE_API,2026-09-01T00:00:00Z
34004,Yanam,PY,hospital_beds_per_1000,1.76,HEALTH_PORTAL,2026-09-01T00:00:00Z
