district_lgd_code,district_name,state_code,sector,planned_spend_crores,actual_spend_crores,per_capita_planned_spend,per_capita_need_estimate,financial_year,source_tag
28001,Alluri Sitharama Raju,AP,water,146.52,119.19,933.52,1657.33,2025-2026,BUDGET_DOCS
28001,Alluri Sitharama Raju,AP,roads,144.97,129.43,1013.72,1707.01,2025-2026,BUDGET_DOCS
28001,Alluri Sitharama Raju,AP,sanitation,118.3,101.67,796.3,1214.95,2025-2026,BUDGET_DOCS
28001,Alluri Sitharama Raju,AP,electricity,118.96,111.49,873.21,1982.58,2025-2026,BUDGET_DOCS
28001,Alluri Sitharama Raju,AP,health,111.34,75.6,592.12,1974.17,2025-2026,BUDGET_DOCS
28002,Anakapalli,AP,water,156.97,115.66,483.39,1305.4,2025-2026,BUDGET_DOCS
28002,Anakapalli,AP,roads,167.09,113.67,475.08,1383.52,2025-2026,BUDGET_DOCS
28002,Anakapalli,AP,sanitation,301.93,229.3,958.34,1839.34,2025-2026,BUDGET_DOCS
28002,Anakapalli,AP,electricity,242.61,177.13,740.3,2051.42,2025-2026,BUDGET_DOCS
28002,Anakapalli,AP,health,555.07,462.23,1931.86,3354.31,2025-2026,BUDGET_DOCS
28003,Ananthapuramu,AP,water,93.71,87.42,838.42,1815.8,2025-2026,BUDGET_DOCS
28003,Ananthapuramu,AP,roads,181.59,153.74,1474.47,3215.65,2025-2026,BUDGET_DOCS
28003,Ananthapuramu,AP,sanitation,178.54,140.63,1348.74,2109.95,2025-2026,BUDGET_DOCS
28003,Ananthapuramu,AP,electricity,96.39,78.89,756.61,1809.22,2025-2026,BUDGET_DOCS
28003,Ananthapuramu,AP,health,124.74,114.68,1099.86,1804.31,2025-2026,BUDGET_DOCS
28004,Annamayya,AP,water,267.66,174.9,1766.48,3433.48,2025-2026,BUDGET_DOCS
28004,Annamayya,AP,roads,199.97,162.19,1638.11,2857.66,2025-2026,BUDGET_DOCS
28004,Annamayya,AP,sanitation,123.63,84.5,853.45,1813.7,2025-2026,BUDGET_DOCS
28004,Annamayya,AP,electricity,131.6,123.2,1244.32,2199.96,2025-2026,BUDGET_DOCS
28004,Annamayya,AP,health,165.03,132.05,1333.7,3214.46,2025-2026,BUDGET_DOCS
28005,Bapatla,AP,water,533.87,480.22,2387.55,3336.93,2025-2026,BUDGET_DOCS
28005,Bapatla,AP,roads,163.45,149.3,742.29,1907.28,2025-2026,BUDGET_DOCS
28005,Bapatla,AP,sanitation,297.96,237.12,1178.91,3377.98,2025-2026,BUDGET_DOCS
28005,Bapatla,AP,electricity,202.92,178.52,887.56,1359.19,2025-2026,BUDGET_DOCS
28005,Bapatla,AP,health,184.63,150.46,748.06,1495.3,2025-2026,BUDGET_DOCS
28006,Chittoor,AP,water,87.57,71.47,450.24,1347.26,2025-2026,BUDGET_DOCS
28006,Chittoor,AP,roads,163.44,140.94,887.88,2553.41,2025-2026,BUDGET_DOCS
28006,Chittoor,AP,sanitation,91.22,60.15,378.93,1335.41,2025-2026,BUDGET_DOCS
28006,Chittoor,AP,electricity,196.44,144.1,907.78,1959.99,2025-2026,BUDGET_DOCS
28006,Chittoor,AP,health,236.31,204.88,1290.68,2316.45,2025-2026,BUDGET_DOCS
28007,Dr. B.R. Ambedkar Konaseema,AP,water,117.9,104.95,867.64,1339.41,2025-2026,BUDGET_DOCS
28007,Dr. B.R. Ambedkar Konaseema,AP,roads,85.36,69.22,572.25,1451.32,2025-2026,BUDGET_DOCS
28007,Dr. B.R. Ambedkar Konaseema,AP,sanitation,88.87,70.1,579.53,1522.42,2025-2026,BUDGET_DOCS
28007,Dr. B.R. Ambedkar Konaseema,AP,electricity,168.55,150.42,1243.55,3211.32,2025-2026,BUDGET_DOCS
28007,Dr. B.R. Ambedkar Konaseema,AP,health,170.2,143.93,1189.9,3168.72,2025-2026,BUDGET_DOCS
28008,East Godavari,AP,water,142.23,122.17,1364.13,3005.8,2025-2026,BUDGET_DOCS
28008,East Godavari,AP,roads,194.11,164.71,1839.13,2880.16,2025-2026,BUDGET_DOCS
28008,East Godavari,AP,sanitation,100.84,72.13,805.39,2319.34,2025-2026,BUDGET_DOCS
28008,East Godavari,AP,electricity,87.38,58.39,651.98,1334.51,2025-2026,BUDGET_DOCS
28008,East Godavari,AP,health,72.71,57.66,643.82,1921.29,2025-2026,BUDGET_DOCS
28009,Eluru,AP,water,145.39,108.3,1321.88,2711.96,2025-2026,BUDGET_DOCS
28009,Eluru,AP,roads,103.42,76.97,939.48,1799.76,2025-2026,BUDGET_DOCS
28009,Eluru,AP,sanitation,68.08,57.44,701.1,1810.91,2025-2026,BUDGET_DOCS
28009,Eluru,AP,electricity,150.91,140.45,1714.3,2251.62,2025-2026,BUDGET_DOCS
28009,Eluru,AP,health,68.0,55.69,679.74,1221.43,2025-2026,BUDGET_DOCS
28010,Guntur,AP,water,298.1,243.36,1382.01,2416.56,2025-2026,BUDGET_DOCS
28010,Guntur,AP,roads,262.91,240.15,1363.78,3343.04,2025-2026,BUDGET_DOCS
28010,Guntur,AP,sanitation,254.86,222.42,1263.09,1808.27,2025-2026,BUDGET_DOCS
28010,Guntur,AP,electricity,144.48,103.04,585.15,1557.53,2025-2026,BUDGET_DOCS
28010,Guntur,AP,health,248.41,225.03,1277.91,1988.62,2025-2026,BUDGET_DOCS
28011,Kakinada,AP,water,88.31,81.35,1008.64,1373.06,2025-2026,BUDGET_DOCS
28011,Kakinada,AP,roads,153.56,126.65,1570.3,2454.86,2025-2026,BUDGET_DOCS
28011,Kakinada,AP,sanitation,56.83,42.19,523.1,1540.62,2025-2026,BUDGET_DOCS
28011,Kakinada,AP,electricity,199.84,181.5,2250.37,3267.66,2025-2026,BUDGET_DOCS
28011,Kakinada,AP,health,130.33,94.47,1171.31,3267.53,2025-2026,BUDGET_DOCS
28012,Krishna,AP,water,394.64,358.81,2311.57,3340.88,2025-2026,BUDGET_DOCS
28012,Krishna,AP,roads,247.4,219.25,1412.48,3064.72,2025-2026,BUDGET_DOCS
28012,Krishna,AP,sanitation,178.2,161.73,1041.92,1448.62,2025-2026,BUDGET_DOCS
28012,Krishna,AP,electricity,203.9,160.69,1035.22,1711.6,2025-2026,BUDGET_DOCS
28012,Krishna,AP,health,223.75,160.71,1035.35,1901.94,2025-2026,BUDGET_DOCS
28013,Kurnool,AP,water,186.32,135.95,979.17,1610.71,2025-2026,BUDGET_DOCS
28013,Kurnool,AP,roads,119.84,104.09,749.7,1449.33,2025-2026,BUDGET_DOCS
28013,Kurnool,AP,sanitation,179.49,144.21,1038.67,1921.46,2025-2026,BUDGET_DOCS
28013,Kurnool,AP,electricity,190.99,138.74,999.27,2085.95,2025-2026,BUDGET_DOCS
28013,Kurnool,AP,health,157.48,146.09,1052.21,2830.21,2025-2026,BUDGET_DOCS
28014,Nandyal,AP,water,314.02,256.34,1136.27,1950.22,2025-2026,BUDGET_DOCS
28014,Nandyal,AP,roads,258.89,197.73,876.47,1641.23,2025-2026,BUDGET_DOCS
28014,Nandyal,AP,sanitation,315.16,258.66,1146.55,2920.71,2025-2026,BUDGET_DOCS
28014,Nandyal,AP,electricity,373.19,276.59,1226.03,2133.97,2025-2026,BUDGET_DOCS
28014,Nandyal,AP,health,286.2,238.12,1055.5,1683.42,2025-2026,BUDGET_DOCS
28015,NTR,AP,water,198.81,177.33,837.69,1740.2,2025-2026,BUDGET_DOCS
28015,NTR,AP,roads,137.08,129.57,612.08,1538.91,2025-2026,BUDGET_DOCS
28015,NTR,AP,sanitation,411.43,323.64,1528.84,2605.93,2025-2026,BUDGET_DOCS
28015,NTR,AP,electricity,451.76,391.0,1847.05,3238.11,2025-2026,BUDGET_DOCS
28015,NTR,AP,health,255.7,177.53,838.63,2083.15,2025-2026,BUDGET_DOCS
28016,Palnadu,AP,water,365.23,272.17,1175.73,2421.6,2025-2026,BUDGET_DOCS
28016,Palnadu,AP,roads,407.37,364.39,1574.1,2937.08,2025-2026,BUDGET_DOCS
28016,Palnadu,AP,sanitation,445.64,410.91,1775.06,3251.65,2025-2026,BUDGET_DOCS
28016,Palnadu,AP,electricity,242.98,220.73,953.52,2225.6,2025-2026,BUDGET_DOCS
28016,Palnadu,AP,health,382.01,344.56,1488.44,2235.16,2025-2026,BUDGET_DOCS
28017,Parvathipuram Manyam,AP,water,170.38,127.66,743.82,1692.09,2025-2026,BUDGET_DOCS
28017,Parvathipuram Manyam,AP,roads,166.87,150.16,874.92,2271.63,2025-2026,BUDGET_DOCS
28017,Parvathipuram Manyam,AP,sanitation,268.48,250.71,1460.78,2095.8,2025-2026,BUDGET_DOCS
28017,Parvathipuram Manyam,AP,electricity,170.14,139.98,815.6,1244.92,2025-2026,BUDGET_DOCS
28017,Parvathipuram Manyam,AP,health,324.94,240.32,1400.24,2297.05,2025-2026,BUDGET_DOCS
28018,Prakasam,AP,water,152.2,104.76,663.56,1579.6,2025-2026,BUDGET_DOCS
28018,Prakasam,AP,roads,171.2,131.52,833.06,2631.19,2025-2026,BUDGET_DOCS
28018,Prakasam,AP,sanitation,162.57,137.02,867.9,2498.1,2025-2026,BUDGET_DOCS
28018,Prakasam,AP,electricity,145.09,96.5,611.24,1512.11,2025-2026,BUDGET_DOCS
28018,Prakasam,AP,health,162.0,121.18,767.57,2071.94,2025-2026,BUDGET_DOCS
28019,Srikakulam,AP,water,148.02,133.48,586.19,1271.37,2025-2026,BUDGET_DOCS
28019,Srikakulam,AP,roads,303.73,240.57,1056.49,2629.07,2025-2026,BUDGET_DOCS
28019,Srikakulam,AP,sanitation,275.35,217.39,954.69,1463.1,2025-2026,BUDGET_DOCS
28019,Srikakulam,AP,electricity,230.62,191.82,842.4,1789.36,2025-2026,BUDGET_DOCS
28019,Srikakulam,AP,health,562.69,497.05,2182.84,3416.59,2025-2026,BUDGET_DOCS
28020,Sri Potti Sriramulu Nellore,AP,water,256.52,228.73,1195.29,1893.64,2025-2026,BUDGET_DOCS
28020,Sri Potti Sriramulu Nellore,AP,roads,379.75,251.52,1314.39,3031.32,2025-2026,BUDGET_DOCS
28020,Sri Potti Sriramulu Nellore,AP,sanitation,323.8,217.17,1134.88,2425.31,2025-2026,BUDGET_DOCS
28020,Sri Potti Sriramulu Nellore,AP,electricity,208.78,162.02,846.68,2689.35,2025-2026,BUDGET_DOCS
28020,Sri Potti Sriramulu Nellore,AP,health,265.04,201.07,1050.75,2327.46,2025-2026,BUDGET_DOCS
28021,Sri Sathya Sai,AP,water,179.7,141.11,1382.29,3349.63,2025-2026,BUDGET_DOCS
28021,Sri Sathya Sai,AP,roads,196.08,166.76,1633.55,2926.1,2025-2026,BUDGET_DOCS
28021,Sri Sathya Sai,AP,sanitation,125.41,93.74,918.26,1973.71,2025-2026,BUDGET_DOCS
28021,Sri Sathya Sai,AP,electricity,132.63,96.49,945.2,2321.36,2025-2026,BUDGET_DOCS
28021,Sri Sathya Sai,AP,health,125.74,114.93,1125.83,1843.21,2025-2026,BUDGET_DOCS
28022,Tirupati,AP,water,138.69,109.84,997.93,1904.27,2025-2026,BUDGET_DOCS
28022,Tirupati,AP,roads,157.62,137.73,1251.32,2421.12,2025-2026,BUDGET_DOCS
28022,Tirupati,AP,sanitation,154.59,113.05,1027.1,1960.82,2025-2026,BUDGET_DOCS
28022,Tirupati,AP,electricity,88.92,62.94,571.83,1778.23,2025-2026,BUDGET_DOCS
28022,Tirupati,AP,health,104.09,91.46,830.95,1474.98,2025-2026,BUDGET_DOCS
28023,Visakhapatnam,AP,water,95.02,70.09,408.58,1304.69,2025-2026,BUDGET_DOCS
28023,Visakhapatnam,AP,roads,397.35,348.01,2028.69,3371.41,2025-2026,BUDGET_DOCS
28023,Visakhapatnam,AP,sanitation,99.89,73.45,428.17,1435.95,2025-2026,BUDGET_DOCS
28023,Visakhapatnam,AP,electricity,218.41,205.23,1196.37,2301.04,2025-2026,BUDGET_DOCS
28023,Visakhapatnam,AP,health,240.64,164.65,959.81,1780.7,2025-2026,BUDGET_DOCS
28024,Vizianagaram,AP,water,325.56,300.35,1572.43,2984.1,2025-2026,BUDGET_DOCS
28024,Vizianagaram,AP,roads,239.24,186.28,975.24,1883.91,2025-2026,BUDGET_DOCS
28024,Vizianagaram,AP,sanitation,204.59,191.91,1004.71,2507.85,2025-2026,BUDGET_DOCS
28024,Vizianagaram,AP,electricity,202.76,169.84,889.17,1428.24,2025-2026,BUDGET_DOCS
28024,Vizianagaram,AP,health,150.81,108.88,570.02,1808.69,2025-2026,BUDGET_DOCS
28025,West Godavari,AP,water,347.37,270.09,1734.99,2720.72,2025-2026,BUDGET_DOCS
28025,West Godavari,AP,roads,263.98,243.53,1564.38,2452.49,2025-2026,BUDGET_DOCS
28025,West Godavari,AP,sanitation,208.63,145.99,937.8,3101.25,2025-2026,BUDGET_DOCS
28025,West Godavari,AP,electricity,218.86,179.63,1153.9,1907.51,2025-2026,BUDGET_DOCS
28025,West Godavari,AP,health,132.29,113.32,727.94,1863.8,2025-2026,BUDGET_DOCS
28026,Y.S.R. Kadapa,AP,water,162.44,145.62,832.32,1247.71,2025-2026,BUDGET_DOCS
28026,Y.S.R. Kadapa,AP,roads,328.46,230.76,1318.96,2525.37,2025-2026,BUDGET_DOCS
28026,Y.S.R. Kadapa,AP,sanitation,250.85,183.99,1051.63,2393.62,2025-2026,BUDGET_DOCS
28026,Y.S.R. Kadapa,AP,electricity,364.32,325.8,1862.18,3492.97,2025-2026,BUDGET_DOCS
28026,Y.S.R. Kadapa,AP,health,366.84,283.39,1619.77,3428.83,2025-2026,BUDGET_DOCS
12001,Anjaw,AR,water,14.8,13.48,1129.75,3097.33,2025-2026,BUDGET_DOCS
12001,Anjaw,AR,roads,11.46,9.23,773.56,2262.55,2025-2026,BUDGET_DOCS
12001,Anjaw,AR,sanitation,19.61,15.35,1286.48,2632.06,2025-2026,BUDGET_DOCS
12001,Anjaw,AR,electricity,8.18,5.64,472.69,1318.71,2025-2026,BUDGET_DOCS
12001,Anjaw,AR,health,17.7,14.08,1180.04,1862.47,2025-2026,BUDGET_DOCS
12002,Changlang,AR,water,28.75,21.05,1311.85,2848.19,2025-2026,BUDGET_DOCS
12002,Changlang,AR,roads,42.11,30.45,1897.67,3119.87,2025-2026,BUDGET_DOCS
12002,Changlang,AR,sanitation,22.68,21.01,1309.36,2467.91,2025-2026,BUDGET_DOCS
12002,Changlang,AR,electricity,30.25,27.5,1713.82,2368.95,2025-2026,BUDGET_DOCS
12002,Changlang,AR,health,22.25,17.23,1073.79,1835.37,2025-2026,BUDGET_DOCS
12003,Dibang Valley,AR,water,9.62,9.08,2498.35,3345.56,2025-2026,BUDGET_DOCS
12003,Dibang Valley,AR,roads,3.64,3.3,907.99,1749.25,2025-2026,BUDGET_DOCS
12003,Dibang Valley,AR,sanitation,4.23,3.35,921.75,2144.78,2025-2026,BUDGET_DOCS
12003,Dibang Valley,AR,electricity,6.86,6.49,1785.71,3300.89,2025-2026,BUDGET_DOCS
12003,Dibang Valley,AR,health,7.62,5.3,1458.29,3022.51,2025-2026,BUDGET_DOCS
12004,East Kameng,AR,water,42.41,32.62,947.09,1809.55,2025-2026,BUDGET_DOCS
12004,East Kameng,AR,roads,26.13,22.27,646.59,1384.73,2025-2026,BUDGET_DOCS
12004,East Kameng,AR,sanitation,69.34,58.11,1687.16,2427.33,2025-2026,BUDGET_DOCS
12004,East Kameng,AR,electricity,69.16,56.18,1631.13,3241.11,2025-2026,BUDGET_DOCS
12004,East Kameng,AR,health,45.63,39.03,1133.2,2620.16,2025-2026,BUDGET_DOCS
12005,East Siang,AR,water,9.2,7.12,864.25,2190.58,2025-2026,BUDGET_DOCS
12005,East Siang,AR,roads,10.97,7.71,935.86,2768.14,2025-2026,BUDGET_DOCS
12005,East Siang,AR,sanitation,12.26,10.48,1272.09,2601.83,2025-2026,BUDGET_DOCS
12005,East Siang,AR,electricity,12.8,9.21,1117.94,2344.63,2025-2026,BUDGET_DOCS
12005,East Siang,AR,health,13.33,11.33,1375.27,2667.18,2025-2026,BUDGET_DOCS
12006,Kamle,AR,water,26.33,20.13,1083.42,3162.67,2025-2026,BUDGET_DOCS
12006,Kamle,AR,roads,20.07,17.26,928.95,2025.61,2025-2026,BUDGET_DOCS
12006,Kamle,AR,sanitation,17.97,13.81,743.27,1250.46,2025-2026,BUDGET_DOCS
12006,Kamle,AR,electricity,17.87,15.79,849.83,1218.63,2025-2026,BUDGET_DOCS
12006,Kamle,AR,health,51.75,45.21,2433.25,3439.29,2025-2026,BUDGET_DOCS
12007,Kra Daadi,AR,water,19.78,14.61,938.66,2884.43,2025-2026,BUDGET_DOCS
12007,Kra Daadi,AR,roads,21.77,15.01,964.36,2919.21,2025-2026,BUDGET_DOCS
12007,Kra Daadi,AR,sanitation,31.8,25.73,1653.09,2440.64,2025-2026,BUDGET_DOCS
12007,Kra Daadi,AR,electricity,39.75,28.9,1856.75,3301.02,2025-2026,BUDGET_DOCS
12007,Kra Daadi,AR,health,29.73,26.52,1703.84,3096.79,2025-2026,BUDGET_DOCS
12008,Kurung Kumey,AR,water,15.06,12.83,1345.12,2246.01,2025-2026,BUDGET_DOCS
12008,Kurung Kumey,AR,roads,18.69,17.42,1826.34,2544.49,2025-2026,BUDGET_DOCS
12008,Kurung Kumey,AR,sanitation,6.98,4.59,481.22,1449.2,2025-2026,BUDGET_DOCS
12008,Kurung Kumey,AR,electricity,20.13,18.61,1951.1,3233.74,2025-2026,BUDGET_DOCS
12008,Kurung Kumey,AR,health,6.98,6.26,656.31,1709.14,2025-2026,BUDGET_DOCS
12009,Lepa Rada,AR,water,49.49,43.19,1734.09,3375.74,2025-2026,BUDGET_DOCS
12009,Lepa Rada,AR,roads,22.73,15.45,620.32,1555.4,2025-2026,BUDGET_DOCS
12009,Lepa Rada,AR,sanitation,33.81,31.63,1269.95,2325.5,2025-2026,BUDGET_DOCS
12009,Lepa Rada,AR,electricity,18.0,14.09,565.72,1275.25,2025-2026,BUDGET_DOCS
12009,Lepa Rada,AR,health,66.2,45.0,1806.76,3386.28,2025-2026,BUDGET_DOCS
12010,Lohit,AR,water,58.44,41.58,1864.17,3474.29,2025-2026,BUDGET_DOCS
12010,Lohit,AR,roads,45.03,37.19,1667.35,3108.58,2025-2026,BUDGET_DOCS
12010,Lohit,AR,sanitation,34.57,30.5,1367.42,3070.02,2025-2026,BUDGET_DOCS
12010,Lohit,AR,electricity,44.92,32.93,1476.36,3013.88,2025-2026,BUDGET_DOCS
12010,Lohit,AR,health,65.23,52.97,2374.83,3463.26,2025-2026,BUDGET_DOCS
12011,Longding,AR,water,9.15,6.25,1288.23,2989.44,2025-2026,BUDGET_DOCS
12011,Longding,AR,roads,9.45,6.27,1292.36,2358.83,2025-2026,BUDGET_DOCS
12011,Longding,AR,sanitation,11.51,9.28,1912.77,3001.42,2025-2026,BUDGET_DOCS
12011,Longding,AR,electricity,9.12,6.09,1255.26,2253.5,2025-2026,BUDGET_DOCS
12011,Longding,AR,health,6.48,5.55,1143.95,2301.66,2025-2026,BUDGET_DOCS
12012,Lower Dibang Valley,AR,water,7.52,6.81,926.15,1428.11,2025-2026,BUDGET_DOCS
12012,Lower Dibang Valley,AR,roads,14.8,12.82,1743.51,2697.11,2025-2026,BUDGET_DOCS
12012,Lower Dibang Valley,AR,sanitation,7.52,5.4,734.39,1694.55,2025-2026,BUDGET_DOCS
12012,Lower Dibang Valley,AR,electricity,8.79,6.81,926.15,1979.54,2025-2026,BUDGET_DOCS
12012,Lower Dibang Valley,AR,health,6.18,5.25,713.99,1418.7,2025-2026,BUDGET_DOCS
12013,Lower Siang,AR,water,39.94,34.95,1232.14,2013.28,2025-2026,BUDGET_DOCS
12013,Lower Siang,AR,roads,65.69,61.78,2178.02,3196.61,2025-2026,BUDGET_DOCS
12013,Lower Siang,AR,sanitation,40.87,33.65,1186.31,2580.94,2025-2026,BUDGET_DOCS
12013,Lower Siang,AR,electricity,33.33,23.91,842.93,1689.3,2025-2026,BUDGET_DOCS
12013,Lower Siang,AR,health,32.07,24.38,859.5,1448.9,2025-2026,BUDGET_DOCS
12014,Lower Subansiri,AR,water,27.47,17.91,688.9,1910.66,2025-2026,BUDGET_DOCS
12014,Lower Subansiri,AR,roads,54.49,41.97,1614.37,3200.68,2025-2026,BUDGET_DOCS
12014,Lower Subansiri,AR,sanitation,27.18,17.92,689.29,1526.31,2025-2026,BUDGET_DOCS
12014,Lower Subansiri,AR,electricity,37.66,29.22,1123.94,2916.06,2025-2026,BUDGET_DOCS
12014,Lower Subansiri,AR,health,29.22,25.32,973.93,1984.06,2025-2026,BUDGET_DOCS
12015,Namsai,AR,water,6.9,5.07,637.41,1461.78,2025-2026,BUDGET_DOCS
12015,Namsai,AR,roads,13.59,11.55,1452.08,2760.52,2025-2026,BUDGET_DOCS
12015,Namsai,AR,sanitation,6.0,4.98,626.09,1304.46,2025-2026,BUDGET_DOCS
12015,Namsai,AR,electricity,5.19,3.7,465.17,1217.68,2025-2026,BUDGET_DOCS
12015,Namsai,AR,health,6.21,4.65,584.6,1515.64,2025-2026,BUDGET_DOCS
12016,Pakke Kessang,AR,water,21.11,18.21,1432.57,2524.25,2025-2026,BUDGET_DOCS
12016,Pakke Kessang,AR,roads,12.41,8.14,640.37,2160.7,2025-2026,BUDGET_DOCS
12016,Pakke Kessang,AR,sanitation,18.82,15.72,1236.69,1946.97,2025-2026,BUDGET_DOCS
12016,Pakke Kessang,AR,electricity,32.21,21.79,1714.21,3113.66,2025-2026,BUDGET_DOCS
12016,Pakke Kessang,AR,health,20.35,16.82,1323.22,3142.31,2025-2026,BUDGET_DOCS
12017,Papum Pare,AR,water,13.58,9.87,499.31,1539.69,2025-2026,BUDGET_DOCS
12017,Papum Pare,AR,roads,14.82,13.01,658.16,1599.05,2025-2026,BUDGET_DOCS
12017,Papum Pare,AR,sanitation,22.48,18.85,953.6,1373.31,2025-2026,BUDGET_DOCS
12017,Papum Pare,AR,electricity,29.29,24.13,1220.7,2267.09,2025-2026,BUDGET_DOCS
12017,Papum Pare,AR,health,43.58,36.73,1858.12,2766.61,2025-2026,BUDGET_DOCS
12018,Shi Yomi,AR,water,25.77,24.31,1210.98,1860.28,2025-2026,BUDGET_DOCS
12018,Shi Yomi,AR,roads,18.86,14.43,718.82,1407.68,2025-2026,BUDGET_DOCS
12018,Shi Yomi,AR,sanitation,42.2,36.78,1832.16,2534.76,2025-2026,BUDGET_DOCS
12018,Shi Yomi,AR,electricity,21.02,17.27,860.29,1294.35,2025-2026,BUDGET_DOCS
12018,Shi Yomi,AR,health,22.04,17.64,878.72,1632.95,2025-2026,BUDGET_DOCS
12019,Siang,AR,water,45.23,30.11,1400.07,2981.27,2025-2026,BUDGET_DOCS
12019,Siang,AR,roads,31.39,23.51,1093.18,2651.04,2025-2026,BUDGET_DOCS
12019,Siang,AR,sanitation,30.65,22.24,1034.13,2483.32,2025-2026,BUDGET_DOCS
12019,Siang,AR,electricity,56.65,47.07,2188.69,3158.6,2025-2026,BUDGET_DOCS
12019,Siang,AR,health,14.52,12.33,573.33,1545.86,2025-2026,BUDGET_DOCS
12020,Tawang,AR,water,38.15,28.94,1203.34,2685.86,2025-2026,BUDGET_DOCS
12020,Tawang,AR,roads,23.53,16.81,698.97,2033.97,2025-2026,BUDGET_DOCS
12020,Tawang,AR,sanitation,50.3,36.11,1501.47,3379.64,2025-2026,BUDGET_DOCS
12020,Tawang,AR,electricity,15.85,14.32,595.43,1516.4,2025-2026,BUDGET_DOCS
12020,Tawang,AR,health,25.73,23.17,963.42,1432.62,2025-2026,BUDGET_DOCS
12021,Tirap,AR,water,29.55,23.15,1094.25,2755.63,2025-2026,BUDGET_DOCS
12021,Tirap,AR,roads,28.92,22.69,1072.5,1855.33,2025-2026,BUDGET_DOCS
12021,Tirap,AR,sanitation,27.7,24.72,1168.46,2428.23,2025-2026,BUDGET_DOCS
12021,Tirap,AR,electricity,37.4,28.44,1344.29,2278.74,2025-2026,BUDGET_DOCS
12021,Tirap,AR,health,60.25,47.51,2245.69,3378.4,2025-2026,BUDGET_DOCS
12022,Upper Siang,AR,water,20.28,14.16,454.52,1486.76,2025-2026,BUDGET_DOCS
12022,Upper Siang,AR,roads,43.91,39.49,1267.57,2233.43,2025-2026,BUDGET_DOCS
12022,Upper Siang,AR,sanitation,35.59,31.85,1022.34,1410.94,2025-2026,BUDGET_DOCS
12022,Upper Siang,AR,electricity,82.5,63.89,2050.78,3234.65,2025-2026,BUDGET_DOCS
12022,Upper Siang,AR,health,37.39,28.64,919.3,2111.84,2025-2026,BUDGET_DOCS
12023,Upper Subansiri,AR,water,42.68,27.99,1385.08,2615.3,2025-2026,BUDGET_DOCS
12023,Upper Subansiri,AR,roads,16.02,14.93,738.81,1696.01,2025-2026,BUDGET_DOCS
12023,Upper Subansiri,AR,sanitation,31.03,27.39,1355.39,2600.42,2025-2026,BUDGET_DOCS
12023,Upper Subansiri,AR,electricity,16.05,11.58,573.03,1746.57,2025-2026,BUDGET_DOCS
12023,Upper Subansiri,AR,health,36.7,24.55,1214.85,2669.59,2025-2026,BUDGET_DOCS
12024,West Kameng,AR,water,53.17,43.24,1368.16,2029.39,2025-2026,BUDGET_DOCS
12024,West Kameng,AR,roads,59.76,39.21,1240.64,3008.75,2025-2026,BUDGET_DOCS
12024,West Kameng,AR,sanitation,42.55,32.6,1031.5,3208.66,2025-2026,BUDGET_DOCS
12024,West Kameng,AR,electricity,47.9,36.27,1147.62,2058.6,2025-2026,BUDGET_DOCS
12024,West Kameng,AR,health,21.78,18.45,583.78,1355.39,2025-2026,BUDGET_DOCS
12025,West Siang,AR,water,13.2,11.71,559.39,1285.06,2025-2026,BUDGET_DOCS
12025,West Siang,AR,roads,36.73,27.29,1303.65,3237.32,2025-2026,BUDGET_DOCS
12025,West Siang,AR,sanitation,33.97,26.9,1285.02,2115.92,2025-2026,BUDGET_DOCS
12025,West Siang,AR,electricity,18.58,13.67,653.02,1284.23,2025-2026,BUDGET_DOCS
12025,West Siang,AR,health,28.09,23.78,1135.98,3182.92,2025-2026,BUDGET_DOCS
12026,Itanagar Capital Complex,AR,water,24.48,21.95,831.16,1381.53,2025-2026,BUDGET_DOCS
12026,Itanagar Capital Complex,AR,roads,35.3,23.79,900.84,2454.59,2025-2026,BUDGET_DOCS
12026,Itanagar Capital Complex,AR,sanitation,38.64,32.1,1215.5,2720.11,2025-2026,BUDGET_DOCS
12026,Itanagar Capital Complex,AR,electricity,40.9,30.9,1170.06,2180.07,2025-2026,BUDGET_DOCS
12026,Itanagar Capital Complex,AR,health,27.12,20.5,776.26,1297.42,2025-2026,BUDGET_DOCS
18001,Baksa,AS,water,398.63,304.89,1291.99,2990.59,2025-2026,BUDGET_DOCS
18001,Baksa,AS,roads,397.37,339.24,1437.55,2504.66,2025-2026,BUDGET_DOCS
18001,Baksa,AS,sanitation,452.89,398.06,1686.8,3382.29,2025-2026,BUDGET_DOCS
18001,Baksa,AS,electricity,379.56,292.04,1237.54,2520.02,2025-2026,BUDGET_DOCS
18001,Baksa,AS,health,325.71,222.8,944.13,2693.99,2025-2026,BUDGET_DOCS
18002,Barpeta,AS,water,175.58,137.94,912.56,1482.07,2025-2026,BUDGET_DOCS
18002,Barpeta,AS,roads,296.44,200.49,1326.37,3266.96,2025-2026,BUDGET_DOCS
18002,Barpeta,AS,sanitation,326.61,243.61,1611.63,2768.44,2025-2026,BUDGET_DOCS
18002,Barpeta,AS,electricity,129.7,105.4,697.29,1999.08,2025-2026,BUDGET_DOCS
18002,Barpeta,AS,health,384.72,332.22,2197.85,3250.06,2025-2026,BUDGET_DOCS
18003,Biswanath,AS,water,270.54,200.95,849.86,2607.48,2025-2026,BUDGET_DOCS
18003,Biswanath,AS,roads,598.58,483.48,2044.74,3499.07,2025-2026,BUDGET_DOCS
18003,Biswanath,AS,sanitation,540.92,363.57,1537.62,2969.08,2025-2026,BUDGET_DOCS
18003,Biswanath,AS,electricity,559.89,439.51,1858.79,3436.47,2025-2026,BUDGET_DOCS
18003,Biswanath,AS,health,362.77,331.35,1401.35,2764.25,2025-2026,BUDGET_DOCS
18004,Bongaigaon,AS,water,136.64,92.05,851.05,2393.46,2025-2026,BUDGET_DOCS
18004,Bongaigaon,AS,roads,148.32,108.62,1004.25,1651.49,2025-2026,BUDGET_DOCS
18004,Bongaigaon,AS,sanitation,192.99,130.85,1209.78,2637.55,2025-2026,BUDGET_DOCS
18004,Bongaigaon,AS,electricity,192.73,158.85,1468.65,2674.27,2025-2026,BUDGET_DOCS
18004,Bongaigaon,AS,health,117.39,108.07,999.16,1593.76,2025-2026,BUDGET_DOCS
18005,Cachar,AS,water,132.98,98.49,1252.43,2454.83,2025-2026,BUDGET_DOCS
18005,Cachar,AS,roads,105.84,81.69,1038.8,1763.22,2025-2026,BUDGET_DOCS
18005,Cachar,AS,sanitation,125.22,87.33,1110.52,2243.15,2025-2026,BUDGET_DOCS
18005,Cachar,AS,electricity,103.25,77.65,987.42,2155.93,2025-2026,BUDGET_DOCS
18005,Cachar,AS,health,94.8,70.7,899.05,1530.44,2025-2026,BUDGET_DOCS
18006,Charaideo,AS,water,276.69,254.75,1658.35,2161.71,2025-2026,BUDGET_DOCS
18006,Charaideo,AS,roads,386.93,335.21,2182.12,3071.0,2025-2026,BUDGET_DOCS
18006,Charaideo,AS,sanitation,118.59,112.52,732.47,1636.62,2025-2026,BUDGET_DOCS
18006,Charaideo,AS,electricity,277.88,222.08,1445.67,2273.67,2025-2026,BUDGET_DOCS
18006,Charaideo,AS,health,124.71,98.17,639.06,1407.11,2025-2026,BUDGET_DOCS
18007,Chirang,AS,water,71.73,47.73,595.11,2127.48,2025-2026,BUDGET_DOCS
18007,Chirang,AS,roads,112.56,82.91,1033.74,2492.18,2025-2026,BUDGET_DOCS
18007,Chirang,AS,sanitation,100.95,82.27,1025.76,2088.6,2025-2026,BUDGET_DOCS
18007,Chirang,AS,electricity,169.09,140.9,1756.76,3098.22,2025-2026,BUDGET_DOCS
18007,Chirang,AS,health,53.21,40.54,505.46,1495.93,2025-2026,BUDGET_DOCS
18008,Darrang,AS,water,182.8,136.29,929.21,1521.5,2025-2026,BUDGET_DOCS
18008,Darrang,AS,roads,209.03,188.71,1286.6,2103.8,2025-2026,BUDGET_DOCS
18008,Darrang,AS,sanitation,236.43,189.83,1294.24,2565.57,2025-2026,BUDGET_DOCS
18008,Darrang,AS,electricity,222.95,176.68,1204.58,2326.65,2025-2026,BUDGET_DOCS
18008,Darrang,AS,health,99.72,68.1,464.3,1238.26,2025-2026,BUDGET_DOCS
18009,Dhemaji,AS,water,324.8,277.45,1249.15,3134.68,2025-2026,BUDGET_DOCS
18009,Dhemaji,AS,roads,233.67,159.59,718.51,1272.61,2025-2026,BUDGET_DOCS
18009,Dhemaji,AS,sanitation,149.47,103.95,468.01,1243.56,2025-2026,BUDGET_DOCS
18009,Dhemaji,AS,electricity,362.07,319.52,1438.56,2788.15,2025-2026,BUDGET_DOCS
18009,Dhemaji,AS,health,584.1,508.61,2289.89,3317.2,2025-2026,BUDGET_DOCS
18010,Dhubri,AS,water,256.15,228.25,2011.32,3195.61,2025-2026,BUDGET_DOCS
18010,Dhubri,AS,roads,126.78,118.82,1047.03,1808.03,2025-2026,BUDGET_DOCS
18010,Dhubri,AS,sanitation,111.68,104.14,917.67,1841.71,2025-2026,BUDGET_DOCS
18010,Dhubri,AS,electricity,293.25,252.63,2226.15,3459.2,2025-2026,BUDGET_DOCS
18010,Dhubri,AS,health,196.15,155.73,1372.28,2787.55,2025-2026,BUDGET_DOCS
18011,Dibrugarh,AS,water,264.75,192.46,869.51,1996.64,2025-2026,BUDGET_DOCS
18011,Dibrugarh,AS,roads,250.13,203.0,917.12,2301.88,2025-2026,BUDGET_DOCS
18011,Dibrugarh,AS,sanitation,528.26,365.12,1649.56,3345.96,2025-2026,BUDGET_DOCS
18011,Dibrugarh,AS,electricity,384.53,277.91,1255.56,2616.06,2025-2026,BUDGET_DOCS
18011,Dibrugarh,AS,health,387.61,326.13,1473.41,2740.62,2025-2026,BUDGET_DOCS
18012,Dima Hasao,AS,water,295.16,272.25,1235.03,1938.69,2025-2026,BUDGET_DOCS
18012,Dima Hasao,AS,roads,204.02,165.37,750.18,1405.76,2025-2026,BUDGET_DOCS
18012,Dima Hasao,AS,sanitation,518.5,479.08,2173.28,2863.17,2025-2026,BUDGET_DOCS
18012,Dima Hasao,AS,electricity,281.58,197.88,897.66,1602.65,2025-2026,BUDGET_DOCS
18012,Dima Hasao,AS,health,620.25,477.03,2163.98,3315.16,2025-2026,BUDGET_DOCS
18013,Goalpara,AS,water,144.83,99.03,757.66,2276.45,2025-2026,BUDGET_DOCS
18013,Goalpara,AS,roads,124.76,90.72,694.08,1573.74,2025-2026,BUDGET_DOCS
18013,Goalpara,AS,sanitation,155.67,138.12,1056.73,1628.26,2025-2026,BUDGET_DOCS
18013,Goalpara,AS,electricity,242.63,170.48,1304.31,2505.9,2025-2026,BUDGET_DOCS
18013,Goalpara,AS,health,332.9,298.98,2287.43,3169.14,2025-2026,BUDGET_DOCS
18014,Golaghat,AS,water,179.06,153.6,730.2,1226.3,2025-2026,BUDGET_DOCS
18014,Golaghat,AS,roads,128.02,95.0,451.62,1342.89,2025-2026,BUDGET_DOCS
18014,Golaghat,AS,sanitation,280.86,257.98,1226.41,2132.46,2025-2026,BUDGET_DOCS
18014,Golaghat,AS,electricity,320.08,219.33,1042.68,2818.18,2025-2026,BUDGET_DOCS
18014,Golaghat,AS,health,370.62,309.24,1470.1,3307.1,2025-2026,BUDGET_DOCS
18015,Hailakandi,AS,water,195.71,158.22,1549.27,3010.95,2025-2026,BUDGET_DOCS
18015,Hailakandi,AS,roads,168.67,115.31,1129.1,2032.11,2025-2026,BUDGET_DOCS
18015,Hailakandi,AS,sanitation,255.77,181.76,1779.77,3106.18,2025-2026,BUDGET_DOCS
18015,Hailakandi,AS,electricity,117.85,106.81,1045.87,2434.32,2025-2026,BUDGET_DOCS
18015,Hailakandi,AS,health,159.82,138.26,1353.83,2216.23,2025-2026,BUDGET_DOCS
18016,Hojai,AS,water,120.34,93.52,572.25,1701.17,2025-2026,BUDGET_DOCS
18016,Hojai,AS,roads,295.61,197.49,1208.45,2810.89,2025-2026,BUDGET_DOCS
18016,Hojai,AS,sanitation,449.07,355.49,2175.26,3256.7,2025-2026,BUDGET_DOCS
18016,Hojai,AS,electricity,146.23,100.99,617.96,1860.31,2025-2026,BUDGET_DOCS
18016,Hojai,AS,health,318.39,299.01,1829.65,2675.51,2025-2026,BUDGET_DOCS
18017,Jorhat,AS,water,439.18,385.1,2347.24,3451.07,2025-2026,BUDGET_DOCS
18017,Jorhat,AS,roads,344.39,298.15,1817.27,3450.53,2025-2026,BUDGET_DOCS
18017,Jorhat,AS,sanitation,203.69,146.43,892.51,2175.49,2025-2026,BUDGET_DOCS
18017,Jorhat,AS,electricity,174.15,123.04,749.95,2259.44,2025-2026,BUDGET_DOCS
18017,Jorhat,AS,health,392.44,258.88,1577.91,3212.98,2025-2026,BUDGET_DOCS
18018,Kamrup,AS,water,94.5,68.06,928.75,1522.31,2025-2026,BUDGET_DOCS
18018,Kamrup,AS,roads,159.8,131.55,1795.14,3307.71,2025-2026,BUDGET_DOCS
18018,Kamrup,AS,sanitation,167.6,120.85,1649.13,2976.84,2025-2026,BUDGET_DOCS
18018,Kamrup,AS,electricity,198.77,160.28,2187.19,3215.39,2025-2026,BUDGET_DOCS
18018,Kamrup,AS,health,82.58,67.47,920.7,2151.19,2025-2026,BUDGET_DOCS
18019,Kamrup Metropolitan,AS,water,191.1,141.46,1325.43,2289.09,2025-2026,BUDGET_DOCS
18019,Kamrup Metropolitan,AS,roads,230.13,212.74,1993.29,2827.43,2025-2026,BUDGET_DOCS
18019,Kamrup Metropolitan,AS,sanitation,222.35,181.7,1702.46,2493.49,2025-2026,BUDGET_DOCS
18019,Kamrup Metropolitan,AS,electricity,81.99,58.29,546.15,1508.41,2025-2026,BUDGET_DOCS
18019,Kamrup Metropolitan,AS,health,233.76,211.35,1980.27,2687.42,2025-2026,BUDGET_DOCS
18020,Karbi Anglong,AS,water,179.53,117.52,1068.88,1965.82,2025-2026,BUDGET_DOCS
18020,Karbi Anglong,AS,roads,307.29,210.55,1915.02,3355.47,2025-2026,BUDGET_DOCS
18020,Karbi Anglong,AS,sanitation,236.79,171.15,1556.66,3499.02,2025-2026,BUDGET_DOCS
18020,Karbi Anglong,AS,electricity,140.12,129.55,1178.3,2590.12,2025-2026,BUDGET_DOCS
18020,Karbi Anglong,AS,health,203.38,155.42,1413.59,2469.78,2025-2026,BUDGET_DOCS
18021,Karimganj,AS,water,147.72,120.54,965.45,2904.88,2025-2026,BUDGET_DOCS
18021,Karimganj,AS,roads,229.9,169.79,1359.91,2543.27,2025-2026,BUDGET_DOCS
18021,Karimganj,AS,sanitation,103.8,85.21,682.48,1651.24,2025-2026,BUDGET_DOCS
18021,Karimganj,AS,electricity,142.77,133.21,1066.93,1765.18,2025-2026,BUDGET_DOCS
18021,Karimganj,AS,health,183.47,146.15,1170.57,1976.4,2025-2026,BUDGET_DOCS
18022,Kokrajhar,AS,water,175.48,116.62,699.82,1370.96,2025-2026,BUDGET_DOCS
18022,Kokrajhar,AS,roads,93.49,78.46,470.83,1214.68,2025-2026,BUDGET_DOCS
18022,Kokrajhar,AS,sanitation,105.77,75.69,454.21,1356.33,2025-2026,BUDGET_DOCS
18022,Kokrajhar,AS,electricity,160.09,134.69,808.26,2248.82,2025-2026,BUDGET_DOCS
18022,Kokrajhar,AS,health,452.32,383.47,2301.15,3347.98,2025-2026,BUDGET_DOCS
18023,Lakhimpur,AS,water,191.16,159.8,1022.63,2406.09,2025-2026,BUDGET_DOCS
18023,Lakhimpur,AS,roads,155.67,138.31,885.11,1780.56,2025-2026,BUDGET_DOCS
18023,Lakhimpur,AS,sanitation,179.57,141.45,905.2,1381.74,2025-2026,BUDGET_DOCS
18023,Lakhimpur,AS,electricity,196.23,145.21,929.26,1759.38,2025-2026,BUDGET_DOCS
18023,Lakhimpur,AS,health,211.65,200.54,1283.34,3104.54,2025-2026,BUDGET_DOCS
18024,Majuli,AS,water,410.85,295.37,1905.7,3258.02,2025-2026,BUDGET_DOCS
18024,Majuli,AS,roads,360.95,295.99,1909.7,3272.93,2025-2026,BUDGET_DOCS
18024,Majuli,AS,sanitation,230.59,197.23,1272.51,1823.52,2025-2026,BUDGET_DOCS
18024,Majuli,AS,electricity,184.25,156.14,1007.4,1844.86,2025-2026,BUDGET_DOCS
18024,Majuli,AS,health,195.62,128.07,826.3,1612.52,2025-2026,BUDGET_DOCS
18025,Morigaon,AS,water,553.35,442.81,2017.67,3473.5,2025-2026,BUDGET_DOCS
18025,Morigaon,AS,roads,320.32,250.21,1140.08,3440.94,2025-2026,BUDGET_DOCS
18025,Morigaon,AS,sanitation,379.93,334.6,1524.61,3128.95,2025-2026,BUDGET_DOCS
18025,Morigaon,AS,electricity,431.19,380.34,1733.02,3396.17,2025-2026,BUDGET_DOCS
18025,Morigaon,AS,health,145.56,137.96,628.62,1268.14,2025-2026,BUDGET_DOCS
18026,Nagaon,AS,water,234.09,159.64,1073.33,2901.21,2025-2026,BUDGET_DOCS
18026,Nagaon,AS,roads,97.11,73.61,494.91,1211.95,2025-2026,BUDGET_DOCS
18026,Nagaon,AS,sanitation,124.45,87.89,590.93,1820.46,2025-2026,BUDGET_DOCS
18026,Nagaon,AS,electricity,215.69,166.6,1120.13,2232.34,2025-2026,BUDGET_DOCS
18026,Nagaon,AS,health,104.84,71.07,477.84,1260.4,2025-2026,BUDGET_DOCS
18027,Nalbari,AS,water,177.48,118.73,787.39,1892.6,2025-2026,BUDGET_DOCS
18027,Nalbari,AS,roads,195.54,155.51,1031.3,2199.76,2025-2026,BUDGET_DOCS
18027,Nalbari,AS,sanitation,106.57,77.15,511.64,1376.92,2025-2026,BUDGET_DOCS
18027,Nalbari,AS,electricity,265.36,188.05,1247.1,2637.58,2025-2026,BUDGET_DOCS
18027,Nalbari,AS,health,117.11,109.46,725.91,1446.04,2025-2026,BUDGET_DOCS
18028,Sivasagar,AS,water,337.22,283.22,1186.87,1934.02,2025-2026,BUDGET_DOCS
18028,Sivasagar,AS,roads,614.67,459.63,1926.14,3425.86,2025-2026,BUDGET_DOCS
18028,Sivasagar,AS,sanitation,331.75,251.97,1055.92,1844.69,2025-2026,BUDGET_DOCS
18028,Sivasagar,AS,electricity,390.9,371.03,1554.85,3343.75,2025-2026,BUDGET_DOCS
18028,Sivasagar,AS,health,287.07,188.91,791.65,1613.83,2025-2026,BUDGET_DOCS
18029,Sonitpur,AS,water,141.84,117.64,1032.23,2067.08,2025-2026,BUDGET_DOCS
18029,Sonitpur,AS,roads,185.34,171.82,1507.64,2539.16,2025-2026,BUDGET_DOCS
18029,Sonitpur,AS,sanitation,214.54,141.82,1244.4,3200.16,2025-2026,BUDGET_DOCS
18029,Sonitpur,AS,electricity,279.57,249.85,2192.31,3427.38,2025-2026,BUDGET_DOCS
18029,Sonitpur,AS,health,237.29,162.02,1421.65,2565.79,2025-2026,BUDGET_DOCS
18030,South Salmara-Mankachar,AS,water,74.81,65.39,623.45,1426.8,2025-2026,BUDGET_DOCS
18030,South Salmara-Mankachar,AS,roads,184.79,132.37,1262.06,2483.38,2025-2026,BUDGET_DOCS
18030,South Salmara-Mankachar,AS,sanitation,131.48,112.27,1070.42,2060.48,2025-2026,BUDGET_DOCS
18030,South Salmara-Mankachar,AS,electricity,136.8,129.87,1238.23,2788.01,2025-2026,BUDGET_DOCS
18030,South Salmara-Mankachar,AS,health,129.14,119.6,1140.31,2310.37,2025-2026,BUDGET_DOCS
18031,Tinsukia,AS,water,259.43,195.33,875.43,2834.79,2025-2026,BUDGET_DOCS
18031,Tinsukia,AS,roads,246.15,228.67,1024.86,1451.53,2025-2026,BUDGET_DOCS
18031,Tinsukia,AS,sanitation,409.51,333.99,1496.88,2903.13,2025-2026,BUDGET_DOCS
18031,Tinsukia,AS,electricity,259.0,204.25,915.41,1961.28,2025-2026,BUDGET_DOCS
18031,Tinsukia,AS,health,462.76,326.67,1464.08,3034.84,2025-2026,BUDGET_DOCS
18032,Udalguri,AS,water,200.18,157.59,701.52,1630.01,2025-2026,BUDGET_DOCS
18032,Udalguri,AS,roads,319.31,258.1,1148.94,1803.41,2025-2026,BUDGET_DOCS
18032,Udalguri,AS,sanitation,401.04,334.22,1487.79,2669.95,2025-2026,BUDGET_DOCS
18032,Udalguri,AS,electricity,318.83,288.11,1282.53,2550.11,2025-2026,BUDGET_DOCS
18032,Udalguri,AS,health,450.93,388.61,1729.91,2619.93,2025-2026,BUDGET_DOCS
18033,West Karbi Anglong,AS,water,166.35,140.33,1598.77,2661.65,2025-2026,BUDGET_DOCS
18033,West Karbi Anglong,AS,roads,199.58,159.04,1811.93,3499.77,2025-2026,BUDGET_DOCS
18033,West Karbi Anglong,AS,sanitation,72.38,56.84,647.57,1522.68,2025-2026,BUDGET_DOCS
18033,West Karbi Anglong,AS,electricity,65.23,42.59,485.23,1323.31,2025-2026,BUDGET_DOCS
18033,West Karbi Anglong,AS,health,101.91,95.71,1090.42,1514.03,2025-2026,BUDGET_DOCS
18034,Bajali,AS,water,353.1,310.65,1454.41,2251.84,2025-2026,BUDGET_DOCS
18034,Bajali,AS,roads,237.36,162.42,760.42,2464.37,2025-2026,BUDGET_DOCS
18034,Bajali,AS,sanitation,490.86,373.08,1746.7,2982.76,2025-2026,BUDGET_DOCS
18034,Bajali,AS,electricity,276.54,239.4,1120.83,3092.01,2025-2026,BUDGET_DOCS
18034,Bajali,AS,health,443.59,301.96,1413.73,2456.61,2025-2026,BUDGET_DOCS
18035,Tamulpur,AS,water,191.28,160.64,1212.98,2006.45,2025-2026,BUDGET_DOCS
18035,Tamulpur,AS,roads,96.92,69.01,521.09,1581.76,2025-2026,BUDGET_DOCS
18035,Tamulpur,AS,sanitation,94.71,71.53,540.12,1675.97,2025-2026,BUDGET_DOCS
18035,Tamulpur,AS,electricity,157.1,117.37,886.25,1846.5,2025-2026,BUDGET_DOCS
18035,Tamulpur,AS,health,197.96,144.55,1091.49,2819.32,2025-2026,BUDGET_DOCS
10001,Araria,BR,water,332.46,264.92,1656.37,2951.39,2025-2026,BUDGET_DOCS
10001,Araria,BR,roads,210.63,163.08,1019.63,2528.08,2025-2026,BUDGET_DOCS
10001,Araria,BR,sanitation,245.41,224.31,1402.46,2239.58,2025-2026,BUDGET_DOCS
10001,Araria,BR,electricity,142.95,104.85,655.56,1414.12,2025-2026,BUDGET_DOCS
10001,Araria,BR,health,303.63,283.92,1775.16,3353.57,2025-2026,BUDGET_DOCS
10002,Arwal,BR,water,190.42,131.23,825.0,1852.26,2025-2026,BUDGET_DOCS
10002,Arwal,BR,roads,379.44,348.42,2190.41,3160.57,2025-2026,BUDGET_DOCS
10002,Arwal,BR,sanitation,197.61,165.57,1040.89,2953.18,2025-2026,BUDGET_DOCS
10002,Arwal,BR,electricity,202.44,188.03,1182.08,3124.42,2025-2026,BUDGET_DOCS
10002,Arwal,BR,health,150.56,142.66,896.86,1563.36,2025-2026,BUDGET_DOCS
10003,Aurangabad,BR,water,238.43,171.73,979.48,1902.67,2025-2026,BUDGET_DOCS
10003,Aurangabad,BR,roads,340.22,221.25,1261.92,2707.62,2025-2026,BUDGET_DOCS
10003,Aurangabad,BR,sanitation,185.11,132.88,757.89,2296.66,2025-2026,BUDGET_DOCS
10003,Aurangabad,BR,electricity,195.87,168.19,959.29,2763.96,2025-2026,BUDGET_DOCS
10003,Aurangabad,BR,health,456.03,354.2,2020.21,3079.35,2025-2026,BUDGET_DOCS
10004,Banka,BR,water,274.3,231.79,825.84,2420.17,2025-2026,BUDGET_DOCS
10004,Banka,BR,roads,450.22,377.48,1344.92,2212.23,2025-2026,BUDGET_DOCS
10004,Banka,BR,sanitation,254.31,217.68,775.57,1548.16,2025-2026,BUDGET_DOCS
10004,Banka,BR,electricity,391.57,266.32,948.87,3177.91,2025-2026,BUDGET_DOCS
10004,Banka,BR,health,547.24,418.75,1491.96,2930.62,2025-2026,BUDGET_DOCS
10005,Begusarai,BR,water,312.1,230.54,1290.46,2371.9,2025-2026,BUDGET_DOCS
10005,Begusarai,BR,roads,190.4,178.29,997.99,1325.51,2025-2026,BUDGET_DOCS
10005,Begusarai,BR,sanitation,188.28,150.6,842.99,2338.24,2025-2026,BUDGET_DOCS
10005,Begusarai,BR,electricity,292.35,275.78,1543.7,2566.04,2025-2026,BUDGET_DOCS
10005,Begusarai,BR,health,508.47,350.64,1962.73,3469.83,2025-2026,BUDGET_DOCS
10006,Bhagalpur,BR,water,441.35,353.22,1292.59,2365.2,2025-2026,BUDGET_DOCS
10006,Bhagalpur,BR,roads,421.63,284.49,1041.08,2155.49,2025-2026,BUDGET_DOCS
10006,Bhagalpur,BR,sanitation,450.46,330.3,1208.72,2434.1,2025-2026,BUDGET_DOCS
10006,Bhagalpur,BR,electricity,329.34,234.15,856.86,1912.79,2025-2026,BUDGET_DOCS
10006,Bhagalpur,BR,health,536.06,411.28,1505.06,3058.54,2025-2026,BUDGET_DOCS
10007,Bhojpur,BR,water,194.63,167.84,1136.12,2903.51,2025-2026,BUDGET_DOCS
10007,Bhojpur,BR,roads,196.9,184.28,1247.41,2813.45,2025-2026,BUDGET_DOCS
10007,Bhojpur,BR,sanitation,267.07,231.34,1565.96,2402.91,2025-2026,BUDGET_DOCS
10007,Bhojpur,BR,electricity,106.97,94.6,640.35,1584.01,2025-2026,BUDGET_DOCS
10007,Bhojpur,BR,health,214.58,189.14,1280.3,1818.16,2025-2026,BUDGET_DOCS
10008,Buxar,BR,water,221.37,191.89,819.77,1436.68,2025-2026,BUDGET_DOCS
10008,Buxar,BR,roads,254.02,168.47,719.72,1725.33,2025-2026,BUDGET_DOCS
10008,Buxar,BR,sanitation,380.23,300.96,1285.73,3184.74,2025-2026,BUDGET_DOCS
10008,Buxar,BR,electricity,227.73,211.64,904.15,2080.85,2025-2026,BUDGET_DOCS
10008,Buxar,BR,health,481.75,445.23,1902.07,3172.22,2025-2026,BUDGET_DOCS
10009,Darbhanga,BR,water,373.04,294.53,1155.14,3394.38,2025-2026,BUDGET_DOCS
10009,Darbhanga,BR,roads,367.87,275.24,1079.48,1849.31,2025-2026,BUDGET_DOCS
10009,Darbhanga,BR,sanitation,254.39,180.67,708.58,2472.11,2025-2026,BUDGET_DOCS
10009,Darbhanga,BR,electricity,341.7,285.94,1121.45,2496.76,2025-2026,BUDGET_DOCS
10009,Darbhanga,BR,health,385.12,307.33,1205.34,2267.03,2025-2026,BUDGET_DOCS
10010,East Champaran,BR,water,528.12,392.0,1122.43,2065.43,2025-2026,BUDGET_DOCS
10010,East Champaran,BR,roads,491.89,381.68,1092.88,1671.95,2025-2026,BUDGET_DOCS
10010,East Champaran,BR,sanitation,997.79,691.18,1979.08,3410.73,2025-2026,BUDGET_DOCS
10010,East Champaran,BR,electricity,270.27,194.44,556.75,1843.6,2025-2026,BUDGET_DOCS
10010,East Champaran,BR,health,643.44,591.11,1692.54,3144.66,2025-2026,BUDGET_DOCS
10011,Gaya,BR,water,592.32,442.98,1218.34,2103.79,2025-2026,BUDGET_DOCS
10011,Gaya,BR,roads,411.64,384.09,1056.37,2241.34,2025-2026,BUDGET_DOCS
10011,Gaya,BR,sanitation,410.71,280.39,771.16,1513.06,2025-2026,BUDGET_DOCS
10011,Gaya,BR,electricity,316.01,235.18,646.82,1443.01,2025-2026,BUDGET_DOCS
10011,Gaya,BR,health,301.54,265.69,730.74,1477.69,2025-2026,BUDGET_DOCS
10012,Gopalganj,BR,water,119.47,107.05,628.61,1312.59,2025-2026,BUDGET_DOCS
10012,Gopalganj,BR,roads,225.71,204.58,1201.32,1599.9,2025-2026,BUDGET_DOCS
10012,Gopalganj,BR,sanitation,273.34,185.44,1088.93,2478.69,2025-2026,BUDGET_DOCS
10012,Gopalganj,BR,electricity,184.96,126.96,745.53,1434.39,2025-2026,BUDGET_DOCS
10012,Gopalganj,BR,health,171.71,123.06,722.63,1341.84,2025-2026,BUDGET_DOCS
10013,Jamui,BR,water,189.57,126.1,812.25,1481.81,2025-2026,BUDGET_DOCS
10013,Jamui,BR,roads,307.15,266.4,1715.96,3325.5,2025-2026,BUDGET_DOCS
10013,Jamui,BR,sanitation,207.98,161.81,1042.26,2341.09,2025-2026,BUDGET_DOCS
10013,Jamui,BR,electricity,252.88,185.23,1193.12,2014.07,2025-2026,BUDGET_DOCS
10013,Jamui,BR,health,161.33,134.59,866.93,2225.83,2025-2026,BUDGET_DOCS
10014,Jehanabad,BR,water,234.51,202.62,615.4,1244.92,2025-2026,BUDGET_DOCS
10014,Jehanabad,BR,roads,570.01,429.34,1303.99,2303.27,2025-2026,BUDGET_DOCS
10014,Jehanabad,BR,sanitation,448.55,327.95,996.05,2501.0,2025-2026,BUDGET_DOCS
10014,Jehanabad,BR,electricity,277.4,182.75,555.05,1259.94,2025-2026,BUDGET_DOCS
10014,Jehanabad,BR,health,531.17,474.12,1440.0,3064.59,2025-2026,BUDGET_DOCS
10015,Kaimur,BR,water,725.82,675.42,1850.76,3460.13,2025-2026,BUDGET_DOCS
10015,Kaimur,BR,roads,607.37,437.89,1199.89,3480.55,2025-2026,BUDGET_DOCS
10015,Kaimur,BR,sanitation,516.06,390.99,1071.37,1931.41,2025-2026,BUDGET_DOCS
10015,Kaimur,BR,electricity,669.6,505.89,1386.22,2560.59,2025-2026,BUDGET_DOCS
10015,Kaimur,BR,health,424.23,396.45,1086.33,2505.6,2025-2026,BUDGET_DOCS
10016,Katihar,BR,water,399.57,363.79,1114.37,1608.16,2025-2026,BUDGET_DOCS
10016,Katihar,BR,roads,203.6,175.38,537.23,1336.98,2025-2026,BUDGET_DOCS
10016,Katihar,BR,sanitation,224.1,181.05,554.59,1525.8,2025-2026,BUDGET_DOCS
10016,Katihar,BR,electricity,288.02,248.09,759.95,2039.25,2025-2026,BUDGET_DOCS
10016,Katihar,BR,health,589.98,443.06,1357.19,2722.92,2025-2026,BUDGET_DOCS
10017,Khagaria,BR,water,410.19,282.29,930.93,1905.69,2025-2026,BUDGET_DOCS
10017,Khagaria,BR,roads,721.27,674.11,2223.06,2876.31,2025-2026,BUDGET_DOCS
10017,Khagaria,BR,sanitation,539.81,507.18,1672.56,2100.68,2025-2026,BUDGET_DOCS
10017,Khagaria,BR,electricity,259.35,240.24,792.25,1274.48,2025-2026,BUDGET_DOCS
10017,Khagaria,BR,health,518.72,425.18,1402.14,3425.32,2025-2026,BUDGET_DOCS
10018,Kishanganj,BR,water,237.87,210.78,1380.95,2794.3,2025-2026,BUDGET_DOCS
10018,Kishanganj,BR,roads,183.88,143.7,941.47,2856.95,2025-2026,BUDGET_DOCS
10018,Kishanganj,BR,sanitation,156.93,121.5,796.02,2165.2,2025-2026,BUDGET_DOCS
10018,Kishanganj,BR,electricity,274.96,209.69,1373.81,3228.07,2025-2026,BUDGET_DOCS
10018,Kishanganj,BR,health,357.93,294.73,1930.95,3106.26,2025-2026,BUDGET_DOCS
10019,Lakhisarai,BR,water,291.86,243.44,787.11,1414.14,2025-2026,BUDGET_DOCS
10019,Lakhisarai,BR,roads,295.78,275.88,892.0,2310.29,2025-2026,BUDGET_DOCS
10019,Lakhisarai,BR,sanitation,391.0,272.58,881.33,1579.49,2025-2026,BUDGET_DOCS
10019,Lakhisarai,BR,electricity,218.26,154.31,498.93,1432.89,2025-2026,BUDGET_DOCS
10019,Lakhisarai,BR,health,628.57,546.22,1766.08,2803.55,2025-2026,BUDGET_DOCS
10020,Madhepura,BR,water,131.89,97.27,442.87,1259.19,2025-2026,BUDGET_DOCS
10020,Madhepura,BR,roads,237.77,176.55,803.83,1388.45,2025-2026,BUDGET_DOCS
10020,Madhepura,BR,sanitation,287.94,244.26,1112.12,2114.17,2025-2026,BUDGET_DOCS
10020,Madhepura,BR,electricity,199.65,140.85,641.29,1409.61,2025-2026,BUDGET_DOCS
10020,Madhepura,BR,health,402.52,315.47,1436.34,3236.63,2025-2026,BUDGET_DOCS
10021,Madhubani,BR,water,517.39,401.28,1867.35,3133.83,2025-2026,BUDGET_DOCS
10021,Madhubani,BR,roads,412.87,327.18,1522.53,2431.68,2025-2026,BUDGET_DOCS
10021,Madhubani,BR,sanitation,426.11,287.06,1335.83,3227.8,2025-2026,BUDGET_DOCS
10021,Madhubani,BR,electricity,507.94,406.67,1892.43,3276.39,2025-2026,BUDGET_DOCS
10021,Madhubani,BR,health,534.36,455.95,2121.76,3271.05,2025-2026,BUDGET_DOCS
10022,Munger,BR,water,430.76,373.96,1212.81,2568.61,2025-2026,BUDGET_DOCS
10022,Munger,BR,roads,413.94,338.15,1096.68,3056.89,2025-2026,BUDGET_DOCS
10022,Munger,BR,sanitation,598.16,482.06,1563.4,2469.72,2025-2026,BUDGET_DOCS
10022,Munger,BR,electricity,413.86,355.97,1154.47,3309.47,2025-2026,BUDGET_DOCS
10022,Munger,BR,health,591.41,404.38,1311.47,2551.43,2025-2026,BUDGET_DOCS
10023,Muzaffarpur,BR,water,561.81,394.2,1081.8,2515.65,2025-2026,BUDGET_DOCS
10023,Muzaffarpur,BR,roads,525.62,449.01,1232.22,2126.84,2025-2026,BUDGET_DOCS
10023,Muzaffarpur,BR,sanitation,447.43,408.81,1121.89,2123.96,2025-2026,BUDGET_DOCS
10023,Muzaffarpur,BR,electricity,428.93,339.96,932.95,2788.18,2025-2026,BUDGET_DOCS
10023,Muzaffarpur,BR,health,375.96,282.48,775.21,1817.74,2025-2026,BUDGET_DOCS
10024,Nalanda,BR,water,263.63,236.53,725.11,1632.25,2025-2026,BUDGET_DOCS
10024,Nalanda,BR,roads,702.71,639.58,1960.7,2904.17,2025-2026,BUDGET_DOCS
10024,Nalanda,BR,sanitation,636.56,444.12,1361.5,3088.34,2025-2026,BUDGET_DOCS
10024,Nalanda,BR,electricity,392.45,271.06,830.96,1915.58,2025-2026,BUDGET_DOCS
10024,Nalanda,BR,health,819.68,539.91,1655.15,3157.98,2025-2026,BUDGET_DOCS
10025,Nawada,BR,water,201.3,188.85,1309.91,2324.21,2025-2026,BUDGET_DOCS
10025,Nawada,BR,roads,214.11,161.28,1118.67,2291.54,2025-2026,BUDGET_DOCS
10025,Nawada,BR,sanitation,232.77,209.32,1451.89,3126.6,2025-2026,BUDGET_DOCS
10025,Nawada,BR,electricity,83.7,55.65,386.0,1407.9,2025-2026,BUDGET_DOCS
10025,Nawada,BR,health,342.52,244.66,1697.02,3163.79,2025-2026,BUDGET_DOCS
10026,Patna,BR,water,501.91,433.05,2094.97,3368.91,2025-2026,BUDGET_DOCS
10026,Patna,BR,roads,304.3,275.54,1332.98,1833.37,2025-2026,BUDGET_DOCS
10026,Patna,BR,sanitation,232.29,172.04,832.28,2255.7,2025-2026,BUDGET_DOCS
10026,Patna,BR,electricity,337.3,278.39,1346.77,2397.47,2025-2026,BUDGET_DOCS
10026,Patna,BR,health,213.75,200.91,971.95,1216.9,2025-2026,BUDGET_DOCS
10027,Purnia,BR,water,424.43,390.44,1057.97,1544.84,2025-2026,BUDGET_DOCS
10027,Purnia,BR,roads,857.35,711.61,1928.24,3052.49,2025-2026,BUDGET_DOCS
10027,Purnia,BR,sanitation,708.82,614.11,1664.05,2719.22,2025-2026,BUDGET_DOCS
10027,Purnia,BR,electricity,848.15,617.31,1672.72,2707.42,2025-2026,BUDGET_DOCS
10027,Purnia,BR,health,458.71,303.02,821.09,2162.7,2025-2026,BUDGET_DOCS
10028,Rohtas,BR,water,143.28,98.63,494.0,1616.61,2025-2026,BUDGET_DOCS
10028,Rohtas,BR,roads,273.7,240.55,1204.82,1794.9,2025-2026,BUDGET_DOCS
10028,Rohtas,BR,sanitation,228.46,171.5,858.98,1621.06,2025-2026,BUDGET_DOCS
10028,Rohtas,BR,electricity,157.1,137.19,687.13,1405.39,2025-2026,BUDGET_DOCS
10028,Rohtas,BR,health,287.22,215.24,1078.05,1906.3,2025-2026,BUDGET_DOCS
10029,Saharsa,BR,water,253.85,240.57,1420.12,3202.95,2025-2026,BUDGET_DOCS
10029,Saharsa,BR,roads,284.33,260.97,1540.54,1988.14,2025-2026,BUDGET_DOCS
10029,Saharsa,BR,sanitation,272.96,248.04,1464.22,3469.29,2025-2026,BUDGET_DOCS
10029,Saharsa,BR,electricity,119.37,89.5,528.33,1614.82,2025-2026,BUDGET_DOCS
10029,Saharsa,BR,health,317.97,212.21,1252.71,3469.27,2025-2026,BUDGET_DOCS
10030,Samastipur,BR,water,179.65,117.53,616.25,1658.65,2025-2026,BUDGET_DOCS
10030,Samastipur,BR,roads,286.89,202.88,1063.77,1941.09,2025-2026,BUDGET_DOCS
10030,Samastipur,BR,sanitation,358.55,259.82,1362.32,2756.52,2025-2026,BUDGET_DOCS
10030,Samastipur,BR,electricity,295.84,203.74,1068.28,2795.11,2025-2026,BUDGET_DOCS
10030,Samastipur,BR,health,264.04,184.86,969.28,2082.17,2025-2026,BUDGET_DOCS
10031,Saran,BR,water,258.88,224.75,928.79,2127.8,2025-2026,BUDGET_DOCS
10031,Saran,BR,roads,265.41,219.47,906.97,1501.77,2025-2026,BUDGET_DOCS
10031,Saran,BR,sanitation,217.19,183.56,758.57,1588.66,2025-2026,BUDGET_DOCS
10031,Saran,BR,electricity,247.21,179.66,742.45,1285.94,2025-2026,BUDGET_DOCS
10031,Saran,BR,health,248.05,235.25,972.18,2429.89,2025-2026,BUDGET_DOCS
10032,Sheikhpura,BR,water,182.21,151.54,1181.32,2723.71,2025-2026,BUDGET_DOCS
10032,Sheikhpura,BR,roads,150.43,102.51,799.11,1515.48,2025-2026,BUDGET_DOCS
10032,Sheikhpura,BR,sanitation,165.79,113.43,884.24,2853.16,2025-2026,BUDGET_DOCS
10032,Sheikhpura,BR,electricity,90.68,64.38,501.87,1444.41,2025-2026,BUDGET_DOCS
10032,Sheikhpura,BR,health,147.12,104.53,814.86,1804.89,2025-2026,BUDGET_DOCS
10033,Sheohar,BR,water,121.09,104.99,769.0,1407.19,2025-2026,BUDGET_DOCS
10033,Sheohar,BR,roads,100.78,72.5,531.03,1432.97,2025-2026,BUDGET_DOCS
10033,Sheohar,BR,sanitation,252.9,199.61,1462.05,3473.93,2025-2026,BUDGET_DOCS
10033,Sheohar,BR,electricity,93.41,61.82,452.8,1429.56,2025-2026,BUDGET_DOCS
10033,Sheohar,BR,health,194.04,144.33,1057.15,1868.3,2025-2026,BUDGET_DOCS
10034,Sitamarhi,BR,water,178.78,161.03,1156.43,2120.58,2025-2026,BUDGET_DOCS
10034,Sitamarhi,BR,roads,238.73,185.38,1331.3,2786.78,2025-2026,BUDGET_DOCS
10034,Sitamarhi,BR,sanitation,214.2,147.75,1061.06,3238.08,2025-2026,BUDGET_DOCS
10034,Sitamarhi,BR,electricity,336.47,303.94,2182.74,2870.75,2025-2026,BUDGET_DOCS
10034,Sitamarhi,BR,health,162.26,128.96,926.12,1438.54,2025-2026,BUDGET_DOCS
10035,Siwan,BR,water,365.63,295.23,784.34,1228.43,2025-2026,BUDGET_DOCS
10035,Siwan,BR,roads,794.98,570.16,1514.74,2910.33,2025-2026,BUDGET_DOCS
10035,Siwan,BR,sanitation,1014.24,817.2,2171.05,3398.25,2025-2026,BUDGET_DOCS
10035,Siwan,BR,electricity,710.44,554.04,1471.92,2782.96,2025-2026,BUDGET_DOCS
10035,Siwan,BR,health,666.7,566.1,1503.96,2871.3,2025-2026,BUDGET_DOCS
10036,Supaul,BR,water,513.67,368.2,1039.57,3431.33,2025-2026,BUDGET_DOCS
10036,Supaul,BR,roads,551.87,397.62,1122.63,2679.63,2025-2026,BUDGET_DOCS
10036,Supaul,BR,sanitation,607.71,476.71,1345.93,2255.92,2025-2026,BUDGET_DOCS
10036,Supaul,BR,electricity,675.02,462.8,1306.66,3170.16,2025-2026,BUDGET_DOCS
10036,Supaul,BR,health,576.17,392.25,1107.47,2343.96,2025-2026,BUDGET_DOCS
10037,Vaishali,BR,water,207.26,182.44,1519.43,3141.93,2025-2026,BUDGET_DOCS
10037,Vaishali,BR,roads,223.81,169.87,1414.75,2579.89,2025-2026,BUDGET_DOCS
10037,Vaishali,BR,sanitation,119.42,101.23,843.08,2240.82,2025-2026,BUDGET_DOCS
10037,Vaishali,BR,electricity,81.0,68.05,566.75,1205.05,2025-2026,BUDGET_DOCS
10037,Vaishali,BR,health,235.95,179.83,1497.7,3039.8,2025-2026,BUDGET_DOCS
10038,West Champaran,BR,water,277.29,257.32,788.03,1447.86,2025-2026,BUDGET_DOCS
10038,West Champaran,BR,roads,678.8,598.46,1832.75,3126.17,2025-2026,BUDGET_DOCS
10038,West Champaran,BR,sanitation,508.43,476.33,1458.73,2236.16,2025-2026,BUDGET_DOCS
10038,West Champaran,BR,electricity,307.84,249.08,762.79,1509.66,2025-2026,BUDGET_DOCS
10038,West Champaran,BR,health,351.61,317.03,970.89,1311.71,2025-2026,BUDGET_DOCS
22001,Balod,CG,water,306.32,240.72,2246.32,3416.27,2025-2026,BUDGET_DOCS
22001,Balod,CG,roads,94.58,81.34,759.04,1506.76,2025-2026,BUDGET_DOCS
22001,Balod,CG,sanitation,167.33,143.98,1343.57,2921.38,2025-2026,BUDGET_DOCS
22001,Balod,CG,electricity,245.45,228.43,2131.63,3179.63,2025-2026,BUDGET_DOCS
22001,Balod,CG,health,139.52,116.81,1090.03,2654.94,2025-2026,BUDGET_DOCS
22002,Baloda Bazar,CG,water,339.19,296.57,1405.5,2734.46,2025-2026,BUDGET_DOCS
22002,Baloda Bazar,CG,roads,349.74,316.23,1498.67,3135.2,2025-2026,BUDGET_DOCS
22002,Baloda Bazar,CG,sanitation,410.03,269.63,1277.83,3059.1,2025-2026,BUDGET_DOCS
22002,Baloda Bazar,CG,electricity,227.14,161.26,764.24,1534.25,2025-2026,BUDGET_DOCS
22002,Baloda Bazar,CG,health,291.62,214.63,1017.17,2925.43,2025-2026,BUDGET_DOCS
22003,Balrampur,CG,water,282.5,251.33,1169.91,1746.47,2025-2026,BUDGET_DOCS
22003,Balrampur,CG,roads,279.55,259.41,1207.52,1861.57,2025-2026,BUDGET_DOCS
22003,Balrampur,CG,sanitation,373.14,351.78,1637.49,2091.38,2025-2026,BUDGET_DOCS
22003,Balrampur,CG,electricity,267.34,174.81,813.72,1919.1,2025-2026,BUDGET_DOCS
22003,Balrampur,CG,health,259.46,229.43,1067.97,1778.08,2025-2026,BUDGET_DOCS
22004,Bastar,CG,water,204.9,156.37,770.62,1599.73,2025-2026,BUDGET_DOCS
22004,Bastar,CG,roads,288.47,198.76,979.52,2185.57,2025-2026,BUDGET_DOCS
22004,Bastar,CG,sanitation,265.64,199.01,980.76,2543.17,2025-2026,BUDGET_DOCS
22004,Bastar,CG,electricity,269.92,187.89,925.95,2832.29,2025-2026,BUDGET_DOCS
22004,Bastar,CG,health,166.65,154.94,763.57,1942.05,2025-2026,BUDGET_DOCS
22005,Bemetara,CG,water,121.89,87.03,503.42,1411.47,2025-2026,BUDGET_DOCS
22005,Bemetara,CG,roads,190.87,136.57,789.99,1963.33,2025-2026,BUDGET_DOCS
22005,Bemetara,CG,sanitation,323.65,307.14,1776.65,2931.11,2025-2026,BUDGET_DOCS
22005,Bemetara,CG,electricity,450.18,293.81,1699.54,3094.48,2025-2026,BUDGET_DOCS
22005,Bemetara,CG,health,284.32,261.96,1515.31,2738.56,2025-2026,BUDGET_DOCS
22006,Bijapur,CG,water,114.98,84.96,1084.19,2370.09,2025-2026,BUDGET_DOCS
22006,Bijapur,CG,roads,115.07,77.64,990.78,2698.51,2025-2026,BUDGET_DOCS
22006,Bijapur,CG,sanitation,93.21,82.21,1049.09,1420.7,2025-2026,BUDGET_DOCS
22006,Bijapur,CG,electricity,129.7,92.51,1180.53,2426.37,2025-2026,BUDGET_DOCS
22006,Bijapur,CG,health,102.9,88.04,1123.49,2647.88,2025-2026,BUDGET_DOCS
22007,Bilaspur,CG,water,428.4,352.35,1620.93,3026.69,2025-2026,BUDGET_DOCS
22007,Bilaspur,CG,roads,193.47,148.28,682.14,1723.58,2025-2026,BUDGET_DOCS
22007,Bilaspur,CG,sanitation,342.6,224.43,1032.45,2649.5,2025-2026,BUDGET_DOCS
22007,Bilaspur,CG,electricity,382.79,322.47,1483.47,2748.59,2025-2026,BUDGET_DOCS
22007,Bilaspur,CG,health,421.91,348.36,1602.57,2622.2,2025-2026,BUDGET_DOCS
22008,Dantewada,CG,water,416.22,307.38,1751.93,3032.57,2025-2026,BUDGET_DOCS
22008,Dantewada,CG,roads,249.12,228.22,1300.75,2658.31,2025-2026,BUDGET_DOCS
22008,Dantewada,CG,sanitation,474.21,400.41,2282.16,3420.34,2025-2026,BUDGET_DOCS
22008,Dantewada,CG,electricity,241.75,220.58,1257.21,3402.0,2025-2026,BUDGET_DOCS
22008,Dantewada,CG,health,112.07,92.1,524.93,1525.16,2025-2026,BUDGET_DOCS
22009,Dhamtari,CG,water,90.26,74.03,842.66,1463.63,2025-2026,BUDGET_DOCS
22009,Dhamtari,CG,roads,85.91,81.36,926.1,1325.09,2025-2026,BUDGET_DOCS
22009,Dhamtari,CG,sanitation,149.29,100.31,1141.8,2462.36,2025-2026,BUDGET_DOCS
22009,Dhamtari,CG,electricity,123.66,87.7,998.27,2744.88,2025-2026,BUDGET_DOCS
22009,Dhamtari,CG,health,184.47,139.67,1589.83,2535.37,2025-2026,BUDGET_DOCS
22010,Durg,CG,water,187.83,162.22,1249.79,1920.39,2025-2026,BUDGET_DOCS
22010,Durg,CG,roads,182.04,137.96,1062.89,2673.93,2025-2026,BUDGET_DOCS
22010,Durg,CG,sanitation,196.96,156.38,1204.8,2763.03,2025-2026,BUDGET_DOCS
22010,Durg,CG,electricity,216.14,172.07,1325.68,2224.32,2025-2026,BUDGET_DOCS
22010,Durg,CG,health,129.98,87.68,675.51,1450.32,2025-2026,BUDGET_DOCS
22011,Gariaband,CG,water,121.55,111.61,610.04,1284.31,2025-2026,BUDGET_DOCS
22011,Gariaband,CG,roads,310.09,215.39,1177.28,2441.26,2025-2026,BUDGET_DOCS
22011,Gariaband,CG,sanitation,308.21,254.85,1392.96,2102.75,2025-2026,BUDGET_DOCS
22011,Gariaband,CG,electricity,267.05,213.73,1168.2,3171.48,2025-2026,BUDGET_DOCS
22011,Gariaband,CG,health,145.25,94.87,518.54,1408.27,2025-2026,BUDGET_DOCS
22012,Gaurela Pendra Marwahi,CG,water,209.72,140.27,705.68,1703.28,2025-2026,BUDGET_DOCS
22012,Gaurela Pendra Marwahi,CG,roads,170.82,121.63,611.91,2049.7,2025-2026,BUDGET_DOCS
22012,Gaurela Pendra Marwahi,CG,sanitation,367.65,290.78,1462.88,3287.77,2025-2026,BUDGET_DOCS
22012,Gaurela Pendra Marwahi,CG,electricity,187.88,177.39,892.43,2245.68,2025-2026,BUDGET_DOCS
22012,Gaurela Pendra Marwahi,CG,health,277.13,223.48,1124.3,1945.36,2025-2026,BUDGET_DOCS
22013,Janjgir Champa,CG,water,199.12,158.51,1265.84,2011.67,2025-2026,BUDGET_DOCS
22013,Janjgir Champa,CG,roads,194.26,155.52,1241.96,2308.85,2025-2026,BUDGET_DOCS
22013,Janjgir Champa,CG,sanitation,90.3,60.78,485.38,1519.63,2025-2026,BUDGET_DOCS
22013,Janjgir Champa,CG,electricity,166.18,117.33,936.98,2680.0,2025-2026,BUDGET_DOCS
22013,Janjgir Champa,CG,health,184.01,126.14,1007.34,2033.11,2025-2026,BUDGET_DOCS
22014,Jashpur,CG,water,236.48,172.03,778.25,2516.22,2025-2026,BUDGET_DOCS
22014,Jashpur,CG,roads,296.57,246.1,1113.33,1614.09,2025-2026,BUDGET_DOCS
22014,Jashpur,CG,sanitation,225.34,195.11,882.66,2496.29,2025-2026,BUDGET_DOCS
22014,Jashpur,CG,electricity,317.43,214.5,970.38,2722.01,2025-2026,BUDGET_DOCS
22014,Jashpur,CG,health,417.99,380.45,1721.12,2233.17,2025-2026,BUDGET_DOCS
22015,Kabirdham,CG,water,183.57,130.46,665.6,2086.56,2025-2026,BUDGET_DOCS
22015,Kabirdham,CG,roads,390.42,302.94,1545.57,3177.06,2025-2026,BUDGET_DOCS
22015,Kabirdham,CG,sanitation,134.17,106.36,542.64,1543.99,2025-2026,BUDGET_DOCS
22015,Kabirdham,CG,electricity,213.94,189.37,966.15,2613.92,2025-2026,BUDGET_DOCS
22015,Kabirdham,CG,health,209.28,166.31,848.5,2357.66,2025-2026,BUDGET_DOCS
22016,Kanker,CG,water,107.41,99.07,1410.21,2006.19,2025-2026,BUDGET_DOCS
22016,Kanker,CG,roads,144.76,112.57,1602.38,3125.54,2025-2026,BUDGET_DOCS
22016,Kanker,CG,sanitation,93.4,86.21,1227.16,1785.39,2025-2026,BUDGET_DOCS
22016,Kanker,CG,electricity,65.48,53.24,757.85,1392.78,2025-2026,BUDGET_DOCS
22016,Kanker,CG,health,50.69,44.26,630.02,1792.95,2025-2026,BUDGET_DOCS
22017,Kondagaon,CG,water,394.99,303.84,1697.41,2607.33,2025-2026,BUDGET_DOCS
22017,Kondagaon,CG,roads,193.67,158.28,884.24,1668.5,2025-2026,BUDGET_DOCS
22017,Kondagaon,CG,sanitation,187.91,149.41,834.68,1611.06,2025-2026,BUDGET_DOCS
22017,Kondagaon,CG,electricity,410.34,362.03,2022.49,3473.57,2025-2026,BUDGET_DOCS
22017,Kondagaon,CG,health,175.02,159.12,888.93,2115.7,2025-2026,BUDGET_DOCS
22018,Korba,CG,water,550.43,435.67,1860.01,3050.05,2025-2026,BUDGET_DOCS
22018,Korba,CG,roads,265.75,193.71,827.01,2580.56,2025-2026,BUDGET_DOCS
22018,Korba,CG,sanitation,324.13,281.13,1200.23,2052.92,2025-2026,BUDGET_DOCS
22018,Korba,CG,electricity,454.06,384.52,1641.63,3340.58,2025-2026,BUDGET_DOCS
22018,Korba,CG,health,362.95,242.17,1033.9,1858.88,2025-2026,BUDGET_DOCS
22019,Koriya,CG,water,244.63,230.61,1327.81,2027.4,2025-2026,BUDGET_DOCS
22019,Koriya,CG,roads,127.43,98.1,564.84,1399.74,2025-2026,BUDGET_DOCS
22019,Koriya,CG,sanitation,277.2,196.84,1133.37,2740.22,2025-2026,BUDGET_DOCS
22019,Koriya,CG,electricity,153.75,142.33,819.51,1235.34,2025-2026,BUDGET_DOCS
22019,Koriya,CG,health,311.02,254.33,1464.39,2464.06,2025-2026,BUDGET_DOCS
22020,Mahasamund,CG,water,323.86,295.63,2309.83,3046.77,2025-2026,BUDGET_DOCS
22020,Mahasamund,CG,roads,258.84,222.15,1735.71,3070.24,2025-2026,BUDGET_DOCS
22020,Mahasamund,CG,sanitation,286.18,252.12,1969.88,3421.93,2025-2026,BUDGET_DOCS
22020,Mahasamund,CG,electricity,313.51,246.94,1929.4,2942.19,2025-2026,BUDGET_DOCS
22020,Mahasamund,CG,health,192.06,126.41,987.67,2259.66,2025-2026,BUDGET_DOCS
22021,Manendragarh Chirmiri Bharatpur,CG,water,429.25,288.8,1423.44,2749.51,2025-2026,BUDGET_DOCS
22021,Manendragarh Chirmiri Bharatpur,CG,roads,416.66,315.02,1552.68,3342.21,2025-2026,BUDGET_DOCS
22021,Manendragarh Chirmiri Bharatpur,CG,sanitation,344.33,321.65,1585.35,3256.93,2025-2026,BUDGET_DOCS
22021,Manendragarh Chirmiri Bharatpur,CG,electricity,455.11,363.95,1793.84,2771.15,2025-2026,BUDGET_DOCS
22021,Manendragarh Chirmiri Bharatpur,CG,health,246.06,224.36,1105.83,1659.23,2025-2026,BUDGET_DOCS
22022,Mohla Manpur Ambagarh Chowki,CG,water,191.95,153.12,1251.34,2309.27,2025-2026,BUDGET_DOCS
22022,Mohla Manpur Ambagarh Chowki,CG,roads,340.87,310.41,2536.76,3466.33,2025-2026,BUDGET_DOCS
22022,Mohla Manpur Ambagarh Chowki,CG,sanitation,240.22,222.16,1815.55,2328.85,2025-2026,BUDGET_DOCS
22022,Mohla Manpur Ambagarh Chowki,CG,electricity,112.84,92.87,758.96,1844.61,2025-2026,BUDGET_DOCS
22022,Mohla Manpur Ambagarh Chowki,CG,health,123.13,97.7,798.43,1324.54,2025-2026,BUDGET_DOCS
22023,Mungeli,CG,water,205.77,167.61,1098.59,2609.39,2025-2026,BUDGET_DOCS
22023,Mungeli,CG,roads,163.0,135.93,890.94,1745.42,2025-2026,BUDGET_DOCS
22023,Mungeli,CG,sanitation,194.51,138.72,909.23,2041.63,2025-2026,BUDGET_DOCS
22023,Mungeli,CG,electricity,243.46,220.65,1446.24,2811.64,2025-2026,BUDGET_DOCS
22023,Mungeli,CG,health,135.25,93.23,611.07,1843.15,2025-2026,BUDGET_DOCS
22024,Narayanpur,CG,water,248.26,199.87,2197.72,3489.79,2025-2026,BUDGET_DOCS
22024,Narayanpur,CG,roads,195.77,144.87,1592.95,2857.29,2025-2026,BUDGET_DOCS
22024,Narayanpur,CG,sanitation,148.62,114.37,1257.58,2492.92,2025-2026,BUDGET_DOCS
22024,Narayanpur,CG,electricity,108.28,96.82,1064.61,2788.25,2025-2026,BUDGET_DOCS
22024,Narayanpur,CG,health,142.71,112.02,1231.74,2296.04,2025-2026,BUDGET_DOCS
22025,Raigarh,CG,water,314.36,267.82,1428.27,2994.71,2025-2026,BUDGET_DOCS
22025,Raigarh,CG,roads,318.37,291.91,1556.74,2321.24,2025-2026,BUDGET_DOCS
22025,Raigarh,CG,sanitation,205.95,172.9,922.06,2076.46,2025-2026,BUDGET_DOCS
22025,Raigarh,CG,electricity,136.67,121.95,650.35,1533.15,2025-2026,BUDGET_DOCS
22025,Raigarh,CG,health,253.47,208.22,1110.42,1975.99,2025-2026,BUDGET_DOCS
22026,Raipur,CG,water,108.02,70.96,682.48,2152.17,2025-2026,BUDGET_DOCS
22026,Raipur,CG,roads,208.54,194.39,1869.61,2873.88,2025-2026,BUDGET_DOCS
22026,Raipur,CG,sanitation,127.47,89.24,858.29,2811.6,2025-2026,BUDGET_DOCS
22026,Raipur,CG,electricity,64.05,58.52,562.83,1436.92,2025-2026,BUDGET_DOCS
22026,Raipur,CG,health,105.4,81.06,779.62,2461.4,2025-2026,BUDGET_DOCS
22027,Rajnandgaon,CG,water,268.33,200.59,1604.2,2726.16,2025-2026,BUDGET_DOCS
22027,Rajnandgaon,CG,roads,240.71,195.5,1563.5,2295.16,2025-2026,BUDGET_DOCS
22027,Rajnandgaon,CG,sanitation,137.08,128.97,1031.43,1826.55,2025-2026,BUDGET_DOCS
22027,Rajnandgaon,CG,electricity,168.21,139.49,1115.56,2804.53,2025-2026,BUDGET_DOCS
22027,Rajnandgaon,CG,health,227.48,186.35,1490.32,2651.41,2025-2026,BUDGET_DOCS
22028,Sakti,CG,water,164.19,107.13,793.9,1990.94,2025-2026,BUDGET_DOCS
22028,Sakti,CG,roads,370.2,293.61,2175.85,3320.8,2025-2026,BUDGET_DOCS
22028,Sakti,CG,sanitation,97.82,72.18,534.9,1221.0,2025-2026,BUDGET_DOCS
22028,Sakti,CG,electricity,94.23,71.81,532.16,1731.8,2025-2026,BUDGET_DOCS
22028,Sakti,CG,health,188.97,145.21,1076.1,2146.99,2025-2026,BUDGET_DOCS
22029,Sarangarh Bilaigarh,CG,water,272.01,246.45,1624.26,3060.26,2025-2026,BUDGET_DOCS
22029,Sarangarh Bilaigarh,CG,roads,130.32,109.61,722.4,1619.54,2025-2026,BUDGET_DOCS
22029,Sarangarh Bilaigarh,CG,sanitation,207.76,173.86,1145.85,2620.78,2025-2026,BUDGET_DOCS
22029,Sarangarh Bilaigarh,CG,electricity,101.21,67.29,443.48,1631.92,2025-2026,BUDGET_DOCS
22029,Sarangarh Bilaigarh,CG,health,178.36,121.41,800.17,2430.43,2025-2026,BUDGET_DOCS
22030,Sukma,CG,water,578.64,385.84,1734.23,3140.16,2025-2026,BUDGET_DOCS
22030,Sukma,CG,roads,286.89,226.94,1020.02,2984.0,2025-2026,BUDGET_DOCS
22030,Sukma,CG,sanitation,284.48,254.66,1144.61,1642.04,2025-2026,BUDGET_DOCS
22030,Sukma,CG,electricity,314.24,276.67,1243.54,3104.98,2025-2026,BUDGET_DOCS
22030,Sukma,CG,health,294.62,230.65,1036.7,1772.61,2025-2026,BUDGET_DOCS
22031,Surajpur,CG,water,205.41,172.86,1037.3,2398.13,2025-2026,BUDGET_DOCS
22031,Surajpur,CG,roads,220.74,200.67,1204.18,1657.06,2025-2026,BUDGET_DOCS
22031,Surajpur,CG,sanitation,127.78,107.32,644.01,1700.91,2025-2026,BUDGET_DOCS
22031,Surajpur,CG,electricity,154.17,112.98,677.97,1946.38,2025-2026,BUDGET_DOCS
22031,Surajpur,CG,health,185.63,121.16,727.06,1475.19,2025-2026,BUDGET_DOCS
22032,Surguja,CG,water,325.7,289.04,1703.53,2682.52,2025-2026,BUDGET_DOCS
22032,Surguja,CG,roads,127.54,120.46,709.96,1489.4,2025-2026,BUDGET_DOCS
22032,Surguja,CG,sanitation,378.65,337.63,1989.91,3013.69,2025-2026,BUDGET_DOCS
22032,Surguja,CG,electricity,182.47,156.34,921.43,2209.05,2025-2026,BUDGET_DOCS
22032,Surguja,CG,health,158.17,145.45,857.25,2023.79,2025-2026,BUDGET_DOCS
22033,Khairagarh Chhuikhadan Gandai,CG,water,109.36,79.72,604.83,1556.56,2025-2026,BUDGET_DOCS
22033,Khairagarh Chhuikhadan Gandai,CG,roads,107.87,90.76,688.59,2044.36,2025-2026,BUDGET_DOCS
22033,Khairagarh Chhuikhadan Gandai,CG,sanitation,132.03,86.56,656.72,2071.8,2025-2026,BUDGET_DOCS
22033,Khairagarh Chhuikhadan Gandai,CG,electricity,313.11,225.95,1714.26,3170.71,2025-2026,BUDGET_DOCS
22033,Khairagarh Chhuikhadan Gandai,CG,health,262.3,212.91,1615.33,2858.31,2025-2026,BUDGET_DOCS
30001,North Goa,GA,water,179.49,121.99,699.71,1664.78,2025-2026,BUDGET_DOCS
30001,North Goa,GA,roads,340.18,288.26,1653.4,2513.33,2025-2026,BUDGET_DOCS
30001,North Goa,GA,sanitation,300.59,218.46,1253.04,2409.39,2025-2026,BUDGET_DOCS
30001,North Goa,GA,electricity,239.55,160.8,922.32,2042.61,2025-2026,BUDGET_DOCS
30001,North Goa,GA,health,287.58,229.32,1315.33,3339.49,2025-2026,BUDGET_DOCS
30002,South Goa,GA,water,163.19,131.51,552.6,1379.25,2025-2026,BUDGET_DOCS
30002,South Goa,GA,roads,171.84,131.56,552.81,1432.82,2025-2026,BUDGET_DOCS
30002,South Goa,GA,sanitation,272.18,223.46,938.96,1644.17,2025-2026,BUDGET_DOCS
30002,South Goa,GA,electricity,523.78,428.16,1799.1,3379.26,2025-2026,BUDGET_DOCS
30002,South Goa,GA,health,516.89,425.38,1787.42,2916.05,2025-2026,BUDGET_DOCS
24001,Ahmedabad,GJ,water,434.81,336.41,2108.31,3492.76,2025-2026,BUDGET_DOCS
24001,Ahmedabad,GJ,roads,327.13,244.38,1531.55,2656.45,2025-2026,BUDGET_DOCS
24001,Ahmedabad,GJ,sanitation,180.63,137.73,863.16,1753.66,2025-2026,BUDGET_DOCS
24001,Ahmedabad,GJ,electricity,289.18,219.2,1373.74,2465.55,2025-2026,BUDGET_DOCS
24001,Ahmedabad,GJ,health,297.42,193.34,1211.68,2240.53,2025-2026,BUDGET_DOCS
24002,Amreli,GJ,water,114.57,94.12,1281.96,2375.92,2025-2026,BUDGET_DOCS
24002,Amreli,GJ,roads,63.16,44.01,599.44,1416.86,2025-2026,BUDGET_DOCS
24002,Amreli,GJ,sanitation,106.32,77.08,1049.87,1809.47,2025-2026,BUDGET_DOCS
24002,Amreli,GJ,electricity,70.3,57.73,786.31,1789.36,2025-2026,BUDGET_DOCS
24002,Amreli,GJ,health,91.7,61.73,840.79,2508.85,2025-2026,BUDGET_DOCS
24003,Anand,GJ,water,330.9,307.43,1783.25,3223.52,2025-2026,BUDGET_DOCS
24003,Anand,GJ,roads,190.16,166.26,964.39,1477.24,2025-2026,BUDGET_DOCS
24003,Anand,GJ,sanitation,444.7,373.62,2167.18,3153.8,2025-2026,BUDGET_DOCS
24003,Anand,GJ,electricity,194.17,156.76,909.29,2654.05,2025-2026,BUDGET_DOCS
24003,Anand,GJ,health,218.17,163.2,946.64,1934.43,2025-2026,BUDGET_DOCS
24004,Aravalli,GJ,water,398.15,290.16,1373.4,2914.22,2025-2026,BUDGET_DOCS
24004,Aravalli,GJ,roads,266.3,228.85,1083.2,2116.61,2025-2026,BUDGET_DOCS
24004,Aravalli,GJ,sanitation,384.53,272.8,1291.23,2952.68,2025-2026,BUDGET_DOCS
24004,Aravalli,GJ,electricity,292.82,239.63,1134.23,2109.23,2025-2026,BUDGET_DOCS
24004,Aravalli,GJ,health,469.32,339.17,1605.38,3493.28,2025-2026,BUDGET_DOCS
24005,Banaskantha,GJ,water,502.39,420.48,1968.54,3089.64,2025-2026,BUDGET_DOCS
24005,Banaskantha,GJ,roads,385.68,277.71,1300.14,2213.07,2025-2026,BUDGET_DOCS
24005,Banaskantha,GJ,sanitation,278.84,242.19,1133.85,2776.33,2025-2026,BUDGET_DOCS
24005,Banaskantha,GJ,electricity,218.73,158.12,740.26,1397.37,2025-2026,BUDGET_DOCS
24005,Banaskantha,GJ,health,261.87,235.61,1103.04,2628.31,2025-2026,BUDGET_DOCS
24006,Bharuch,GJ,water,468.05,357.11,1496.25,2798.66,2025-2026,BUDGET_DOCS
24006,Bharuch,GJ,roads,499.31,362.82,1520.17,3283.89,2025-2026,BUDGET_DOCS
24006,Bharuch,GJ,sanitation,156.61,134.52,563.62,1338.25,2025-2026,BUDGET_DOCS
24006,Bharuch,GJ,electricity,265.21,247.59,1037.37,1823.95,2025-2026,BUDGET_DOCS
24006,Bharuch,GJ,health,225.16,191.14,800.86,1353.17,2025-2026,BUDGET_DOCS
24007,Bhavnagar,GJ,water,128.2,104.89,1132.4,1657.41,2025-2026,BUDGET_DOCS
24007,Bhavnagar,GJ,roads,109.88,101.82,1099.25,2838.68,2025-2026,BUDGET_DOCS
24007,Bhavnagar,GJ,sanitation,109.27,95.43,1030.27,1901.33,2025-2026,BUDGET_DOCS
24007,Bhavnagar,GJ,electricity,81.46,61.63,665.36,1242.26,2025-2026,BUDGET_DOCS
24007,Bhavnagar,GJ,health,148.91,140.51,1516.95,1895.35,2025-2026,BUDGET_DOCS
24008,Botad,GJ,water,209.7,191.21,1541.53,2397.65,2025-2026,BUDGET_DOCS
24008,Botad,GJ,roads,202.62,166.53,1342.56,2779.0,2025-2026,BUDGET_DOCS
24008,Botad,GJ,sanitation,146.23,121.61,980.42,2180.87,2025-2026,BUDGET_DOCS
24008,Botad,GJ,electricity,127.22,107.6,867.47,2233.09,2025-2026,BUDGET_DOCS
24008,Botad,GJ,health,222.69,158.26,1275.89,2536.37,2025-2026,BUDGET_DOCS
24009,Chhota Udaipur,GJ,water,421.54,370.8,2061.72,3223.17,2025-2026,BUDGET_DOCS
24009,Chhota Udaipur,GJ,roads,340.0,262.95,1462.05,3224.3,2025-2026,BUDGET_DOCS
24009,Chhota Udaipur,GJ,sanitation,327.32,300.56,1671.17,2218.91,2025-2026,BUDGET_DOCS
24009,Chhota Udaipur,GJ,electricity,314.9,278.29,1547.35,3346.48,2025-2026,BUDGET_DOCS
24009,Chhota Udaipur,GJ,health,125.61,110.38,613.73,1445.57,2025-2026,BUDGET_DOCS
24010,Dahod,GJ,water,370.8,256.32,1356.78,3159.9,2025-2026,BUDGET_DOCS
24010,Dahod,GJ,roads,128.78,113.24,599.42,1644.5,2025-2026,BUDGET_DOCS
24010,Dahod,GJ,sanitation,121.61,94.12,498.21,1234.53,2025-2026,BUDGET_DOCS
24010,Dahod,GJ,electricity,463.97,407.06,2154.7,2907.44,2025-2026,BUDGET_DOCS
24010,Dahod,GJ,health,208.74,197.4,1044.9,1352.11,2025-2026,BUDGET_DOCS
24011,Dang,GJ,water,162.54,110.98,803.41,2819.46,2025-2026,BUDGET_DOCS
24011,Dang,GJ,roads,247.18,225.76,1634.34,2250.87,2025-2026,BUDGET_DOCS
24011,Dang,GJ,sanitation,156.55,147.96,1071.12,1765.16,2025-2026,BUDGET_DOCS
24011,Dang,GJ,electricity,102.36,90.03,651.75,1290.28,2025-2026,BUDGET_DOCS
24011,Dang,GJ,health,228.92,178.98,1295.68,3413.96,2025-2026,BUDGET_DOCS
24012,Devbhumi Dwarka,GJ,water,265.57,216.15,1663.2,2546.53,2025-2026,BUDGET_DOCS
24012,Devbhumi Dwarka,GJ,roads,149.18,98.08,754.69,2104.05,2025-2026,BUDGET_DOCS
24012,Devbhumi Dwarka,GJ,sanitation,234.26,215.22,1656.04,2243.47,2025-2026,BUDGET_DOCS
24012,Devbhumi Dwarka,GJ,electricity,184.94,138.19,1063.32,3229.86,2025-2026,BUDGET_DOCS
24012,Devbhumi Dwarka,GJ,health,251.93,176.15,1355.41,2691.73,2025-2026,BUDGET_DOCS
24013,Gandhinagar,GJ,water,550.81,384.82,1764.37,3204.0,2025-2026,BUDGET_DOCS
24013,Gandhinagar,GJ,roads,249.41,165.96,760.91,1532.6,2025-2026,BUDGET_DOCS
24013,Gandhinagar,GJ,sanitation,303.28,284.56,1304.68,1908.54,2025-2026,BUDGET_DOCS
24013,Gandhinagar,GJ,electricity,195.7,179.96,825.1,1864.2,2025-2026,BUDGET_DOCS
24013,Gandhinagar,GJ,health,298.59,262.65,1204.23,3409.0,2025-2026,BUDGET_DOCS
24014,Gir Somnath,GJ,water,219.31,196.51,1125.66,1839.66,2025-2026,BUDGET_DOCS
24014,Gir Somnath,GJ,roads,141.5,94.31,540.23,1677.57,2025-2026,BUDGET_DOCS
24014,Gir Somnath,GJ,sanitation,162.72,107.35,614.93,2002.75,2025-2026,BUDGET_DOCS
24014,Gir Somnath,GJ,electricity,296.53,222.2,1272.82,2529.61,2025-2026,BUDGET_DOCS
24014,Gir Somnath,GJ,health,109.87,104.17,596.71,1401.72,2025-2026,BUDGET_DOCS
24015,Jamnagar,GJ,water,477.31,431.01,2066.14,3086.61,2025-2026,BUDGET_DOCS
24015,Jamnagar,GJ,roads,172.23,118.25,566.86,1349.33,2025-2026,BUDGET_DOCS
24015,Jamnagar,GJ,sanitation,363.24,281.19,1347.95,3176.64,2025-2026,BUDGET_DOCS
24015,Jamnagar,GJ,electricity,173.42,115.75,554.87,1682.64,2025-2026,BUDGET_DOCS
24015,Jamnagar,GJ,health,440.92,356.56,1709.25,2514.14,2025-2026,BUDGET_DOCS
24016,Junagadh,GJ,water,353.37,315.35,1602.14,2877.12,2025-2026,BUDGET_DOCS
24016,Junagadh,GJ,roads,321.13,236.72,1202.66,3232.43,2025-2026,BUDGET_DOCS
24016,Junagadh,GJ,sanitation,146.75,115.85,588.58,1645.18,2025-2026,BUDGET_DOCS
24016,Junagadh,GJ,electricity,436.84,311.12,1580.64,3032.48,2025-2026,BUDGET_DOCS
24016,Junagadh,GJ,health,301.95,200.39,1018.08,2615.21,2025-2026,BUDGET_DOCS
24017,Kheda,GJ,water,239.05,215.05,1877.67,2508.52,2025-2026,BUDGET_DOCS
24017,Kheda,GJ,roads,146.16,135.44,1182.57,1646.24,2025-2026,BUDGET_DOCS
24017,Kheda,GJ,sanitation,161.75,106.86,933.03,2301.95,2025-2026,BUDGET_DOCS
24017,Kheda,GJ,electricity,81.39,64.15,560.11,1512.23,2025-2026,BUDGET_DOCS
24017,Kheda,GJ,health,293.44,231.45,2020.86,3190.02,2025-2026,BUDGET_DOCS
24018,Kutch,GJ,water,98.2,73.82,903.01,1543.4,2025-2026,BUDGET_DOCS
24018,Kutch,GJ,roads,108.01,75.58,924.54,2063.05,2025-2026,BUDGET_DOCS
24018,Kutch,GJ,sanitation,102.67,70.33,860.32,2593.08,2025-2026,BUDGET_DOCS
24018,Kutch,GJ,electricity,132.09,119.85,1466.08,2999.39,2025-2026,BUDGET_DOCS
24018,Kutch,GJ,health,120.92,81.75,1000.02,2832.63,2025-2026,BUDGET_DOCS
24019,Mahisagar,GJ,water,323.71,261.26,1957.51,3324.36,2025-2026,BUDGET_DOCS
24019,Mahisagar,GJ,roads,184.97,168.61,1263.32,2983.73,2025-2026,BUDGET_DOCS
24019,Mahisagar,GJ,sanitation,339.15,289.3,2167.6,3090.92,2025-2026,BUDGET_DOCS
24019,Mahisagar,GJ,electricity,145.86,114.91,860.97,1505.25,2025-2026,BUDGET_DOCS
24019,Mahisagar,GJ,health,240.84,156.84,1175.13,2841.46,2025-2026,BUDGET_DOCS
24020,Mehsana,GJ,water,352.81,300.36,1543.23,2424.23,2025-2026,BUDGET_DOCS
24020,Mehsana,GJ,roads,167.45,114.59,588.75,1827.1,2025-2026,BUDGET_DOCS
24020,Mehsana,GJ,sanitation,431.87,293.98,1510.45,3404.09,2025-2026,BUDGET_DOCS
24020,Mehsana,GJ,electricity,308.35,225.5,1158.6,2447.82,2025-2026,BUDGET_DOCS
24020,Mehsana,GJ,health,499.6,410.78,2110.56,3369.54,2025-2026,BUDGET_DOCS
24021,Morbi,GJ,water,314.83,262.85,1863.67,3123.2,2025-2026,BUDGET_DOCS
24021,Morbi,GJ,roads,207.78,179.49,1272.63,1918.61,2025-2026,BUDGET_DOCS
24021,Morbi,GJ,sanitation,247.62,233.28,1654.02,2743.0,2025-2026,BUDGET_DOCS
24021,Morbi,GJ,electricity,252.6,174.18,1234.98,2938.21,2025-2026,BUDGET_DOCS
24021,Morbi,GJ,health,352.34,278.52,1974.78,3069.56,2025-2026,BUDGET_DOCS
24022,Narmada,GJ,water,203.08,160.96,735.17,2242.55,2025-2026,BUDGET_DOCS
24022,Narmada,GJ,roads,267.15,187.34,855.66,2008.31,2025-2026,BUDGET_DOCS
24022,Narmada,GJ,sanitation,436.42,300.35,1371.82,2966.27,2025-2026,BUDGET_DOCS
24022,Narmada,GJ,electricity,241.55,214.74,980.8,1436.74,2025-2026,BUDGET_DOCS
24022,Narmada,GJ,health,295.47,262.3,1198.03,1949.5,2025-2026,BUDGET_DOCS
24023,Navsari,GJ,water,194.56,165.14,1053.83,2452.41,2025-2026,BUDGET_DOCS
24023,Navsari,GJ,roads,176.98,145.52,928.62,1379.16,2025-2026,BUDGET_DOCS
24023,Navsari,GJ,sanitation,242.22,191.08,1219.36,2319.25,2025-2026,BUDGET_DOCS
24023,Navsari,GJ,electricity,298.81,210.02,1340.23,2476.7,2025-2026,BUDGET_DOCS
24023,Navsari,GJ,health,229.71,156.81,1000.67,3398.53,2025-2026,BUDGET_DOCS
24024,Panchmahal,GJ,water,208.32,171.53,1147.64,2421.89,2025-2026,BUDGET_DOCS
24024,Panchmahal,GJ,roads,174.28,129.83,868.64,1650.03,2025-2026,BUDGET_DOCS
24024,Panchmahal,GJ,sanitation,304.43,225.69,1510.0,2511.64,2025-2026,BUDGET_DOCS
24024,Panchmahal,GJ,electricity,299.98,283.41,1896.18,3369.67,2025-2026,BUDGET_DOCS
24024,Panchmahal,GJ,health,131.04,85.5,572.05,1991.81,2025-2026,BUDGET_DOCS
24025,Patan,GJ,water,157.27,117.24,1211.78,2815.11,2025-2026,BUDGET_DOCS
24025,Patan,GJ,roads,115.07,93.61,967.54,2080.42,2025-2026,BUDGET_DOCS
24025,Patan,GJ,sanitation,161.72,114.25,1180.87,2723.72,2025-2026,BUDGET_DOCS
24025,Patan,GJ,electricity,164.58,148.45,1534.36,2084.57,2025-2026,BUDGET_DOCS
24025,Patan,GJ,health,127.69,108.67,1123.2,1554.81,2025-2026,BUDGET_DOCS
24026,Porbandar,GJ,water,76.81,61.66,841.27,2179.12,2025-2026,BUDGET_DOCS
24026,Porbandar,GJ,roads,109.07,82.52,1125.88,2469.72,2025-2026,BUDGET_DOCS
24026,Porbandar,GJ,sanitation,80.16,66.0,900.48,1627.32,2025-2026,BUDGET_DOCS
24026,Porbandar,GJ,electricity,116.86,93.55,1276.36,3147.65,2025-2026,BUDGET_DOCS
24026,Porbandar,GJ,health,101.52,77.16,1052.75,2144.93,2025-2026,BUDGET_DOCS
24027,Rajkot,GJ,water,187.27,163.39,750.1,1403.43,2025-2026,BUDGET_DOCS
24027,Rajkot,GJ,roads,323.11,271.45,1246.19,3408.95,2025-2026,BUDGET_DOCS
24027,Rajkot,GJ,sanitation,357.48,238.02,1092.71,3035.63,2025-2026,BUDGET_DOCS
24027,Rajkot,GJ,electricity,325.27,257.18,1180.68,1990.16,2025-2026,BUDGET_DOCS
24027,Rajkot,GJ,health,316.72,275.59,1265.19,2379.13,2025-2026,BUDGET_DOCS
24028,Sabarkantha,GJ,water,630.79,528.16,2224.77,3477.84,2025-2026,BUDGET_DOCS
24028,Sabarkantha,GJ,roads,192.99,154.72,651.73,1859.68,2025-2026,BUDGET_DOCS
24028,Sabarkantha,GJ,sanitation,393.66,271.53,1143.77,3158.32,2025-2026,BUDGET_DOCS
24028,Sabarkantha,GJ,electricity,344.52,225.41,949.5,1846.24,2025-2026,BUDGET_DOCS
24028,Sabarkantha,GJ,health,165.49,136.95,576.88,1456.56,2025-2026,BUDGET_DOCS
24029,Surat,GJ,water,474.72,418.28,1747.08,2340.68,2025-2026,BUDGET_DOCS
24029,Surat,GJ,roads,250.19,210.48,879.14,1747.28,2025-2026,BUDGET_DOCS
24029,Surat,GJ,sanitation,294.68,222.05,927.46,1684.97,2025-2026,BUDGET_DOCS
24029,Surat,GJ,electricity,474.29,324.79,1356.59,2677.2,2025-2026,BUDGET_DOCS
24029,Surat,GJ,health,219.95,162.85,680.2,1585.48,2025-2026,BUDGET_DOCS
24030,Surendranagar,GJ,water,210.63,194.9,1072.78,2770.62,2025-2026,BUDGET_DOCS
24030,Surendranagar,GJ,roads,402.16,313.5,1725.58,2666.08,2025-2026,BUDGET_DOCS
24030,Surendranagar,GJ,sanitation,473.03,355.0,1954.01,3311.5,2025-2026,BUDGET_DOCS
24030,Surendranagar,GJ,electricity,146.42,123.92,682.09,1814.3,2025-2026,BUDGET_DOCS
24030,Surendranagar,GJ,health,285.3,249.56,1373.64,2099.65,2025-2026,BUDGET_DOCS
24031,Tapi,GJ,water,99.7,70.58,636.55,1704.66,2025-2026,BUDGET_DOCS
24031,Tapi,GJ,roads,61.39,57.19,515.79,1254.51,2025-2026,BUDGET_DOCS
24031,Tapi,GJ,sanitation,233.18,218.06,1966.65,2710.19,2025-2026,BUDGET_DOCS
24031,Tapi,GJ,electricity,212.56,145.81,1315.04,2667.59,2025-2026,BUDGET_DOCS
24031,Tapi,GJ,health,161.13,136.46,1230.71,3169.81,2025-2026,BUDGET_DOCS
24032,Vadodara,GJ,water,99.96,67.19,617.85,1943.83,2025-2026,BUDGET_DOCS
24032,Vadodara,GJ,roads,185.91,139.39,1281.76,2987.34,2025-2026,BUDGET_DOCS
24032,Vadodara,GJ,sanitation,120.79,88.1,810.12,1338.13,2025-2026,BUDGET_DOCS
24032,Vadodara,GJ,electricity,149.54,138.86,1276.89,2213.32,2025-2026,BUDGET_DOCS
24032,Vadodara,GJ,health,136.0,108.48,997.53,2603.69,2025-2026,BUDGET_DOCS
24033,Valsad,GJ,water,253.73,215.51,1861.07,2672.77,2025-2026,BUDGET_DOCS
24033,Valsad,GJ,roads,150.1,138.3,1194.31,1812.8,2025-2026,BUDGET_DOCS
24033,Valsad,GJ,sanitation,184.53,171.98,1485.16,2521.67,2025-2026,BUDGET_DOCS
24033,Valsad,GJ,electricity,160.77,145.21,1253.98,2328.56,2025-2026,BUDGET_DOCS
24033,Valsad,GJ,health,261.4,212.27,1833.09,2996.16,2025-2026,BUDGET_DOCS
6001,Ambala,HR,water,196.29,172.73,739.61,1385.05,2025-2026,BUDGET_DOCS
6001,Ambala,HR,roads,301.21,199.34,853.55,2689.92,2025-2026,BUDGET_DOCS
6001,Ambala,HR,sanitation,236.47,203.07,869.52,2083.58,2025-2026,BUDGET_DOCS
6001,Ambala,HR,electricity,520.89,394.72,1690.14,3261.86,2025-2026,BUDGET_DOCS
6001,Ambala,HR,health,223.12,194.25,831.76,1395.18,2025-2026,BUDGET_DOCS
6002,Bhiwani,HR,water,316.4,244.15,1105.05,1976.75,2025-2026,BUDGET_DOCS
6002,Bhiwani,HR,roads,258.74,208.79,945.01,1686.86,2025-2026,BUDGET_DOCS
6002,Bhiwani,HR,sanitation,588.03,476.87,2158.37,3362.21,2025-2026,BUDGET_DOCS
6002,Bhiwani,HR,electricity,323.96,217.57,984.75,2904.42,2025-2026,BUDGET_DOCS
6002,Bhiwani,HR,health,396.1,259.73,1175.57,2891.56,2025-2026,BUDGET_DOCS
6003,Charkhi Dadri,HR,water,118.07,98.55,815.18,1462.61,2025-2026,BUDGET_DOCS
6003,Charkhi Dadri,HR,roads,79.88,60.01,496.38,1345.15,2025-2026,BUDGET_DOCS
6003,Charkhi Dadri,HR,sanitation,276.36,212.96,1761.54,3122.56,2025-2026,BUDGET_DOCS
6003,Charkhi Dadri,HR,electricity,126.46,102.91,851.24,1477.85,2025-2026,BUDGET_DOCS
6003,Charkhi Dadri,HR,health,195.59,139.65,1155.14,1939.66,2025-2026,BUDGET_DOCS
6004,Faridabad,HR,water,80.98,74.01,888.92,2065.1,2025-2026,BUDGET_DOCS
6004,Faridabad,HR,roads,46.52,43.16,518.39,1385.66,2025-2026,BUDGET_DOCS
6004,Faridabad,HR,sanitation,156.95,115.38,1385.8,2825.5,2025-2026,BUDGET_DOCS
6004,Faridabad,HR,electricity,176.05,139.57,1676.35,2795.06,2025-2026,BUDGET_DOCS
6004,Faridabad,HR,health,57.68,42.18,506.61,1491.85,2025-2026,BUDGET_DOCS
6005,Fatehabad,HR,water,114.28,86.69,813.19,2419.46,2025-2026,BUDGET_DOCS
6005,Fatehabad,HR,roads,202.22,144.75,1357.81,2950.59,2025-2026,BUDGET_DOCS
6005,Fatehabad,HR,sanitation,220.72,161.77,1517.46,2971.76,2025-2026,BUDGET_DOCS
6005,Fatehabad,HR,electricity,133.06,113.84,1067.86,1645.55,2025-2026,BUDGET_DOCS
6005,Fatehabad,HR,health,224.18,157.58,1478.16,3427.72,2025-2026,BUDGET_DOCS
6006,Gurugram,HR,water,241.7,209.41,1020.33,1466.95,2025-2026,BUDGET_DOCS
6006,Gurugram,HR,roads,287.6,204.09,994.41,2563.23,2025-2026,BUDGET_DOCS
6006,Gurugram,HR,sanitation,309.24,273.27,1331.48,2756.76,2025-2026,BUDGET_DOCS
6006,Gurugram,HR,electricity,177.76,154.89,754.69,1950.1,2025-2026,BUDGET_DOCS
6006,Gurugram,HR,health,373.78,267.7,1304.35,3200.74,2025-2026,BUDGET_DOCS
6007,Hisar,HR,water,213.03,145.57,901.88,2507.93,2025-2026,BUDGET_DOCS
6007,Hisar,HR,roads,215.58,189.3,1172.81,2270.73,2025-2026,BUDGET_DOCS
6007,Hisar,HR,sanitation,146.69,102.25,633.49,1705.66,2025-2026,BUDGET_DOCS
6007,Hisar,HR,electricity,404.97,373.25,2312.47,3027.5,2025-2026,BUDGET_DOCS
6007,Hisar,HR,health,264.89,190.43,1179.81,2529.68,2025-2026,BUDGET_DOCS
6008,Jhajjar,HR,water,221.6,146.98,1273.75,3265.98,2025-2026,BUDGET_DOCS
6008,Jhajjar,HR,roads,293.16,234.9,2035.68,3479.93,2025-2026,BUDGET_DOCS
6008,Jhajjar,HR,sanitation,145.2,129.65,1123.57,2179.1,2025-2026,BUDGET_DOCS
6008,Jhajjar,HR,electricity,143.6,114.68,993.84,2802.3,2025-2026,BUDGET_DOCS
6008,Jhajjar,HR,health,118.61,101.76,881.87,1391.11,2025-2026,BUDGET_DOCS
6009,Jind,HR,water,157.95,111.43,767.62,1518.84,2025-2026,BUDGET_DOCS
6009,Jind,HR,roads,317.29,273.24,1882.3,3204.57,2025-2026,BUDGET_DOCS
6009,Jind,HR,sanitation,119.16,91.21,628.33,1203.14,2025-2026,BUDGET_DOCS
6009,Jind,HR,electricity,258.65,191.14,1316.73,2788.73,2025-2026,BUDGET_DOCS
6009,Jind,HR,health,303.91,253.39,1745.55,2931.64,2025-2026,BUDGET_DOCS
6010,Kaithal,HR,water,228.33,197.0,922.35,2485.22,2025-2026,BUDGET_DOCS
6010,Kaithal,HR,roads,300.32,216.71,1014.63,1670.84,2025-2026,BUDGET_DOCS
6010,Kaithal,HR,sanitation,192.03,178.92,837.7,1461.18,2025-2026,BUDGET_DOCS
6010,Kaithal,HR,electricity,450.13,320.91,1502.5,2534.27,2025-2026,BUDGET_DOCS
6010,Kaithal,HR,health,312.04,235.84,1104.2,2913.54,2025-2026,BUDGET_DOCS
6011,Karnal,HR,water,250.72,236.54,1846.22,2748.6,2025-2026,BUDGET_DOCS
6011,Karnal,HR,roads,200.68,183.66,1433.48,3231.2,2025-2026,BUDGET_DOCS
6011,Karnal,HR,sanitation,103.34,72.71,567.51,1400.81,2025-2026,BUDGET_DOCS
6011,Karnal,HR,electricity,189.55,132.58,1034.8,3403.99,2025-2026,BUDGET_DOCS
6011,Karnal,HR,health,87.14,60.58,472.83,1457.66,2025-2026,BUDGET_DOCS
6012,Kurukshetra,HR,water,147.86,111.01,1484.92,3120.38,2025-2026,BUDGET_DOCS
6012,Kurukshetra,HR,roads,131.52,116.53,1558.75,2531.02,2025-2026,BUDGET_DOCS
6012,Kurukshetra,HR,sanitation,121.25,98.1,1312.23,2318.14,2025-2026,BUDGET_DOCS
6012,Kurukshetra,HR,electricity,111.53,91.47,1223.54,2461.48,2025-2026,BUDGET_DOCS
6012,Kurukshetra,HR,health,131.34,116.47,1557.95,3266.05,2025-2026,BUDGET_DOCS
6013,Mahendragarh,HR,water,324.15,226.38,1735.66,3280.84,2025-2026,BUDGET_DOCS
6013,Mahendragarh,HR,roads,162.31,133.48,1023.4,1468.91,2025-2026,BUDGET_DOCS
6013,Mahendragarh,HR,sanitation,163.55,116.37,892.21,2214.04,2025-2026,BUDGET_DOCS
6013,Mahendragarh,HR,electricity,257.87,243.28,1865.24,2826.41,2025-2026,BUDGET_DOCS
6013,Mahendragarh,HR,health,120.9,113.97,873.81,1540.27,2025-2026,BUDGET_DOCS
6014,Nuh,HR,water,205.15,179.76,2389.56,3260.75,2025-2026,BUDGET_DOCS
6014,Nuh,HR,roads,183.61,163.39,2171.96,3486.35,2025-2026,BUDGET_DOCS
6014,Nuh,HR,sanitation,176.31,132.52,1761.6,2875.65,2025-2026,BUDGET_DOCS
6014,Nuh,HR,electricity,67.53,44.71,594.33,1458.33,2025-2026,BUDGET_DOCS
6014,Nuh,HR,health,93.95,61.77,821.11,2759.42,2025-2026,BUDGET_DOCS
6015,Palwal,HR,water,413.86,317.98,2193.71,3402.53,2025-2026,BUDGET_DOCS
6015,Palwal,HR,roads,226.58,182.05,1255.94,2328.07,2025-2026,BUDGET_DOCS
6015,Palwal,HR,sanitation,134.85,103.74,715.69,1328.91,2025-2026,BUDGET_DOCS
6015,Palwal,HR,electricity,244.46,187.22,1291.61,2846.72,2025-2026,BUDGET_DOCS
6015,Palwal,HR,health,98.83,73.37,506.17,1228.04,2025-2026,BUDGET_DOCS
6016,Panchkula,HR,water,137.88,102.16,886.54,2575.25,2025-2026,BUDGET_DOCS
6016,Panchkula,HR,roads,254.71,191.19,1659.14,3473.28,2025-2026,BUDGET_DOCS
6016,Panchkula,HR,sanitation,256.74,195.82,1699.32,3346.25,2025-2026,BUDGET_DOCS
6016,Panchkula,HR,electricity,96.27,70.47,611.54,1215.22,2025-2026,BUDGET_DOCS
6016,Panchkula,HR,health,112.25,92.09,799.15,1602.25,2025-2026,BUDGET_DOCS
6017,Panipat,HR,water,395.49,313.13,2086.66,3398.86,2025-2026,BUDGET_DOCS
6017,Panipat,HR,roads,325.28,252.14,1680.23,2703.77,2025-2026,BUDGET_DOCS
6017,Panipat,HR,sanitation,248.23,179.58,1196.7,2331.34,2025-2026,BUDGET_DOCS
6017,Panipat,HR,electricity,116.11,110.11,733.76,1474.52,2025-2026,BUDGET_DOCS
6017,Panipat,HR,health,149.38,123.14,820.59,1353.47,2025-2026,BUDGET_DOCS
6018,Rewari,HR,water,172.84,131.07,649.83,2021.99,2025-2026,BUDGET_DOCS
6018,Rewari,HR,roads,445.78,296.27,1468.86,2663.37,2025-2026,BUDGET_DOCS
6018,Rewari,HR,sanitation,259.44,174.62,865.74,1870.83,2025-2026,BUDGET_DOCS
6018,Rewari,HR,electricity,226.6,199.27,987.95,1645.77,2025-2026,BUDGET_DOCS
6018,Rewari,HR,health,247.02,184.47,914.57,2577.15,2025-2026,BUDGET_DOCS
6019,Rohtak,HR,water,373.42,267.13,1123.59,3318.09,2025-2026,BUDGET_DOCS
6019,Rohtak,HR,roads,433.99,385.61,1621.94,2357.78,2025-2026,BUDGET_DOCS
6019,Rohtak,HR,sanitation,419.66,392.7,1651.76,2484.91,2025-2026,BUDGET_DOCS
6019,Rohtak,HR,electricity,539.0,463.91,1951.28,3145.96,2025-2026,BUDGET_DOCS
6019,Rohtak,HR,health,425.67,393.66,1655.8,3045.93,2025-2026,BUDGET_DOCS
6020,Sirsa,HR,water,108.36,77.8,1056.42,3170.67,2025-2026,BUDGET_DOCS
6020,Sirsa,HR,roads,50.26,33.85,459.64,1488.29,2025-2026,BUDGET_DOCS
6020,Sirsa,HR,sanitation,154.62,104.11,1413.68,2788.88,2025-2026,BUDGET_DOCS
6020,Sirsa,HR,electricity,162.67,107.81,1463.92,2981.79,2025-2026,BUDGET_DOCS
6020,Sirsa,HR,health,80.71,64.89,881.12,1447.98,2025-2026,BUDGET_DOCS
6021,Sonipat,HR,water,318.89,298.05,2421.98,3145.48,2025-2026,BUDGET_DOCS
6021,Sonipat,HR,roads,116.23,93.01,755.81,2000.02,2025-2026,BUDGET_DOCS
6021,Sonipat,HR,sanitation,180.06,147.84,1201.36,2875.67,2025-2026,BUDGET_DOCS
6021,Sonipat,HR,electricity,116.01,75.89,616.69,1427.94,2025-2026,BUDGET_DOCS
6021,Sonipat,HR,health,101.66,74.68,606.86,1699.1,2025-2026,BUDGET_DOCS
6022,Yamunanagar,HR,water,305.1,235.62,1060.79,2175.41,2025-2026,BUDGET_DOCS
6022,Yamunanagar,HR,roads,354.92,280.31,1261.99,2951.24,2025-2026,BUDGET_DOCS
6022,Yamunanagar,HR,sanitation,331.53,251.42,1131.93,2395.37,2025-2026,BUDGET_DOCS
6022,Yamunanagar,HR,electricity,300.0,202.4,911.23,1863.02,2025-2026,BUDGET_DOCS
6022,Yamunanagar,HR,health,297.33,234.02,1053.59,2335.54,2025-2026,BUDGET_DOCS
2001,Bilaspur,HP,water,259.02,208.98,1281.27,2745.82,2025-2026,BUDGET_DOCS
2001,Bilaspur,HP,roads,203.92,156.7,960.74,2755.99,2025-2026,BUDGET_DOCS
2001,Bilaspur,HP,sanitation,383.38,334.47,2050.65,2798.59,2025-2026,BUDGET_DOCS
2001,Bilaspur,HP,electricity,252.48,191.66,1175.08,3252.58,2025-2026,BUDGET_DOCS
2001,Bilaspur,HP,health,132.53,119.7,733.89,1657.9,2025-2026,BUDGET_DOCS
2002,Chamba,HP,water,347.94,241.54,1518.48,3471.3,2025-2026,BUDGET_DOCS
2002,Chamba,HP,roads,162.53,129.5,814.12,2245.66,2025-2026,BUDGET_DOCS
2002,Chamba,HP,sanitation,226.89,149.5,939.86,1730.89,2025-2026,BUDGET_DOCS
2002,Chamba,HP,electricity,356.5,285.0,1791.7,2896.94,2025-2026,BUDGET_DOCS
2002,Chamba,HP,health,96.44,80.18,504.06,1261.52,2025-2026,BUDGET_DOCS
2003,Hamirpur,HP,water,408.67,269.51,1342.84,2457.23,2025-2026,BUDGET_DOCS
2003,Hamirpur,HP,roads,356.77,272.96,1360.03,2189.93,2025-2026,BUDGET_DOCS
2003,Hamirpur,HP,sanitation,219.8,173.18,862.87,1923.49,2025-2026,BUDGET_DOCS
2003,Hamirpur,HP,electricity,166.53,151.23,753.51,1275.58,2025-2026,BUDGET_DOCS
2003,Hamirpur,HP,health,273.26,217.91,1085.74,1897.0,2025-2026,BUDGET_DOCS
2004,Kangra,HP,water,400.65,302.82,1758.26,3433.0,2025-2026,BUDGET_DOCS
2004,Kangra,HP,roads,323.26,212.85,1235.87,3448.9,2025-2026,BUDGET_DOCS
2004,Kangra,HP,sanitation,174.39,131.61,764.17,1303.77,2025-2026,BUDGET_DOCS
2004,Kangra,HP,electricity,206.31,189.27,1098.96,2906.73,2025-2026,BUDGET_DOCS
2004,Kangra,HP,health,151.72,114.33,663.83,1984.89,2025-2026,BUDGET_DOCS
2005,Kinnaur,HP,water,286.24,222.22,1064.92,2171.69,2025-2026,BUDGET_DOCS
2005,Kinnaur,HP,roads,159.08,104.46,500.59,1246.93,2025-2026,BUDGET_DOCS
2005,Kinnaur,HP,sanitation,264.18,197.27,945.36,1927.98,2025-2026,BUDGET_DOCS
2005,Kinnaur,HP,electricity,184.26,157.96,756.98,1424.77,2025-2026,BUDGET_DOCS
2005,Kinnaur,HP,health,217.76,194.55,932.32,1673.59,2025-2026,BUDGET_DOCS
2006,Kullu,HP,water,167.7,113.63,855.56,1719.54,2025-2026,BUDGET_DOCS
2006,Kullu,HP,roads,184.69,138.71,1044.39,3141.63,2025-2026,BUDGET_DOCS
2006,Kullu,HP,sanitation,136.84,108.46,816.63,1354.72,2025-2026,BUDGET_DOCS
2006,Kullu,HP,electricity,169.38,143.2,1078.2,1682.4,2025-2026,BUDGET_DOCS
2006,Kullu,HP,health,191.67,149.48,1125.48,1894.25,2025-2026,BUDGET_DOCS
2007,Lahaul and Spiti,HP,water,269.82,227.02,1470.64,3357.64,2025-2026,BUDGET_DOCS
2007,Lahaul and Spiti,HP,roads,370.28,341.42,2211.72,3060.55,2025-2026,BUDGET_DOCS
2007,Lahaul and Spiti,HP,sanitation,375.91,251.09,1626.56,3349.66,2025-2026,BUDGET_DOCS
2007,Lahaul and Spiti,HP,electricity,155.97,112.63,729.62,1661.49,2025-2026,BUDGET_DOCS
2007,Lahaul and Spiti,HP,health,335.21,302.77,1961.34,2916.8,2025-2026,BUDGET_DOCS
2008,Mandi,HP,water,157.76,129.04,1545.18,3102.63,2025-2026,BUDGET_DOCS
2008,Mandi,HP,roads,127.15,84.06,1006.57,2203.11,2025-2026,BUDGET_DOCS
2008,Mandi,HP,sanitation,60.36,43.91,525.8,1566.52,2025-2026,BUDGET_DOCS
2008,Mandi,HP,electricity,177.27,124.58,1491.77,3048.14,2025-2026,BUDGET_DOCS
2008,Mandi,HP,health,220.07,175.12,2096.96,3160.8,2025-2026,BUDGET_DOCS
2009,Shimla,HP,water,137.63,94.44,1078.07,2513.24,2025-2026,BUDGET_DOCS
2009,Shimla,HP,roads,157.99,139.43,1591.64,2727.7,2025-2026,BUDGET_DOCS
2009,Shimla,HP,sanitation,131.51,89.04,1016.42,2408.1,2025-2026,BUDGET_DOCS
2009,Shimla,HP,electricity,169.02,125.75,1435.48,2579.59,2025-2026,BUDGET_DOCS
2009,Shimla,HP,health,199.64,178.03,2032.28,3114.37,2025-2026,BUDGET_DOCS
2010,Sirmaur,HP,water,135.5,99.36,858.63,2292.16,2025-2026,BUDGET_DOCS
2010,Sirmaur,HP,roads,161.71,128.17,1107.59,3003.83,2025-2026,BUDGET_DOCS
2010,Sirmaur,HP,sanitation,127.53,107.59,929.75,2045.8,2025-2026,BUDGET_DOCS
2010,Sirmaur,HP,electricity,157.87,137.64,1189.43,3282.03,2025-2026,BUDGET_DOCS
2010,Sirmaur,HP,health,149.25,138.09,1193.32,3037.57,2025-2026,BUDGET_DOCS
2011,Solan,HP,water,267.12,248.66,1650.3,3311.23,2025-2026,BUDGET_DOCS
2011,Solan,HP,roads,236.51,214.71,1424.98,2940.34,2025-2026,BUDGET_DOCS
2011,Solan,HP,sanitation,141.21,105.22,698.32,1568.52,2025-2026,BUDGET_DOCS
2011,Solan,HP,electricity,318.98,282.87,1877.35,3068.17,2025-2026,BUDGET_DOCS
2011,Solan,HP,health,120.25,106.28,705.36,1830.28,2025-2026,BUDGET_DOCS
2012,Una,HP,water,74.75,62.98,450.58,1262.91,2025-2026,BUDGET_DOCS
2012,Una,HP,roads,279.95,193.4,1383.63,2649.36,2025-2026,BUDGET_DOCS
2012,Una,HP,sanitation,202.46,150.65,1077.79,2121.52,2025-2026,BUDGET_DOCS
2012,Una,HP,electricity,91.46,73.62,526.7,1389.13,2025-2026,BUDGET_DOCS
2012,Una,HP,health,371.0,326.09,2332.93,3430.23,2025-2026,BUDGET_DOCS
20001,Bokaro,JH,water,626.81,573.72,2428.66,3215.7,2025-2026,BUDGET_DOCS
20001,Bokaro,JH,roads,335.16,310.67,1315.12,1716.32,2025-2026,BUDGET_DOCS
20001,Bokaro,JH,sanitation,433.1,399.34,1690.48,2688.35,2025-2026,BUDGET_DOCS
20001,Bokaro,JH,electricity,397.61,342.1,1448.17,3440.49,2025-2026,BUDGET_DOCS
20001,Bokaro,JH,health,217.77,169.57,717.82,1588.14,2025-2026,BUDGET_DOCS
20002,Chatra,JH,water,196.26,150.06,1019.72,1812.27,2025-2026,BUDGET_DOCS
20002,Chatra,JH,roads,159.02,113.65,772.3,2192.01,2025-2026,BUDGET_DOCS
20002,Chatra,JH,sanitation,331.17,234.07,1590.6,3095.4,2025-2026,BUDGET_DOCS
20002,Chatra,JH,electricity,179.8,118.42,804.71,1614.85,2025-2026,BUDGET_DOCS
20002,Chatra,JH,health,256.51,201.44,1368.87,3445.09,2025-2026,BUDGET_DOCS
20003,Deoghar,JH,water,151.02,108.8,528.84,1335.13,2025-2026,BUDGET_DOCS
20003,Deoghar,JH,roads,574.16,535.0,2600.43,3288.92,2025-2026,BUDGET_DOCS
20003,Deoghar,JH,sanitation,471.49,412.31,2004.08,3424.58,2025-2026,BUDGET_DOCS
20003,Deoghar,JH,electricity,138.01,115.36,560.72,1304.68,2025-2026,BUDGET_DOCS
20003,Deoghar,JH,health,225.28,171.5,833.6,1895.77,2025-2026,BUDGET_DOCS
20004,Dhanbad,JH,water,226.96,204.36,1065.84,1494.1,2025-2026,BUDGET_DOCS
20004,Dhanbad,JH,roads,457.31,336.07,1752.77,2919.99,2025-2026,BUDGET_DOCS
20004,Dhanbad,JH,sanitation,416.85,366.19,1909.86,3216.95,2025-2026,BUDGET_DOCS
20004,Dhanbad,JH,electricity,187.35,171.95,896.8,1806.64,2025-2026,BUDGET_DOCS
20004,Dhanbad,JH,health,312.95,275.12,1434.88,1925.75,2025-2026,BUDGET_DOCS
20005,Dumka,JH,water,150.73,130.04,625.58,1293.82,2025-2026,BUDGET_DOCS
20005,Dumka,JH,roads,299.37,270.56,1301.58,2315.96,2025-2026,BUDGET_DOCS
20005,Dumka,JH,sanitation,302.5,205.12,986.77,3193.82,2025-2026,BUDGET_DOCS
20005,Dumka,JH,electricity,319.83,224.04,1077.78,3196.8,2025-2026,BUDGET_DOCS
20005,Dumka,JH,health,257.55,236.24,1136.48,2370.1,2025-2026,BUDGET_DOCS
20006,East Singhbhum,JH,water,150.09,135.25,1908.55,2557.78,2025-2026,BUDGET_DOCS
20006,East Singhbhum,JH,roads,48.06,43.22,609.89,1553.68,2025-2026,BUDGET_DOCS
20006,East Singhbhum,JH,sanitation,116.35,108.97,1537.71,2716.94,2025-2026,BUDGET_DOCS
20006,East Singhbhum,JH,electricity,73.23,68.9,972.27,2566.67,2025-2026,BUDGET_DOCS
20006,East Singhbhum,JH,health,158.95,118.81,1676.56,2709.2,2025-2026,BUDGET_DOCS
20007,Garhwa,JH,water,310.36,238.88,1007.29,1752.18,2025-2026,BUDGET_DOCS
20007,Garhwa,JH,roads,146.02,111.93,471.98,1247.18,2025-2026,BUDGET_DOCS
20007,Garhwa,JH,sanitation,348.42,326.24,1375.67,2125.51,2025-2026,BUDGET_DOCS
20007,Garhwa,JH,electricity,196.99,175.39,739.57,1554.51,2025-2026,BUDGET_DOCS
20007,Garhwa,JH,health,558.9,514.81,2170.82,2892.55,2025-2026,BUDGET_DOCS
20008,Giridih,JH,water,105.58,84.89,941.59,2650.58,2025-2026,BUDGET_DOCS
20008,Giridih,JH,roads,218.37,184.37,2045.01,3438.53,2025-2026,BUDGET_DOCS
20008,Giridih,JH,sanitation,209.75,169.52,1880.3,2841.36,2025-2026,BUDGET_DOCS
20008,Giridih,JH,electricity,106.12,83.88,930.39,2688.62,2025-2026,BUDGET_DOCS
20008,Giridih,JH,health,94.79,70.16,778.21,1382.12,2025-2026,BUDGET_DOCS
20009,Godda,JH,water,228.6,188.75,1419.17,3069.5,2025-2026,BUDGET_DOCS
20009,Godda,JH,roads,160.78,140.23,1054.36,2967.89,2025-2026,BUDGET_DOCS
20009,Godda,JH,sanitation,227.03,204.98,1541.2,2264.62,2025-2026,BUDGET_DOCS
20009,Godda,JH,electricity,101.87,87.74,659.7,1304.1,2025-2026,BUDGET_DOCS
20009,Godda,JH,health,185.55,162.77,1223.83,1922.08,2025-2026,BUDGET_DOCS
20010,Gumla,JH,water,231.37,210.69,1488.1,2297.38,2025-2026,BUDGET_DOCS
20010,Gumla,JH,roads,324.96,258.67,1826.98,3421.35,2025-2026,BUDGET_DOCS
20010,Gumla,JH,sanitation,311.25,236.0,1666.87,2622.55,2025-2026,BUDGET_DOCS
20010,Gumla,JH,electricity,276.66,212.61,1501.66,2749.75,2025-2026,BUDGET_DOCS
20010,Gumla,JH,health,122.49,80.13,565.96,1896.11,2025-2026,BUDGET_DOCS
20011,Hazaribagh,JH,water,107.49,98.97,904.06,2170.32,2025-2026,BUDGET_DOCS
20011,Hazaribagh,JH,roads,190.55,151.59,1384.73,2899.2,2025-2026,BUDGET_DOCS
20011,Hazaribagh,JH,sanitation,82.1,59.34,542.05,1245.14,2025-2026,BUDGET_DOCS
20011,Hazaribagh,JH,electricity,158.98,122.02,1114.61,1878.11,2025-2026,BUDGET_DOCS
20011,Hazaribagh,JH,health,96.12,86.92,793.99,1967.86,2025-2026,BUDGET_DOCS
20012,Jamtara,JH,water,128.85,84.49,485.7,1733.38,2025-2026,BUDGET_DOCS
20012,Jamtara,JH,roads,285.13,208.25,1197.14,2525.73,2025-2026,BUDGET_DOCS
20012,Jamtara,JH,sanitation,374.56,256.6,1475.08,2691.09,2025-2026,BUDGET_DOCS
20012,Jamtara,JH,electricity,316.3,248.14,1426.45,2632.2,2025-2026,BUDGET_DOCS
20012,Jamtara,JH,health,181.14,157.2,903.67,2203.33,2025-2026,BUDGET_DOCS
20013,Khunti,JH,water,386.59,344.04,1949.69,2889.54,2025-2026,BUDGET_DOCS
20013,Khunti,JH,roads,376.97,276.97,1569.6,3142.42,2025-2026,BUDGET_DOCS
20013,Khunti,JH,sanitation,361.18,248.76,1409.73,2923.28,2025-2026,BUDGET_DOCS
20013,Khunti,JH,electricity,196.87,133.92,758.93,1658.81,2025-2026,BUDGET_DOCS
20013,Khunti,JH,health,322.43,238.95,1354.14,2156.76,2025-2026,BUDGET_DOCS
20014,Koderma,JH,water,73.2,55.38,750.38,1792.99,2025-2026,BUDGET_DOCS
20014,Koderma,JH,roads,76.7,56.01,758.92,1307.36,2025-2026,BUDGET_DOCS
20014,Koderma,JH,sanitation,81.16,65.3,884.8,1547.71,2025-2026,BUDGET_DOCS
20014,Koderma,JH,electricity,145.16,134.71,1825.28,2739.82,2025-2026,BUDGET_DOCS
20014,Koderma,JH,health,98.66,89.04,1206.47,2207.0,2025-2026,BUDGET_DOCS
20015,Latehar,JH,water,275.4,239.53,1209.46,2215.49,2025-2026,BUDGET_DOCS
20015,Latehar,JH,roads,195.53,146.72,740.84,1428.38,2025-2026,BUDGET_DOCS
20015,Latehar,JH,sanitation,234.88,183.61,927.11,1516.88,2025-2026,BUDGET_DOCS
20015,Latehar,JH,electricity,318.59,230.53,1164.02,2156.22,2025-2026,BUDGET_DOCS
20015,Latehar,JH,health,335.6,268.99,1358.22,3061.03,2025-2026,BUDGET_DOCS
20016,Lohardaga,JH,water,546.63,414.64,1816.19,3160.5,2025-2026,BUDGET_DOCS
20016,Lohardaga,JH,roads,134.81,88.03,385.58,1268.45,2025-2026,BUDGET_DOCS
20016,Lohardaga,JH,sanitation,575.04,388.4,1701.25,3054.37,2025-2026,BUDGET_DOCS
20016,Lohardaga,JH,electricity,369.81,258.61,1132.75,1924.05,2025-2026,BUDGET_DOCS
20016,Lohardaga,JH,health,227.12,192.61,843.66,1341.38,2025-2026,BUDGET_DOCS
20017,Pakur,JH,water,126.29,116.19,1414.82,1991.56,2025-2026,BUDGET_DOCS
20017,Pakur,JH,roads,99.67,76.86,935.91,2603.92,2025-2026,BUDGET_DOCS
20017,Pakur,JH,sanitation,176.0,147.37,1794.49,2680.92,2025-2026,BUDGET_DOCS
20017,Pakur,JH,electricity,128.97,97.19,1183.46,2621.83,2025-2026,BUDGET_DOCS
20017,Pakur,JH,health,174.29,153.83,1873.15,3067.21,2025-2026,BUDGET_DOCS
20018,Palamu,JH,water,175.18,145.01,793.67,1264.15,2025-2026,BUDGET_DOCS
20018,Palamu,JH,roads,239.98,208.29,1140.02,1755.08,2025-2026,BUDGET_DOCS
20018,Palamu,JH,sanitation,285.11,190.45,1042.37,3470.0,2025-2026,BUDGET_DOCS
20018,Palamu,JH,electricity,256.48,193.99,1061.75,2057.85,2025-2026,BUDGET_DOCS
20018,Palamu,JH,health,165.82,113.99,623.89,1309.79,2025-2026,BUDGET_DOCS
20019,Ramgarh,JH,water,143.15,124.72,755.73,1521.93,2025-2026,BUDGET_DOCS
20019,Ramgarh,JH,roads,150.5,106.52,645.45,1442.02,2025-2026,BUDGET_DOCS
20019,Ramgarh,JH,sanitation,298.32,207.02,1254.42,2990.66,2025-2026,BUDGET_DOCS
20019,Ramgarh,JH,electricity,210.53,142.67,864.5,2179.09,2025-2026,BUDGET_DOCS
20019,Ramgarh,JH,health,164.76,117.71,713.26,2177.24,2025-2026,BUDGET_DOCS
20020,Ranchi,JH,water,152.64,121.41,786.01,1574.54,2025-2026,BUDGET_DOCS
20020,Ranchi,JH,roads,290.77,233.77,1513.43,2252.74,2025-2026,BUDGET_DOCS
20020,Ranchi,JH,sanitation,266.01,209.25,1354.69,2417.02,2025-2026,BUDGET_DOCS
20020,Ranchi,JH,electricity,92.68,75.79,490.67,1275.0,2025-2026,BUDGET_DOCS
20020,Ranchi,JH,health,232.53,210.6,1363.43,3319.9,2025-2026,BUDGET_DOCS
20021,Sahebganj,JH,water,131.17,92.46,707.25,1901.88,2025-2026,BUDGET_DOCS
20021,Sahebganj,JH,roads,152.07,123.82,947.13,2901.22,2025-2026,BUDGET_DOCS
20021,Sahebganj,JH,sanitation,74.44,59.13,452.3,1355.4,2025-2026,BUDGET_DOCS
20021,Sahebganj,JH,electricity,150.89,113.37,867.2,1912.31,2025-2026,BUDGET_DOCS
20021,Sahebganj,JH,health,209.64,188.7,1443.42,2067.8,2025-2026,BUDGET_DOCS
20022,Seraikela Kharsawan,JH,water,186.38,145.92,717.14,1305.39,2025-2026,BUDGET_DOCS
20022,Seraikela Kharsawan,JH,roads,164.49,115.09,565.62,1837.96,2025-2026,BUDGET_DOCS
20022,Seraikela Kharsawan,JH,sanitation,174.84,154.12,757.44,1257.05,2025-2026,BUDGET_DOCS
20022,Seraikela Kharsawan,JH,electricity,268.33,226.25,1111.93,1910.35,2025-2026,BUDGET_DOCS
20022,Seraikela Kharsawan,JH,health,235.69,191.51,941.2,1395.85,2025-2026,BUDGET_DOCS
20023,Simdega,JH,water,304.19,253.1,1410.66,2221.73,2025-2026,BUDGET_DOCS
20023,Simdega,JH,roads,160.16,145.52,811.06,2124.14,2025-2026,BUDGET_DOCS
20023,Simdega,JH,sanitation,134.19,103.93,579.26,1253.51,2025-2026,BUDGET_DOCS
20023,Simdega,JH,electricity,309.44,225.01,1254.1,3177.19,2025-2026,BUDGET_DOCS
20023,Simdega,JH,health,116.78,81.8,455.91,1463.68,2025-2026,BUDGET_DOCS
20024,West Singhbhum,JH,water,131.16,120.65,1358.73,1793.25,2025-2026,BUDGET_DOCS
20024,West Singhbhum,JH,roads,59.49,49.32,555.43,1319.32,2025-2026,BUDGET_DOCS
20024,West Singhbhum,JH,sanitation,97.38,78.03,878.75,1743.93,2025-2026,BUDGET_DOCS
20024,West Singhbhum,JH,electricity,156.59,116.74,1314.69,3383.52,2025-2026,BUDGET_DOCS
20024,West Singhbhum,JH,health,94.27,62.09,699.24,2472.18,2025-2026,BUDGET_DOCS
29001,Bagalkote,KA,water,102.91,83.58,1130.91,3000.63,2025-2026,BUDGET_DOCS
29001,Bagalkote,KA,roads,59.85,56.01,757.86,1586.83,2025-2026,BUDGET_DOCS
29001,Bagalkote,KA,sanitation,163.82,108.54,1468.63,3411.11,2025-2026,BUDGET_DOCS
29001,Bagalkote,KA,electricity,188.83,157.9,2136.52,3069.08,2025-2026,BUDGET_DOCS
29001,Bagalkote,KA,health,94.92,63.41,857.99,2702.04,2025-2026,BUDGET_DOCS
29002,Ballari,KA,water,266.24,230.97,1883.7,2806.39,2025-2026,BUDGET_DOCS
29002,Ballari,KA,roads,341.01,243.23,1983.69,3497.29,2025-2026,BUDGET_DOCS
29002,Ballari,KA,sanitation,220.29,201.6,1644.17,2361.09,2025-2026,BUDGET_DOCS
29002,Ballari,KA,electricity,283.77,267.85,2184.48,3374.44,2025-2026,BUDGET_DOCS
29002,Ballari,KA,health,181.29,153.86,1254.82,2827.83,2025-2026,BUDGET_DOCS
29003,Belagavi,KA,water,179.71,164.08,838.31,2103.42,2025-2026,BUDGET_DOCS
29003,Belagavi,KA,roads,339.22,311.33,1590.63,2697.91,2025-2026,BUDGET_DOCS
29003,Belagavi,KA,sanitation,361.54,248.39,1269.06,3076.93,2025-2026,BUDGET_DOCS
29003,Belagavi,KA,electricity,382.88,317.94,1624.4,3435.69,2025-2026,BUDGET_DOCS
29003,Belagavi,KA,health,318.03,284.18,1451.92,2089.53,2025-2026,BUDGET_DOCS
29004,Bengaluru Rural,KA,water,212.25,199.56,1351.16,1708.64,2025-2026,BUDGET_DOCS
29004,Bengaluru Rural,KA,roads,117.97,101.6,687.9,1284.63,2025-2026,BUDGET_DOCS
29004,Bengaluru Rural,KA,sanitation,154.47,146.02,988.66,2593.86,2025-2026,BUDGET_DOCS
29004,Bengaluru Rural,KA,electricity,177.32,130.01,880.26,2668.4,2025-2026,BUDGET_DOCS
29004,Bengaluru Rural,KA,health,165.51,117.2,793.53,2350.75,2025-2026,BUDGET_DOCS
29005,Bengaluru Urban,KA,water,949.44,810.18,894.43,1253.17,2025-2026,BUDGET_DOCS
29005,Bengaluru Urban,KA,roads,1671.9,1529.67,1688.73,2613.25,2025-2026,BUDGET_DOCS
29005,Bengaluru Urban,KA,sanitation,646.12,550.45,607.69,1204.5,2025-2026,BUDGET_DOCS
29005,Bengaluru Urban,KA,electricity,1914.5,1429.94,1578.63,2695.07,2025-2026,BUDGET_DOCS
29005,Bengaluru Urban,KA,health,1659.51,1139.28,1257.75,3141.99,2025-2026,BUDGET_DOCS
29006,Bidar,KA,water,311.29,266.73,1494.48,3477.61,2025-2026,BUDGET_DOCS
29006,Bidar,KA,roads,493.55,349.96,1960.82,3402.88,2025-2026,BUDGET_DOCS
29006,Bidar,KA,sanitation,149.61,125.31,702.11,1957.22,2025-2026,BUDGET_DOCS
29006,Bidar,KA,electricity,134.1,88.13,493.79,1264.11,2025-2026,BUDGET_DOCS
29006,Bidar,KA,health,444.39,400.91,2246.29,3033.61,2025-2026,BUDGET_DOCS
29007,Chamarajanagara,KA,water,78.65,58.51,413.58,1339.58,2025-2026,BUDGET_DOCS
29007,Chamarajanagara,KA,roads,191.28,131.65,930.58,3149.69,2025-2026,BUDGET_DOCS
29007,Chamarajanagara,KA,sanitation,280.77,207.89,1469.49,3313.97,2025-2026,BUDGET_DOCS
29007,Chamarajanagara,KA,electricity,160.46,136.92,967.83,2640.23,2025-2026,BUDGET_DOCS
29007,Chamarajanagara,KA,health,187.38,143.24,1012.5,2486.29,2025-2026,BUDGET_DOCS
29008,Chikkaballapura,KA,water,146.14,103.43,869.99,2244.38,2025-2026,BUDGET_DOCS
29008,Chikkaballapura,KA,roads,114.03,76.43,642.88,1436.19,2025-2026,BUDGET_DOCS
29008,Chikkaballapura,KA,sanitation,174.65,143.56,1207.53,3015.66,2025-2026,BUDGET_DOCS
29008,Chikkaballapura,KA,electricity,163.33,126.79,1066.47,2665.94,2025-2026,BUDGET_DOCS
29008,Chikkaballapura,KA,health,204.51,147.85,1243.62,2866.63,2025-2026,BUDGET_DOCS
29009,Chikkamagaluru,KA,water,109.51,93.47,690.52,1218.59,2025-2026,BUDGET_DOCS
29009,Chikkamagaluru,KA,roads,113.25,101.99,753.47,1331.83,2025-2026,BUDGET_DOCS
29009,Chikkamagaluru,KA,sanitation,253.54,179.66,1327.26,3175.02,2025-2026,BUDGET_DOCS
29009,Chikkamagaluru,KA,electricity,181.84,161.03,1189.63,1660.86,2025-2026,BUDGET_DOCS
29009,Chikkamagaluru,KA,health,188.28,161.63,1194.06,1985.57,2025-2026,BUDGET_DOCS
29010,Chitradurga,KA,water,120.3,100.71,722.21,1712.96,2025-2026,BUDGET_DOCS
29010,Chitradurga,KA,roads,178.25,166.8,1196.16,1749.74,2025-2026,BUDGET_DOCS
29010,Chitradurga,KA,sanitation,200.6,142.75,1023.69,1962.48,2025-2026,BUDGET_DOCS
29010,Chitradurga,KA,electricity,191.43,145.27,1041.76,1623.76,2025-2026,BUDGET_DOCS
29010,Chitradurga,KA,health,78.97,54.06,387.68,1369.58,2025-2026,BUDGET_DOCS
29011,Dakshina Kannada,KA,water,187.75,173.33,898.89,1249.43,2025-2026,BUDGET_DOCS
29011,Dakshina Kannada,KA,roads,169.66,129.57,671.95,1248.29,2025-2026,BUDGET_DOCS
29011,Dakshina Kannada,KA,sanitation,261.24,243.17,1261.08,3011.05,2025-2026,BUDGET_DOCS
29011,Dakshina Kannada,KA,electricity,186.3,166.34,862.64,1901.67,2025-2026,BUDGET_DOCS
29011,Dakshina Kannada,KA,health,431.94,407.38,2112.67,2720.09,2025-2026,BUDGET_DOCS
29012,Davanagere,KA,water,430.1,389.81,1779.18,2955.09,2025-2026,BUDGET_DOCS
29012,Davanagere,KA,roads,191.95,139.0,634.43,1876.62,2025-2026,BUDGET_DOCS
29012,Davanagere,KA,sanitation,305.16,209.93,958.17,2647.76,2025-2026,BUDGET_DOCS
29012,Davanagere,KA,electricity,344.04,274.1,1251.05,2369.02,2025-2026,BUDGET_DOCS
29012,Davanagere,KA,health,474.01,420.59,1919.67,2872.79,2025-2026,BUDGET_DOCS
29013,Dharwad,KA,water,263.9,234.13,1546.5,2536.73,2025-2026,BUDGET_DOCS
29013,Dharwad,KA,roads,201.2,184.8,1220.66,2694.4,2025-2026,BUDGET_DOCS
29013,Dharwad,KA,sanitation,171.4,122.65,810.14,2239.78,2025-2026,BUDGET_DOCS
29013,Dharwad,KA,electricity,187.81,130.93,864.83,2177.55,2025-2026,BUDGET_DOCS
29013,Dharwad,KA,health,244.41,165.08,1090.4,3137.59,2025-2026,BUDGET_DOCS
29014,Gadag,KA,water,205.84,138.48,774.48,2215.88,2025-2026,BUDGET_DOCS
29014,Gadag,KA,roads,311.69,249.52,1395.49,3273.39,2025-2026,BUDGET_DOCS
29014,Gadag,KA,sanitation,191.2,140.14,783.76,2457.3,2025-2026,BUDGET_DOCS
29014,Gadag,KA,electricity,139.74,105.93,592.43,1723.81,2025-2026,BUDGET_DOCS
29014,Gadag,KA,health,241.6,205.97,1151.93,2455.86,2025-2026,BUDGET_DOCS
29015,Hassan,KA,water,325.95,275.95,1193.75,2133.24,2025-2026,BUDGET_DOCS
29015,Hassan,KA,roads,333.22,292.68,1266.12,2285.61,2025-2026,BUDGET_DOCS
29015,Hassan,KA,sanitation,206.52,148.3,641.54,1543.35,2025-2026,BUDGET_DOCS
29015,Hassan,KA,electricity,414.53,333.59,1443.1,2923.02,2025-2026,BUDGET_DOCS
29015,Hassan,KA,health,515.15,446.51,1931.58,3007.74,2025-2026,BUDGET_DOCS
29016,Haveri,KA,water,126.79,114.15,841.46,1222.27,2025-2026,BUDGET_DOCS
29016,Haveri,KA,roads,158.23,135.4,998.11,1981.59,2025-2026,BUDGET_DOCS
29016,Haveri,KA,sanitation,216.59,175.72,1295.33,2127.75,2025-2026,BUDGET_DOCS
29016,Haveri,KA,electricity,108.58,96.16,708.85,1949.98,2025-2026,BUDGET_DOCS
29016,Haveri,KA,health,211.36,197.79,1458.02,3320.93,2025-2026,BUDGET_DOCS
29017,Kalaburagi,KA,water,178.17,151.88,773.09,1900.68,2025-2026,BUDGET_DOCS
29017,Kalaburagi,KA,roads,243.94,202.72,1031.87,1608.56,2025-2026,BUDGET_DOCS
29017,Kalaburagi,KA,sanitation,121.35,112.06,570.4,1261.73,2025-2026,BUDGET_DOCS
29017,Kalaburagi,KA,electricity,202.05,148.98,758.33,2087.56,2025-2026,BUDGET_DOCS
29017,Kalaburagi,KA,health,285.79,217.37,1106.44,2406.11,2025-2026,BUDGET_DOCS
29018,Kodagu,KA,water,200.92,165.26,1058.25,2729.02,2025-2026,BUDGET_DOCS
29018,Kodagu,KA,roads,146.84,127.02,813.38,1913.72,2025-2026,BUDGET_DOCS
29018,Kodagu,KA,sanitation,172.87,163.76,1048.64,2255.6,2025-2026,BUDGET_DOCS
29018,Kodagu,KA,electricity,267.94,222.78,1426.58,2225.18,2025-2026,BUDGET_DOCS
29018,Kodagu,KA,health,151.28,124.17,795.13,1767.73,2025-2026,BUDGET_DOCS
29019,Kolar,KA,water,98.31,83.34,1065.78,2193.78,2025-2026,BUDGET_DOCS
29019,Kolar,KA,roads,97.22,83.57,1068.72,2806.6,2025-2026,BUDGET_DOCS
29019,Kolar,KA,sanitation,81.2,56.63,724.2,1300.43,2025-2026,BUDGET_DOCS
29019,Kolar,KA,electricity,162.14,137.82,1762.48,3229.88,2025-2026,BUDGET_DOCS
29019,Kolar,KA,health,76.94,70.84,905.92,1353.51,2025-2026,BUDGET_DOCS
29020,Koppal,KA,water,384.64,289.67,1260.68,2753.93,2025-2026,BUDGET_DOCS
29020,Koppal,KA,roads,237.29,156.93,682.98,2118.49,2025-2026,BUDGET_DOCS
29020,Koppal,KA,sanitation,293.51,202.8,882.61,1776.39,2025-2026,BUDGET_DOCS
29020,Koppal,KA,electricity,383.59,302.43,1316.21,2741.68,2025-2026,BUDGET_DOCS
29020,Koppal,KA,health,222.16,191.96,835.43,1389.86,2025-2026,BUDGET_DOCS
29021,Mandya,KA,water,136.59,118.06,918.47,2213.51,2025-2026,BUDGET_DOCS
29021,Mandya,KA,roads,267.43,209.3,1628.28,3253.18,2025-2026,BUDGET_DOCS
29021,Mandya,KA,sanitation,115.44,93.14,724.6,1309.84,2025-2026,BUDGET_DOCS
29021,Mandya,KA,electricity,244.04,166.15,1292.59,2723.84,2025-2026,BUDGET_DOCS
29021,Mandya,KA,health,214.93,178.28,1386.96,2787.8,2025-2026,BUDGET_DOCS
29022,Mysuru,KA,water,123.93,105.25,937.16,1422.19,2025-2026,BUDGET_DOCS
29022,Mysuru,KA,roads,135.09,108.58,966.81,2865.23,2025-2026,BUDGET_DOCS
29022,Mysuru,KA,sanitation,188.34,157.84,1405.43,3075.94,2025-2026,BUDGET_DOCS
29022,Mysuru,KA,electricity,242.96,186.72,1662.58,2636.75,2025-2026,BUDGET_DOCS
29022,Mysuru,KA,health,123.77,84.38,751.33,2184.12,2025-2026,BUDGET_DOCS
29023,Raichur,KA,water,319.64,259.18,1251.16,3461.14,2025-2026,BUDGET_DOCS
29023,Raichur,KA,roads,563.96,395.58,1909.61,3478.22,2025-2026,BUDGET_DOCS
29023,Raichur,KA,sanitation,472.65,446.38,2154.84,3405.78,2025-2026,BUDGET_DOCS
29023,Raichur,KA,electricity,409.17,385.32,1860.08,2801.53,2025-2026,BUDGET_DOCS
29023,Raichur,KA,health,318.17,267.46,1291.13,2795.56,2025-2026,BUDGET_DOCS
29024,Ramanagara,KA,water,281.62,203.03,967.97,2945.56,2025-2026,BUDGET_DOCS
29024,Ramanagara,KA,roads,233.61,157.41,750.47,2185.55,2025-2026,BUDGET_DOCS
29024,Ramanagara,KA,sanitation,198.6,141.13,672.86,1516.38,2025-2026,BUDGET_DOCS
29024,Ramanagara,KA,electricity,298.28,215.18,1025.9,2064.22,2025-2026,BUDGET_DOCS
29024,Ramanagara,KA,health,508.26,398.03,1897.66,2868.21,2025-2026,BUDGET_DOCS
29025,Shivamogga,KA,water,382.01,340.16,2490.33,3310.66,2025-2026,BUDGET_DOCS
29025,Shivamogga,KA,roads,191.37,174.49,1277.45,2801.44,2025-2026,BUDGET_DOCS
29025,Shivamogga,KA,sanitation,158.17,132.69,971.43,2399.39,2025-2026,BUDGET_DOCS
29025,Shivamogga,KA,electricity,114.44,107.13,784.3,1348.62,2025-2026,BUDGET_DOCS
29025,Shivamogga,KA,health,152.59,142.13,1040.54,1319.85,2025-2026,BUDGET_DOCS
29026,Tumakuru,KA,water,283.3,207.25,1119.66,2231.02,2025-2026,BUDGET_DOCS
29026,Tumakuru,KA,roads,241.87,227.79,1230.62,2996.96,2025-2026,BUDGET_DOCS
29026,Tumakuru,KA,sanitation,186.24,145.72,787.24,2115.96,2025-2026,BUDGET_DOCS
29026,Tumakuru,KA,electricity,319.5,280.55,1515.65,2362.17,2025-2026,BUDGET_DOCS
29026,Tumakuru,KA,health,432.35,283.6,1532.13,3085.09,2025-2026,BUDGET_DOCS
29027,Udupi,KA,water,212.07,147.69,644.53,1514.31,2025-2026,BUDGET_DOCS
29027,Udupi,KA,roads,152.13,121.74,531.28,1636.14,2025-2026,BUDGET_DOCS
29027,Udupi,KA,sanitation,408.26,378.75,1652.89,2868.29,2025-2026,BUDGET_DOCS
29027,Udupi,KA,electricity,644.72,491.24,2143.8,3362.66,2025-2026,BUDGET_DOCS
29027,Udupi,KA,health,366.94,303.27,1323.49,2325.97,2025-2026,BUDGET_DOCS
29028,Uttara Kannada,KA,water,73.44,57.08,593.93,1332.72,2025-2026,BUDGET_DOCS
29028,Uttara Kannada,KA,roads,104.47,96.79,1007.13,1767.62,2025-2026,BUDGET_DOCS
29028,Uttara Kannada,KA,sanitation,140.15,92.29,960.31,2031.25,2025-2026,BUDGET_DOCS
29028,Uttara Kannada,KA,electricity,122.45,101.83,1059.57,2731.05,2025-2026,BUDGET_DOCS
29028,Uttara Kannada,KA,health,151.11,109.44,1138.76,3371.81,2025-2026,BUDGET_DOCS
29029,Vijayapura,KA,water,161.18,128.98,1241.94,2181.8,2025-2026,BUDGET_DOCS
29029,Vijayapura,KA,roads,201.34,166.27,1601.0,2426.36,2025-2026,BUDGET_DOCS
29029,Vijayapura,KA,sanitation,221.53,205.42,1977.97,2888.05,2025-2026,BUDGET_DOCS
29029,Vijayapura,KA,electricity,149.26,122.66,1181.08,3199.66,2025-2026,BUDGET_DOCS
29029,Vijayapura,KA,health,241.51,176.47,1699.22,3034.33,2025-2026,BUDGET_DOCS
29030,Yadgir,KA,water,162.43,129.28,596.88,1628.72,2025-2026,BUDGET_DOCS
29030,Yadgir,KA,roads,229.43,188.16,868.73,2356.01,2025-2026,BUDGET_DOCS
29030,Yadgir,KA,sanitation,179.4,156.97,724.72,1688.92,2025-2026,BUDGET_DOCS
29030,Yadgir,KA,electricity,322.46,304.69,1406.74,3061.11,2025-2026,BUDGET_DOCS
29030,Yadgir,KA,health,415.31,383.7,1771.53,3204.72,2025-2026,BUDGET_DOCS
29031,Vijayanagara,KA,water,178.83,118.49,1366.08,2730.24,2025-2026,BUDGET_DOCS
29031,Vijayanagara,KA,roads,110.57,84.33,972.25,1685.46,2025-2026,BUDGET_DOCS
29031,Vijayanagara,KA,sanitation,173.11,126.33,1456.47,2396.17,2025-2026,BUDGET_DOCS
29031,Vijayanagara,KA,electricity,148.88,123.77,1426.95,2317.63,2025-2026,BUDGET_DOCS
29031,Vijayanagara,KA,health,121.03,91.13,1050.64,1974.07,2025-2026,BUDGET_DOCS
32001,Alappuzha,KL,water,83.55,67.61,463.87,1259.06,2025-2026,BUDGET_DOCS
32001,Alappuzha,KL,roads,364.44,264.06,1811.72,3387.44,2025-2026,BUDGET_DOCS
32001,Alappuzha,KL,sanitation,231.34,210.74,1445.89,2239.41,2025-2026,BUDGET_DOCS
32001,Alappuzha,KL,electricity,242.25,157.69,1081.91,2384.3,2025-2026,BUDGET_DOCS
32001,Alappuzha,KL,health,320.32,239.17,1640.95,2667.57,2025-2026,BUDGET_DOCS
32002,Ernakulam,KL,water,196.33,163.38,682.58,1431.05,2025-2026,BUDGET_DOCS
32002,Ernakulam,KL,roads,537.52,490.69,2050.03,2837.47,2025-2026,BUDGET_DOCS
32002,Ernakulam,KL,sanitation,519.7,342.75,1431.96,3005.18,2025-2026,BUDGET_DOCS
32002,Ernakulam,KL,electricity,246.54,221.81,926.69,2345.23,2025-2026,BUDGET_DOCS
32002,Ernakulam,KL,health,705.55,557.41,2328.78,3491.5,2025-2026,BUDGET_DOCS
32003,Idukki,KL,water,228.44,194.12,1134.42,1844.82,2025-2026,BUDGET_DOCS
32003,Idukki,KL,roads,406.91,345.73,2020.42,3388.46,2025-2026,BUDGET_DOCS
32003,Idukki,KL,sanitation,389.48,310.64,1815.36,3322.29,2025-2026,BUDGET_DOCS
32003,Idukki,KL,electricity,285.02,204.4,1194.5,3029.74,2025-2026,BUDGET_DOCS
32003,Idukki,KL,health,352.42,235.91,1378.64,2524.74,2025-2026,BUDGET_DOCS
32004,Kannur,KL,water,556.99,381.44,1689.2,3355.58,2025-2026,BUDGET_DOCS
32004,Kannur,KL,roads,362.18,339.08,1501.61,2045.8,2025-2026,BUDGET_DOCS
32004,Kannur,KL,sanitation,228.67,152.88,677.02,2526.91,2025-2026,BUDGET_DOCS
32004,Kannur,KL,electricity,429.0,404.96,1793.35,2431.89,2025-2026,BUDGET_DOCS
32004,Kannur,KL,health,246.57,210.52,932.28,1935.18,2025-2026,BUDGET_DOCS
32005,Kasaragod,KL,water,210.67,187.58,956.22,1535.5,2025-2026,BUDGET_DOCS
32005,Kasaragod,KL,roads,369.94,274.74,1400.53,2816.82,2025-2026,BUDGET_DOCS
32005,Kasaragod,KL,sanitation,310.8,294.97,1503.66,3477.77,2025-2026,BUDGET_DOCS
32005,Kasaragod,KL,electricity,340.94,306.37,1561.77,2825.0,2025-2026,BUDGET_DOCS
32005,Kasaragod,KL,health,328.86,250.92,1279.11,2338.56,2025-2026,BUDGET_DOCS
32006,Kollam,KL,water,342.74,225.0,1021.26,3298.47,2025-2026,BUDGET_DOCS
32006,Kollam,KL,roads,273.31,216.47,982.54,2102.26,2025-2026,BUDGET_DOCS
32006,Kollam,KL,sanitation,254.0,170.57,774.2,2001.11,2025-2026,BUDGET_DOCS
32006,Kollam,KL,electricity,333.45,309.08,1402.89,2871.54,2025-2026,BUDGET_DOCS
32006,Kollam,KL,health,400.67,272.13,1235.18,2812.55,2025-2026,BUDGET_DOCS
32007,Kottayam,KL,water,279.05,242.16,1013.92,2891.23,2025-2026,BUDGET_DOCS
32007,Kottayam,KL,roads,425.15,402.42,1684.92,2524.07,2025-2026,BUDGET_DOCS
32007,Kottayam,KL,sanitation,304.33,236.81,991.52,1539.49,2025-2026,BUDGET_DOCS
32007,Kottayam,KL,electricity,611.66,415.2,1738.43,3135.82,2025-2026,BUDGET_DOCS
32007,Kottayam,KL,health,395.12,263.05,1101.38,3440.57,2025-2026,BUDGET_DOCS
32008,Kozhikode,KL,water,411.32,348.62,1792.91,2791.13,2025-2026,BUDGET_DOCS
32008,Kozhikode,KL,roads,458.64,387.59,1993.33,2988.78,2025-2026,BUDGET_DOCS
32008,Kozhikode,KL,sanitation,247.33,188.02,966.97,1833.0,2025-2026,BUDGET_DOCS
32008,Kozhikode,KL,electricity,125.47,99.97,514.13,1476.0,2025-2026,BUDGET_DOCS
32008,Kozhikode,KL,health,335.1,220.13,1132.1,2738.22,2025-2026,BUDGET_DOCS
32009,Malappuram,KL,water,194.33,149.27,1171.63,2132.26,2025-2026,BUDGET_DOCS
32009,Malappuram,KL,roads,295.33,238.93,1875.37,3080.16,2025-2026,BUDGET_DOCS
32009,Malappuram,KL,sanitation,133.3,108.2,849.27,1347.04,2025-2026,BUDGET_DOCS
32009,Malappuram,KL,electricity,272.33,238.58,1872.62,3083.3,2025-2026,BUDGET_DOCS
32009,Malappuram,KL,health,148.8,101.96,800.29,1677.17,2025-2026,BUDGET_DOCS
32010,Palakkad,KL,water,112.01,78.57,1104.81,1886.73,2025-2026,BUDGET_DOCS
32010,Palakkad,KL,roads,170.68,123.66,1738.84,3447.34,2025-2026,BUDGET_DOCS
32010,Palakkad,KL,sanitation,76.69,70.66,993.58,1306.18,2025-2026,BUDGET_DOCS
32010,Palakkad,KL,electricity,85.38,59.08,830.75,1874.81,2025-2026,BUDGET_DOCS
32010,Palakkad,KL,health,89.54,82.67,1162.46,2328.02,2025-2026,BUDGET_DOCS
32011,Pathanamthitta,KL,water,236.98,184.04,1039.31,1838.01,2025-2026,BUDGET_DOCS
32011,Pathanamthitta,KL,roads,225.77,190.76,1077.26,2464.65,2025-2026,BUDGET_DOCS
32011,Pathanamthitta,KL,sanitation,168.87,157.63,890.17,1575.63,2025-2026,BUDGET_DOCS
32011,Pathanamthitta,KL,electricity,401.69,278.36,1571.96,2756.01,2025-2026,BUDGET_DOCS
32011,Pathanamthitta,KL,health,201.91,147.56,833.3,1668.65,2025-2026,BUDGET_DOCS
32012,Thiruvananthapuram,KL,water,255.9,218.84,995.5,1821.29,2025-2026,BUDGET_DOCS
32012,Thiruvananthapuram,KL,roads,257.37,174.16,792.25,2135.6,2025-2026,BUDGET_DOCS
32012,Thiruvananthapuram,KL,sanitation,542.73,376.6,1713.14,3291.26,2025-2026,BUDGET_DOCS
32012,Thiruvananthapuram,KL,electricity,349.1,237.17,1078.88,3035.62,2025-2026,BUDGET_DOCS
32012,Thiruvananthapuram,KL,health,379.52,355.05,1615.11,3452.82,2025-2026,BUDGET_DOCS
32013,Thrissur,KL,water,257.27,181.17,1004.21,1931.39,2025-2026,BUDGET_DOCS
32013,Thrissur,KL,roads,388.44,344.4,1908.99,3054.0,2025-2026,BUDGET_DOCS
32013,Thrissur,KL,sanitation,354.95,273.59,1516.49,2468.84,2025-2026,BUDGET_DOCS
32013,Thrissur,KL,electricity,238.8,204.41,1133.03,2562.31,2025-2026,BUDGET_DOCS
32013,Thrissur,KL,health,356.61,247.06,1369.44,2840.41,2025-2026,BUDGET_DOCS
32014,Wayanad,KL,water,399.61,365.41,1645.02,2183.86,2025-2026,BUDGET_DOCS
32014,Wayanad,KL,roads,366.7,332.73,1497.9,3072.25,2025-2026,BUDGET_DOCS
32014,Wayanad,KL,sanitation,437.56,325.47,1465.21,3379.15,2025-2026,BUDGET_DOCS
32014,Wayanad,KL,electricity,136.22,118.37,532.88,1407.32,2025-2026,BUDGET_DOCS
32014,Wayanad,KL,health,355.39,237.12,1067.48,3373.19,2025-2026,BUDGET_DOCS
23001,Agar Malwa,MP,water,367.5,321.11,1852.29,2617.46,2025-2026,BUDGET_DOCS
23001,Agar Malwa,MP,roads,352.91,308.76,1781.05,2842.57,2025-2026,BUDGET_DOCS
23001,Agar Malwa,MP,sanitation,223.72,209.24,1206.98,1761.72,2025-2026,BUDGET_DOCS
23001,Agar Malwa,MP,electricity,426.99,345.19,1991.2,3093.74,2025-2026,BUDGET_DOCS
23001,Agar Malwa,MP,health,303.62,285.22,1645.26,2601.15,2025-2026,BUDGET_DOCS
23002,Alirajpur,MP,water,205.01,180.39,1003.34,1774.46,2025-2026,BUDGET_DOCS
23002,Alirajpur,MP,roads,141.4,104.36,580.46,1471.09,2025-2026,BUDGET_DOCS
23002,Alirajpur,MP,sanitation,222.45,182.55,1015.36,1690.05,2025-2026,BUDGET_DOCS
23002,Alirajpur,MP,electricity,164.2,152.7,849.33,1700.17,2025-2026,BUDGET_DOCS
23002,Alirajpur,MP,health,371.61,245.5,1365.49,2678.84,2025-2026,BUDGET_DOCS
23003,Anuppur,MP,water,151.85,105.7,613.12,1394.91,2025-2026,BUDGET_DOCS
23003,Anuppur,MP,roads,158.54,110.45,640.67,1484.84,2025-2026,BUDGET_DOCS
23003,Anuppur,MP,sanitation,234.43,180.18,1045.15,2710.26,2025-2026,BUDGET_DOCS
23003,Anuppur,MP,electricity,192.97,135.98,788.76,1888.36,2025-2026,BUDGET_DOCS
23003,Anuppur,MP,health,237.32,185.48,1075.89,3066.55,2025-2026,BUDGET_DOCS
23004,Ashoknagar,MP,water,147.16,125.02,867.09,1657.68,2025-2026,BUDGET_DOCS
23004,Ashoknagar,MP,roads,153.96,125.48,870.28,1811.34,2025-2026,BUDGET_DOCS
23004,Ashoknagar,MP,sanitation,316.18,236.33,1639.09,3039.59,2025-2026,BUDGET_DOCS
23004,Ashoknagar,MP,electricity,339.84,272.06,1886.89,2958.1,2025-2026,BUDGET_DOCS
23004,Ashoknagar,MP,health,373.55,286.38,1986.21,3324.19,2025-2026,BUDGET_DOCS
23005,Balaghat,MP,water,128.08,92.77,1246.31,2317.64,2025-2026,BUDGET_DOCS
23005,Balaghat,MP,roads,72.73,52.72,708.26,1550.74,2025-2026,BUDGET_DOCS
23005,Balaghat,MP,sanitation,174.02,165.02,2216.94,2963.47,2025-2026,BUDGET_DOCS
23005,Balaghat,MP,electricity,101.29,71.87,965.53,1768.92,2025-2026,BUDGET_DOCS
23005,Balaghat,MP,health,160.75,138.3,1857.97,2824.86,2025-2026,BUDGET_DOCS
23006,Barwani,MP,water,222.96,187.28,965.45,2136.78,2025-2026,BUDGET_DOCS
23006,Barwani,MP,roads,185.25,147.04,758.01,1732.28,2025-2026,BUDGET_DOCS
23006,Barwani,MP,sanitation,317.46,235.33,1213.15,2372.69,2025-2026,BUDGET_DOCS
23006,Barwani,MP,electricity,185.72,140.28,723.16,1819.27,2025-2026,BUDGET_DOCS
23006,Barwani,MP,health,228.07,151.5,781.0,2161.57,2025-2026,BUDGET_DOCS
23007,Betul,MP,water,440.01,329.73,1457.78,2469.07,2025-2026,BUDGET_DOCS
23007,Betul,MP,roads,369.68,326.66,1444.21,2904.97,2025-2026,BUDGET_DOCS
23007,Betul,MP,sanitation,310.01,261.98,1158.25,2416.38,2025-2026,BUDGET_DOCS
23007,Betul,MP,electricity,218.07,199.79,883.3,1683.08,2025-2026,BUDGET_DOCS
23007,Betul,MP,health,249.11,170.92,755.66,1500.12,2025-2026,BUDGET_DOCS
23008,Bhind,MP,water,182.11,157.25,758.83,1494.01,2025-2026,BUDGET_DOCS
23008,Bhind,MP,roads,499.64,451.59,2179.19,3250.65,2025-2026,BUDGET_DOCS
23008,Bhind,MP,sanitation,286.91,218.0,1051.98,2488.8,2025-2026,BUDGET_DOCS
23008,Bhind,MP,electricity,248.56,194.09,936.6,2648.69,2025-2026,BUDGET_DOCS
23008,Bhind,MP,health,304.37,284.81,1374.38,2310.49,2025-2026,BUDGET_DOCS
23009,Bhopal,MP,water,213.75,188.91,1481.73,2926.67,2025-2026,BUDGET_DOCS
23009,Bhopal,MP,roads,141.27,99.63,781.45,2121.95,2025-2026,BUDGET_DOCS
23009,Bhopal,MP,sanitation,99.56,85.52,670.78,1568.01,2025-2026,BUDGET_DOCS
23009,Bhopal,MP,electricity,310.47,244.23,1915.63,3222.06,2025-2026,BUDGET_DOCS
23009,Bhopal,MP,health,229.4,169.99,1333.33,2827.83,2025-2026,BUDGET_DOCS
23010,Burhanpur,MP,water,319.34,218.7,1177.11,3475.93,2025-2026,BUDGET_DOCS
23010,Burhanpur,MP,roads,342.45,322.47,1735.63,2691.88,2025-2026,BUDGET_DOCS
23010,Burhanpur,MP,sanitation,298.68,273.35,1471.25,1946.49,2025-2026,BUDGET_DOCS
23010,Burhanpur,MP,electricity,154.5,142.06,764.61,1807.29,2025-2026,BUDGET_DOCS
23010,Burhanpur,MP,health,294.31,246.57,1327.11,1878.26,2025-2026,BUDGET_DOCS
23011,Chhatarpur,MP,water,422.64,302.69,1356.19,2467.02,2025-2026,BUDGET_DOCS
23011,Chhatarpur,MP,roads,268.55,239.63,1073.65,1818.23,2025-2026,BUDGET_DOCS
23011,Chhatarpur,MP,sanitation,307.56,221.29,991.48,2931.66,2025-2026,BUDGET_DOCS
23011,Chhatarpur,MP,electricity,362.54,333.77,1495.44,2870.46,2025-2026,BUDGET_DOCS
23011,Chhatarpur,MP,health,152.18,107.36,481.02,1415.49,2025-2026,BUDGET_DOCS
23012,Chhindwara,MP,water,269.61,233.83,1352.64,2683.77,2025-2026,BUDGET_DOCS
23012,Chhindwara,MP,roads,193.3,126.33,730.78,1515.77,2025-2026,BUDGET_DOCS
23012,Chhindwara,MP,sanitation,141.54,96.67,559.21,1429.38,2025-2026,BUDGET_DOCS
23012,Chhindwara,MP,electricity,164.67,153.21,886.28,1231.17,2025-2026,BUDGET_DOCS
23012,Chhindwara,MP,health,194.1,141.75,819.98,1504.01,2025-2026,BUDGET_DOCS
23013,Damoh,MP,water,277.22,200.47,848.81,1906.99,2025-2026,BUDGET_DOCS
23013,Damoh,MP,roads,301.11,244.83,1036.63,2450.11,2025-2026,BUDGET_DOCS
23013,Damoh,MP,sanitation,123.88,100.76,426.63,1248.78,2025-2026,BUDGET_DOCS
23013,Damoh,MP,electricity,270.93,209.86,888.57,1435.9,2025-2026,BUDGET_DOCS
23013,Damoh,MP,health,142.3,102.17,432.6,1202.78,2025-2026,BUDGET_DOCS
23014,Datia,MP,water,143.98,133.53,1025.92,1967.57,2025-2026,BUDGET_DOCS
23014,Datia,MP,roads,76.17,52.96,406.9,1395.05,2025-2026,BUDGET_DOCS
23014,Datia,MP,sanitation,156.67,110.36,847.91,2185.85,2025-2026,BUDGET_DOCS
23014,Datia,MP,electricity,227.33,194.63,1495.36,2178.06,2025-2026,BUDGET_DOCS
23014,Datia,MP,health,181.61,165.74,1273.4,2636.94,2025-2026,BUDGET_DOCS
23015,Dewas,MP,water,375.24,335.61,2276.73,3032.76,2025-2026,BUDGET_DOCS
23015,Dewas,MP,roads,127.51,110.68,750.84,1460.28,2025-2026,BUDGET_DOCS
23015,Dewas,MP,sanitation,123.22,84.81,575.34,1532.74,2025-2026,BUDGET_DOCS
23015,Dewas,MP,electricity,244.2,194.94,1322.45,2965.33,2025-2026,BUDGET_DOCS
23015,Dewas,MP,health,284.9,236.62,1605.2,2306.96,2025-2026,BUDGET_DOCS
23016,Dhar,MP,water,426.55,367.23,1772.82,2795.05,2025-2026,BUDGET_DOCS
23016,Dhar,MP,roads,144.72,137.22,662.44,1740.94,2025-2026,BUDGET_DOCS
23016,Dhar,MP,sanitation,167.21,156.72,756.57,1239.46,2025-2026,BUDGET_DOCS
23016,Dhar,MP,electricity,293.36,221.43,1068.97,3318.08,2025-2026,BUDGET_DOCS
23016,Dhar,MP,health,515.86,462.06,2230.62,3152.13,2025-2026,BUDGET_DOCS
23017,Dindori,MP,water,171.49,116.92,629.76,2176.83,2025-2026,BUDGET_DOCS
23017,Dindori,MP,roads,289.55,239.8,1291.62,2537.7,2025-2026,BUDGET_DOCS
23017,Dindori,MP,sanitation,135.32,93.69,504.64,1563.8,2025-2026,BUDGET_DOCS
23017,Dindori,MP,electricity,132.81,119.44,643.33,1763.61,2025-2026,BUDGET_DOCS
23017,Dindori,MP,health,298.25,235.89,1270.56,2157.94,2025-2026,BUDGET_DOCS
23018,Guna,MP,water,126.04,107.63,810.4,1225.0,2025-2026,BUDGET_DOCS
23018,Guna,MP,roads,277.25,249.21,1876.42,3214.75,2025-2026,BUDGET_DOCS
23018,Guna,MP,sanitation,275.46,237.67,1789.53,3314.05,2025-2026,BUDGET_DOCS
23018,Guna,MP,electricity,135.89,128.0,963.77,2174.44,2025-2026,BUDGET_DOCS
23018,Guna,MP,health,267.71,184.06,1385.88,2399.45,2025-2026,BUDGET_DOCS
23019,Gwalior,MP,water,244.09,172.92,1491.87,3047.68,2025-2026,BUDGET_DOCS
23019,Gwalior,MP,roads,73.08,60.73,523.95,1449.32,2025-2026,BUDGET_DOCS
23019,Gwalior,MP,sanitation,150.52,110.58,954.03,3147.2,2025-2026,BUDGET_DOCS
23019,Gwalior,MP,electricity,121.72,100.92,870.69,2445.61,2025-2026,BUDGET_DOCS
23019,Gwalior,MP,health,183.71,149.82,1292.58,2940.0,2025-2026,BUDGET_DOCS
23020,Harda,MP,water,130.47,114.23,903.37,2115.71,2025-2026,BUDGET_DOCS
23020,Harda,MP,roads,304.1,261.77,2070.17,2869.08,2025-2026,BUDGET_DOCS
23020,Harda,MP,sanitation,105.02,91.62,724.56,1423.97,2025-2026,BUDGET_DOCS
23020,Harda,MP,electricity,138.26,96.1,759.99,1432.31,2025-2026,BUDGET_DOCS
23020,Harda,MP,health,184.46,152.35,1204.84,2550.5,2025-2026,BUDGET_DOCS
23021,Hoshangabad,MP,water,176.88,149.54,1469.25,2387.49,2025-2026,BUDGET_DOCS
23021,Hoshangabad,MP,roads,188.18,166.65,1637.36,3339.52,2025-2026,BUDGET_DOCS
23021,Hoshangabad,MP,sanitation,113.27,102.71,1009.14,1979.75,2025-2026,BUDGET_DOCS
23021,Hoshangabad,MP,electricity,178.59,157.56,1548.05,2191.07,2025-2026,BUDGET_DOCS
23021,Hoshangabad,MP,health,105.16,87.61,860.78,2091.56,2025-2026,BUDGET_DOCS
23022,Indore,MP,water,319.15,234.27,1161.73,3348.33,2025-2026,BUDGET_DOCS
23022,Indore,MP,roads,180.68,127.15,630.53,2035.66,2025-2026,BUDGET_DOCS
23022,Indore,MP,sanitation,309.66,245.24,1216.12,2975.46,2025-2026,BUDGET_DOCS
23022,Indore,MP,electricity,286.6,242.2,1201.05,1788.86,2025-2026,BUDGET_DOCS
23022,Indore,MP,health,139.98,114.87,569.63,1523.03,2025-2026,BUDGET_DOCS
23023,Jabalpur,MP,water,350.17,292.81,1900.34,3213.73,2025-2026,BUDGET_DOCS
23023,Jabalpur,MP,roads,302.98,219.19,1422.54,2680.89,2025-2026,BUDGET_DOCS
23023,Jabalpur,MP,sanitation,192.08,174.01,1129.33,3088.84,2025-2026,BUDGET_DOCS
23023,Jabalpur,MP,electricity,135.66,104.43,677.75,1868.52,2025-2026,BUDGET_DOCS
23023,Jabalpur,MP,health,121.13,95.53,619.99,1367.85,2025-2026,BUDGET_DOCS
23024,Jhabua,MP,water,442.41,380.78,1859.83,3491.81,2025-2026,BUDGET_DOCS
23024,Jhabua,MP,roads,246.84,163.28,797.5,2295.3,2025-2026,BUDGET_DOCS
23024,Jhabua,MP,sanitation,195.08,164.27,802.34,1558.2,2025-2026,BUDGET_DOCS
23024,Jhabua,MP,electricity,164.17,136.31,665.78,1936.43,2025-2026,BUDGET_DOCS
23024,Jhabua,MP,health,348.9,264.62,1292.48,2074.66,2025-2026,BUDGET_DOCS
23025,Katni,MP,water,165.79,141.07,1734.31,3203.96,2025-2026,BUDGET_DOCS
23025,Katni,MP,roads,113.08,76.64,942.21,1796.73,2025-2026,BUDGET_DOCS
23025,Katni,MP,sanitation,147.5,129.2,1588.38,3273.78,2025-2026,BUDGET_DOCS
23025,Katni,MP,electricity,71.54,55.5,682.31,1578.43,2025-2026,BUDGET_DOCS
23025,Katni,MP,health,132.46,92.48,1136.94,2293.65,2025-2026,BUDGET_DOCS
23026,Khandwa,MP,water,458.11,341.27,1585.0,2908.52,2025-2026,BUDGET_DOCS
23026,Khandwa,MP,roads,201.87,140.15,650.92,1546.16,2025-2026,BUDGET_DOCS
23026,Khandwa,MP,sanitation,309.65,291.38,1353.29,3187.89,2025-2026,BUDGET_DOCS
23026,Khandwa,MP,electricity,291.54,189.82,881.6,2134.69,2025-2026,BUDGET_DOCS
23026,Khandwa,MP,health,372.98,256.5,1191.3,2236.29,2025-2026,BUDGET_DOCS
23027,Khargone,MP,water,104.59,77.46,856.52,2051.59,2025-2026,BUDGET_DOCS
23027,Khargone,MP,roads,132.48,91.07,1007.01,1906.02,2025-2026,BUDGET_DOCS
23027,Khargone,MP,sanitation,180.4,139.67,1544.41,2348.0,2025-2026,BUDGET_DOCS
23027,Khargone,MP,electricity,140.38,109.18,1207.26,2008.98,2025-2026,BUDGET_DOCS
23027,Khargone,MP,health,171.47,159.11,1759.37,3440.36,2025-2026,BUDGET_DOCS
23028,Mandla,MP,water,255.89,167.59,901.41,3125.64,2025-2026,BUDGET_DOCS
23028,Mandla,MP,roads,277.75,243.03,1307.17,3344.74,2025-2026,BUDGET_DOCS
23028,Mandla,MP,sanitation,316.03,265.48,1427.92,2634.8,2025-2026,BUDGET_DOCS
23028,Mandla,MP,electricity,334.31,284.27,1528.98,2357.73,2025-2026,BUDGET_DOCS
23028,Mandla,MP,health,290.92,256.9,1381.77,3158.92,2025-2026,BUDGET_DOCS
23029,Mandsaur,MP,water,399.43,309.32,1835.98,3128.51,2025-2026,BUDGET_DOCS
23029,Mandsaur,MP,roads,238.12,184.39,1094.45,1755.58,2025-2026,BUDGET_DOCS
23029,Mandsaur,MP,sanitation,97.65,74.44,441.84,1235.72,2025-2026,BUDGET_DOCS
23029,Mandsaur,MP,electricity,398.84,331.03,1964.84,3078.43,2025-2026,BUDGET_DOCS
23029,Mandsaur,MP,health,276.11,261.71,1553.39,1970.71,2025-2026,BUDGET_DOCS
23030,Morena,MP,water,108.34,96.46,873.7,2206.02,2025-2026,BUDGET_DOCS
23030,Morena,MP,roads,178.24,157.79,1429.21,2359.79,2025-2026,BUDGET_DOCS
23030,Morena,MP,sanitation,236.45,172.15,1559.28,3138.97,2025-2026,BUDGET_DOCS
23030,Morena,MP,electricity,225.65,160.47,1453.48,2471.68,2025-2026,BUDGET_DOCS
23030,Morena,MP,health,93.21,78.17,708.04,1414.51,2025-2026,BUDGET_DOCS
23031,Narsinghpur,MP,water,279.71,242.76,1111.59,1645.81,2025-2026,BUDGET_DOCS
23031,Narsinghpur,MP,roads,380.56,277.1,1268.83,3056.32,2025-2026,BUDGET_DOCS
23031,Narsinghpur,MP,sanitation,125.98,87.32,399.84,1319.02,2025-2026,BUDGET_DOCS
23031,Narsinghpur,MP,electricity,230.76,210.01,961.63,1253.22,2025-2026,BUDGET_DOCS
23031,Narsinghpur,MP,health,259.71,178.37,816.75,1455.14,2025-2026,BUDGET_DOCS
23032,Neemuch,MP,water,187.0,157.09,1456.15,2165.79,2025-2026,BUDGET_DOCS
23032,Neemuch,MP,roads,114.03,84.34,781.79,2237.02,2025-2026,BUDGET_DOCS
23032,Neemuch,MP,sanitation,246.46,206.87,1917.59,3278.37,2025-2026,BUDGET_DOCS
23032,Neemuch,MP,electricity,154.64,116.42,1079.16,3166.06,2025-2026,BUDGET_DOCS
23032,Neemuch,MP,health,182.68,151.62,1405.45,1997.6,2025-2026,BUDGET_DOCS
23033,Niwari,MP,water,122.13,84.02,681.03,1391.92,2025-2026,BUDGET_DOCS
23033,Niwari,MP,roads,110.52,74.89,607.02,1829.43,2025-2026,BUDGET_DOCS
23033,Niwari,MP,sanitation,241.96,191.18,1549.61,2828.59,2025-2026,BUDGET_DOCS
23033,Niwari,MP,electricity,225.14,210.26,1704.27,3060.73,2025-2026,BUDGET_DOCS
23033,Niwari,MP,health,210.02,148.98,1207.56,3321.4,2025-2026,BUDGET_DOCS
23034,Panna,MP,water,270.1,210.35,1380.42,2632.7,2025-2026,BUDGET_DOCS
23034,Panna,MP,roads,216.87,182.13,1195.22,2504.43,2025-2026,BUDGET_DOCS
23034,Panna,MP,sanitation,97.61,64.44,422.89,1347.81,2025-2026,BUDGET_DOCS
23034,Panna,MP,electricity,240.45,177.46,1164.58,2376.12,2025-2026,BUDGET_DOCS
23034,Panna,MP,health,326.23,306.51,2011.46,3101.38,2025-2026,BUDGET_DOCS
23035,Raisen,MP,water,128.44,114.13,1059.42,1956.4,2025-2026,BUDGET_DOCS
23035,Raisen,MP,roads,229.74,175.91,1632.9,3267.11,2025-2026,BUDGET_DOCS
23035,Raisen,MP,sanitation,177.41,120.79,1121.24,2584.14,2025-2026,BUDGET_DOCS
23035,Raisen,MP,electricity,133.48,122.14,1133.78,1839.51,2025-2026,BUDGET_DOCS
23035,Raisen,MP,health,148.46,136.26,1264.85,3177.8,2025-2026,BUDGET_DOCS
23036,Rajgarh,MP,water,182.32,153.71,1124.89,2525.75,2025-2026,BUDGET_DOCS
23036,Rajgarh,MP,roads,365.73,337.75,2471.75,3169.04,2025-2026,BUDGET_DOCS
23036,Rajgarh,MP,sanitation,197.29,152.08,1112.97,1854.04,2025-2026,BUDGET_DOCS
23036,Rajgarh,MP,electricity,362.26,239.72,1754.34,3260.41,2025-2026,BUDGET_DOCS
23036,Rajgarh,MP,health,158.1,107.28,785.11,2682.98,2025-2026,BUDGET_DOCS
23037,Ratlam,MP,water,107.26,89.6,702.18,1479.25,2025-2026,BUDGET_DOCS
23037,Ratlam,MP,roads,68.17,44.52,348.89,1267.36,2025-2026,BUDGET_DOCS
23037,Ratlam,MP,sanitation,100.32,85.9,673.18,1441.81,2025-2026,BUDGET_DOCS
23037,Ratlam,MP,electricity,133.92,94.73,742.38,2202.07,2025-2026,BUDGET_DOCS
23037,Ratlam,MP,health,236.55,217.83,1707.09,3275.24,2025-2026,BUDGET_DOCS
23038,Rewa,MP,water,93.48,69.72,860.65,2541.94,2025-2026,BUDGET_DOCS
23038,Rewa,MP,roads,82.71,74.86,924.11,1540.4,2025-2026,BUDGET_DOCS
23038,Rewa,MP,sanitation,181.3,154.19,1903.39,3259.6,2025-2026,BUDGET_DOCS
23038,Rewa,MP,electricity,98.81,78.39,967.68,2400.06,2025-2026,BUDGET_DOCS
23038,Rewa,MP,health,99.21,87.48,1079.89,2327.24,2025-2026,BUDGET_DOCS
23039,Sagar,MP,water,298.03,224.16,971.72,2085.64,2025-2026,BUDGET_DOCS
23039,Sagar,MP,roads,526.37,423.3,1834.98,3072.19,2025-2026,BUDGET_DOCS
23039,Sagar,MP,sanitation,365.53,315.29,1366.76,1920.73,2025-2026,BUDGET_DOCS
23039,Sagar,MP,electricity,488.06,332.71,1442.27,2707.17,2025-2026,BUDGET_DOCS
23039,Sagar,MP,health,280.99,215.15,932.66,1499.14,2025-2026,BUDGET_DOCS
23040,Satna,MP,water,84.66,61.8,548.96,1238.15,2025-2026,BUDGET_DOCS
23040,Satna,MP,roads,165.09,124.74,1108.05,2295.35,2025-2026,BUDGET_DOCS
23040,Satna,MP,sanitation,107.33,81.18,721.11,1472.15,2025-2026,BUDGET_DOCS
23040,Satna,MP,electricity,109.94,85.67,760.99,1687.75,2025-2026,BUDGET_DOCS
23040,Satna,MP,health,132.59,100.89,896.19,1967.6,2025-2026,BUDGET_DOCS
23041,Sehore,MP,water,340.56,245.76,1549.33,3258.63,2025-2026,BUDGET_DOCS
23041,Sehore,MP,roads,201.45,184.28,1161.75,2423.9,2025-2026,BUDGET_DOCS
23041,Sehore,MP,sanitation,259.34,199.14,1255.43,2808.88,2025-2026,BUDGET_DOCS
23041,Sehore,MP,electricity,208.56,178.84,1127.45,1705.74,2025-2026,BUDGET_DOCS
23041,Sehore,MP,health,176.95,125.82,793.2,2338.89,2025-2026,BUDGET_DOCS
23042,Seoni,MP,water,154.89,145.39,1115.01,1963.96,2025-2026,BUDGET_DOCS
23042,Seoni,MP,roads,211.08,138.52,1062.32,2731.87,2025-2026,BUDGET_DOCS
23042,Seoni,MP,sanitation,357.41,250.62,1922.03,3441.05,2025-2026,BUDGET_DOCS
23042,Seoni,MP,electricity,155.48,117.49,901.04,2948.6,2025-2026,BUDGET_DOCS
23042,Seoni,MP,health,119.57,109.04,836.24,2289.81,2025-2026,BUDGET_DOCS
23043,Shahdol,MP,water,95.41,81.01,1099.98,2006.8,2025-2026,BUDGET_DOCS
23043,Shahdol,MP,roads,79.64,71.54,971.39,1783.13,2025-2026,BUDGET_DOCS
23043,Shahdol,MP,sanitation,76.69,61.76,838.59,1892.61,2025-2026,BUDGET_DOCS
23043,Shahdol,MP,electricity,158.52,143.16,1943.86,2727.06,2025-2026,BUDGET_DOCS
23043,Shahdol,MP,health,88.87,71.61,972.34,2314.02,2025-2026,BUDGET_DOCS
23044,Shajapur,MP,water,144.82,106.03,679.46,2068.89,2025-2026,BUDGET_DOCS
23044,Shajapur,MP,roads,266.0,245.71,1574.56,2641.85,2025-2026,BUDGET_DOCS
23044,Shajapur,MP,sanitation,430.18,302.2,1936.56,3470.86,2025-2026,BUDGET_DOCS
23044,Shajapur,MP,electricity,286.28,214.53,1374.75,3293.75,2025-2026,BUDGET_DOCS
23044,Shajapur,MP,health,329.09,241.18,1545.53,2555.04,2025-2026,BUDGET_DOCS
23045,Sheopur,MP,water,506.11,429.84,1979.14,3423.34,2025-2026,BUDGET_DOCS
23045,Sheopur,MP,roads,218.4,194.36,894.9,1898.38,2025-2026,BUDGET_DOCS
23045,Sheopur,MP,sanitation,112.31,82.54,380.04,1235.86,2025-2026,BUDGET_DOCS
23045,Sheopur,MP,electricity,236.08,175.11,806.27,2564.06,2025-2026,BUDGET_DOCS
23045,Sheopur,MP,health,331.53,215.56,992.52,2189.74,2025-2026,BUDGET_DOCS
23046,Shivpuri,MP,water,135.15,97.93,756.77,1273.91,2025-2026,BUDGET_DOCS
23046,Shivpuri,MP,roads,204.98,157.78,1219.27,2760.55,2025-2026,BUDGET_DOCS
23046,Shivpuri,MP,sanitation,340.31,315.15,2435.38,3279.57,2025-2026,BUDGET_DOCS
23046,Shivpuri,MP,electricity,159.16,124.26,960.24,2573.19,2025-2026,BUDGET_DOCS
23046,Shivpuri,MP,health,316.97,219.26,1694.37,3214.64,2025-2026,BUDGET_DOCS
23047,Sidhi,MP,water,247.94,214.17,1361.48,1920.5,2025-2026,BUDGET_DOCS
23047,Sidhi,MP,roads,212.23,164.72,1047.12,2277.27,2025-2026,BUDGET_DOCS
23047,Sidhi,MP,sanitation,139.08,113.72,722.92,2143.59,2025-2026,BUDGET_DOCS
23047,Sidhi,MP,electricity,315.45,276.57,1758.15,3402.23,2025-2026,BUDGET_DOCS
23047,Sidhi,MP,health,220.52,159.39,1013.24,2614.98,2025-2026,BUDGET_DOCS
23048,Singrauli,MP,water,188.61,159.37,866.46,1325.79,2025-2026,BUDGET_DOCS
23048,Singrauli,MP,roads,160.58,118.38,643.61,1967.01,2025-2026,BUDGET_DOCS
23048,Singrauli,MP,sanitation,233.03,155.72,846.62,2307.38,2025-2026,BUDGET_DOCS
23048,Singrauli,MP,electricity,375.64,327.49,1780.5,2903.09,2025-2026,BUDGET_DOCS
23048,Singrauli,MP,health,119.7,82.98,451.15,1321.95,2025-2026,BUDGET_DOCS
23049,Tikamgarh,MP,water,143.15,97.5,834.19,2395.59,2025-2026,BUDGET_DOCS
23049,Tikamgarh,MP,roads,92.19,70.73,605.15,1256.71,2025-2026,BUDGET_DOCS
23049,Tikamgarh,MP,sanitation,208.21,165.55,1416.41,3329.9,2025-2026,BUDGET_DOCS
23049,Tikamgarh,MP,electricity,95.95,86.77,742.38,1623.3,2025-2026,BUDGET_DOCS
23049,Tikamgarh,MP,health,142.06,111.05,950.12,1798.62,2025-2026,BUDGET_DOCS
23050,Ujjain,MP,water,145.35,106.48,1057.71,2554.16,2025-2026,BUDGET_DOCS
23050,Ujjain,MP,roads,159.69,126.03,1251.91,2087.39,2025-2026,BUDGET_DOCS
23050,Ujjain,MP,sanitation,144.28,106.05,1053.44,3071.04,2025-2026,BUDGET_DOCS
23050,Ujjain,MP,electricity,85.49,70.46,699.91,1476.29,2025-2026,BUDGET_DOCS
23050,Ujjain,MP,health,89.15,75.52,750.17,1278.39,2025-2026,BUDGET_DOCS
23051,Umaria,MP,water,134.94,101.96,706.14,1344.36,2025-2026,BUDGET_DOCS
23051,Umaria,MP,roads,227.77,196.92,1363.79,2854.18,2025-2026,BUDGET_DOCS
23051,Umaria,MP,sanitation,228.24,200.57,1389.07,3009.4,2025-2026,BUDGET_DOCS
23051,Umaria,MP,electricity,158.1,146.22,1012.66,1896.74,2025-2026,BUDGET_DOCS
23051,Umaria,MP,health,220.67,174.67,1209.7,2683.81,2025-2026,BUDGET_DOCS
23052,Vidisha,MP,water,112.28,104.45,592.38,1422.04,2025-2026,BUDGET_DOCS
23052,Vidisha,MP,roads,300.34,283.64,1608.65,2295.75,2025-2026,BUDGET_DOCS
23052,Vidisha,MP,sanitation,393.66,283.82,1609.67,3059.68,2025-2026,BUDGET_DOCS
23052,Vidisha,MP,electricity,275.73,253.05,1435.16,3269.53,2025-2026,BUDGET_DOCS
23052,Vidisha,MP,health,305.17,204.25,1158.4,2938.37,2025-2026,BUDGET_DOCS
23053,Mauganj,MP,water,241.57,177.75,782.1,1780.74,2025-2026,BUDGET_DOCS
23053,Mauganj,MP,roads,178.72,159.8,703.12,1662.74,2025-2026,BUDGET_DOCS
23053,Mauganj,MP,sanitation,338.36,279.02,1227.69,3059.95,2025-2026,BUDGET_DOCS
23053,Mauganj,MP,electricity,421.65,299.82,1319.21,2646.97,2025-2026,BUDGET_DOCS
23053,Mauganj,MP,health,558.29,423.11,1861.68,3063.02,2025-2026,BUDGET_DOCS
23054,Maihar,MP,water,97.7,65.47,769.4,2485.0,2025-2026,BUDGET_DOCS
23054,Maihar,MP,roads,105.76,70.99,834.27,2183.28,2025-2026,BUDGET_DOCS
23054,Maihar,MP,sanitation,88.3,65.3,767.4,1379.73,2025-2026,BUDGET_DOCS
23054,Maihar,MP,electricity,63.07,52.38,615.57,1471.23,2025-2026,BUDGET_DOCS
23054,Maihar,MP,health,83.57,77.9,915.48,1961.12,2025-2026,BUDGET_DOCS
23055,Pandhurna,MP,water,274.39,217.12,998.31,2804.29,2025-2026,BUDGET_DOCS
23055,Pandhurna,MP,roads,373.17,245.92,1130.73,3310.0,2025-2026,BUDGET_DOCS
23055,Pandhurna,MP,sanitation,222.52,166.97,767.72,1977.5,2025-2026,BUDGET_DOCS
23055,Pandhurna,MP,electricity,297.74,242.4,1114.55,2958.89,2025-2026,BUDGET_DOCS
23055,Pandhurna,MP,health,512.44,435.06,2000.39,2887.91,2025-2026,BUDGET_DOCS
27001,Ahmednagar,MH,water,158.79,137.67,914.26,2301.17,2025-2026,BUDGET_DOCS
27001,Ahmednagar,MH,roads,135.13,96.97,643.97,1439.34,2025-2026,BUDGET_DOCS
27001,Ahmednagar,MH,sanitation,185.71,164.25,1090.77,2005.59,2025-2026,BUDGET_DOCS
27001,Ahmednagar,MH,electricity,243.33,226.14,1501.78,3215.83,2025-2026,BUDGET_DOCS
27001,Ahmednagar,MH,health,142.71,101.16,671.8,1260.61,2025-2026,BUDGET_DOCS
27002,Akola,MH,water,142.12,131.52,1030.81,2009.11,2025-2026,BUDGET_DOCS
27002,Akola,MH,roads,98.43,64.28,503.8,1747.79,2025-2026,BUDGET_DOCS
27002,Akola,MH,sanitation,202.63,180.81,1417.12,2150.05,2025-2026,BUDGET_DOCS
27002,Akola,MH,electricity,130.58,116.29,911.44,2433.3,2025-2026,BUDGET_DOCS
27002,Akola,MH,health,209.79,139.94,1096.8,3208.49,2025-2026,BUDGET_DOCS
27003,Amravati,MH,water,286.35,256.0,1073.24,1673.48,2025-2026,BUDGET_DOCS
27003,Amravati,MH,roads,612.4,479.55,2010.44,3264.57,2025-2026,BUDGET_DOCS
27003,Amravati,MH,sanitation,255.61,208.43,873.81,1896.25,2025-2026,BUDGET_DOCS
27003,Amravati,MH,electricity,389.03,357.09,1497.05,3198.63,2025-2026,BUDGET_DOCS
27003,Amravati,MH,health,296.82,202.23,847.82,1933.38,2025-2026,BUDGET_DOCS
27004,Chhatrapati Sambhajinagar,MH,water,337.27,296.55,915.48,1740.74,2025-2026,BUDGET_DOCS
27004,Chhatrapati Sambhajinagar,MH,roads,450.04,405.44,1251.63,3392.0,2025-2026,BUDGET_DOCS
27004,Chhatrapati Sambhajinagar,MH,sanitation,392.24,290.31,896.21,1821.69,2025-2026,BUDGET_DOCS
27004,Chhatrapati Sambhajinagar,MH,electricity,472.87,428.6,1323.12,3419.72,2025-2026,BUDGET_DOCS
27004,Chhatrapati Sambhajinagar,MH,health,275.63,210.8,650.76,2083.05,2025-2026,BUDGET_DOCS
27005,Beed,MH,water,425.55,310.12,1111.14,1973.3,2025-2026,BUDGET_DOCS
27005,Beed,MH,roads,407.16,267.99,960.19,2932.63,2025-2026,BUDGET_DOCS
27005,Beed,MH,sanitation,544.31,495.17,1774.16,2869.31,2025-2026,BUDGET_DOCS
27005,Beed,MH,electricity,684.79,599.68,2148.61,3000.01,2025-2026,BUDGET_DOCS
27005,Beed,MH,health,553.72,518.14,1856.46,3057.01,2025-2026,BUDGET_DOCS
27006,Bhandara,MH,water,499.23,474.09,1376.99,2769.98,2025-2026,BUDGET_DOCS
27006,Bhandara,MH,roads,545.9,448.36,1302.25,2974.08,2025-2026,BUDGET_DOCS
27006,Bhandara,MH,sanitation,232.26,169.69,492.86,1288.79,2025-2026,BUDGET_DOCS
27006,Bhandara,MH,electricity,424.32,374.03,1086.36,1776.18,2025-2026,BUDGET_DOCS
27006,Bhandara,MH,health,227.58,193.04,560.68,1228.38,2025-2026,BUDGET_DOCS
27007,Buldhana,MH,water,626.44,489.96,1600.41,2468.33,2025-2026,BUDGET_DOCS
27007,Buldhana,MH,roads,414.0,301.33,984.27,1793.42,2025-2026,BUDGET_DOCS
27007,Buldhana,MH,sanitation,359.61,252.57,825.0,2338.34,2025-2026,BUDGET_DOCS
27007,Buldhana,MH,electricity,681.88,490.82,1603.22,3203.85,2025-2026,BUDGET_DOCS
27007,Buldhana,MH,health,400.0,320.81,1047.9,2705.58,2025-2026,BUDGET_DOCS
27008,Chandrapur,MH,water,320.94,219.51,623.4,1451.08,2025-2026,BUDGET_DOCS
27008,Chandrapur,MH,roads,238.66,195.97,556.55,1378.14,2025-2026,BUDGET_DOCS
27008,Chandrapur,MH,sanitation,772.89,518.93,1473.75,3107.02,2025-2026,BUDGET_DOCS
27008,Chandrapur,MH,electricity,405.0,266.25,756.14,2180.89,2025-2026,BUDGET_DOCS
27008,Chandrapur,MH,health,513.84,484.31,1375.43,2596.02,2025-2026,BUDGET_DOCS
27009,Dhule,MH,water,568.65,434.25,1784.55,2839.53,2025-2026,BUDGET_DOCS
27009,Dhule,MH,roads,430.01,298.87,1228.2,2540.18,2025-2026,BUDGET_DOCS
27009,Dhule,MH,sanitation,497.53,465.96,1914.86,2954.01,2025-2026,BUDGET_DOCS
27009,Dhule,MH,electricity,701.39,574.87,2362.43,3404.84,2025-2026,BUDGET_DOCS
27009,Dhule,MH,health,581.41,505.93,2079.12,3494.97,2025-2026,BUDGET_DOCS
27010,Gadchiroli,MH,water,419.84,367.13,1075.5,2032.52,2025-2026,BUDGET_DOCS
27010,Gadchiroli,MH,roads,254.36,221.25,648.15,1465.46,2025-2026,BUDGET_DOCS
27010,Gadchiroli,MH,sanitation,619.53,468.11,1371.32,3224.52,2025-2026,BUDGET_DOCS
27010,Gadchiroli,MH,electricity,654.64,553.82,1622.41,2362.98,2025-2026,BUDGET_DOCS
27010,Gadchiroli,MH,health,532.68,413.18,1210.4,2592.0,2025-2026,BUDGET_DOCS
27011,Gondia,MH,water,165.52,151.36,877.21,1541.32,2025-2026,BUDGET_DOCS
27011,Gondia,MH,roads,137.4,108.03,626.09,1655.64,2025-2026,BUDGET_DOCS
27011,Gondia,MH,sanitation,160.77,141.42,819.6,1583.57,2025-2026,BUDGET_DOCS
27011,Gondia,MH,electricity,299.22,203.56,1179.74,2836.18,2025-2026,BUDGET_DOCS
27011,Gondia,MH,health,428.01,281.28,1630.17,3199.76,2025-2026,BUDGET_DOCS
27012,Hingoli,MH,water,391.79,339.55,1010.68,2600.14,2025-2026,BUDGET_DOCS
27012,Hingoli,MH,roads,374.71,350.34,1042.79,1369.63,2025-2026,BUDGET_DOCS
27012,Hingoli,MH,sanitation,756.95,660.22,1965.15,3294.55,2025-2026,BUDGET_DOCS
27012,Hingoli,MH,electricity,548.17,471.44,1403.25,2202.09,2025-2026,BUDGET_DOCS
27012,Hingoli,MH,health,703.83,581.97,1732.24,2886.92,2025-2026,BUDGET_DOCS
27013,Jalgaon,MH,water,181.02,145.78,792.88,2334.57,2025-2026,BUDGET_DOCS
27013,Jalgaon,MH,roads,278.34,258.41,1405.46,2407.95,2025-2026,BUDGET_DOCS
27013,Jalgaon,MH,sanitation,195.49,171.48,932.66,1856.09,2025-2026,BUDGET_DOCS
27013,Jalgaon,MH,electricity,261.31,243.94,1326.76,3393.08,2025-2026,BUDGET_DOCS
27013,Jalgaon,MH,health,432.83,337.24,1834.21,3229.48,2025-2026,BUDGET_DOCS
27014,Jalna,MH,water,292.54,210.48,835.72,2594.19,2025-2026,BUDGET_DOCS
27014,Jalna,MH,roads,205.47,167.59,665.42,1840.85,2025-2026,BUDGET_DOCS
27014,Jalna,MH,sanitation,284.11,235.67,935.74,2370.01,2025-2026,BUDGET_DOCS
27014,Jalna,MH,electricity,260.46,211.33,839.09,1291.41,2025-2026,BUDGET_DOCS
27014,Jalna,MH,health,257.36,230.78,916.32,1648.81,2025-2026,BUDGET_DOCS
27015,Kolhapur,MH,water,286.09,243.35,676.79,1514.68,2025-2026,BUDGET_DOCS
27015,Kolhapur,MH,roads,938.62,819.68,2279.65,3427.41,2025-2026,BUDGET_DOCS
27015,Kolhapur,MH,sanitation,266.77,185.94,517.13,1711.62,2025-2026,BUDGET_DOCS
27015,Kolhapur,MH,electricity,428.16,372.78,1036.76,1971.28,2025-2026,BUDGET_DOCS
27015,Kolhapur,MH,health,427.83,366.39,1018.98,2745.79,2025-2026,BUDGET_DOCS
27016,Latur,MH,water,259.41,183.84,1133.93,3205.86,2025-2026,BUDGET_DOCS
27016,Latur,MH,roads,228.58,161.41,995.58,2281.27,2025-2026,BUDGET_DOCS
27016,Latur,MH,sanitation,174.43,146.6,904.23,2342.47,2025-2026,BUDGET_DOCS
27016,Latur,MH,electricity,143.94,124.79,769.71,1404.04,2025-2026,BUDGET_DOCS
27016,Latur,MH,health,163.4,130.26,803.44,1692.63,2025-2026,BUDGET_DOCS
27017,Mumbai City,MH,water,239.37,183.76,1348.41,2315.64,2025-2026,BUDGET_DOCS
27017,Mumbai City,MH,roads,169.81,115.29,845.98,2021.39,2025-2026,BUDGET_DOCS
27017,Mumbai City,MH,sanitation,158.29,138.74,1018.06,1458.45,2025-2026,BUDGET_DOCS
27017,Mumbai City,MH,electricity,212.05,158.53,1163.27,1860.72,2025-2026,BUDGET_DOCS
27017,Mumbai City,MH,health,167.81,132.47,972.05,2723.56,2025-2026,BUDGET_DOCS
27018,Mumbai Suburban,MH,water,1025.99,766.37,1044.18,2140.71,2025-2026,BUDGET_DOCS
27018,Mumbai Suburban,MH,roads,1181.9,1055.09,1437.57,2752.47,2025-2026,BUDGET_DOCS
27018,Mumbai Suburban,MH,sanitation,826.92,551.05,750.81,2177.96,2025-2026,BUDGET_DOCS
27018,Mumbai Suburban,MH,electricity,847.64,712.76,971.14,2316.66,2025-2026,BUDGET_DOCS
27018,Mumbai Suburban,MH,health,576.03,412.66,562.25,1304.95,2025-2026,BUDGET_DOCS
27019,Nagpur,MH,water,211.05,140.3,843.81,2961.83,2025-2026,BUDGET_DOCS
27019,Nagpur,MH,roads,179.48,169.71,1020.69,1684.07,2025-2026,BUDGET_DOCS
27019,Nagpur,MH,sanitation,300.58,260.11,1564.39,3127.74,2025-2026,BUDGET_DOCS
27019,Nagpur,MH,electricity,146.75,111.85,672.7,1867.43,2025-2026,BUDGET_DOCS
27019,Nagpur,MH,health,232.03,168.13,1011.19,2150.81,2025-2026,BUDGET_DOCS
27020,Nanded,MH,water,409.28,366.51,1075.27,2069.07,2025-2026,BUDGET_DOCS
27020,Nanded,MH,roads,863.74,581.26,1705.31,3216.23,2025-2026,BUDGET_DOCS
27020,Nanded,MH,sanitation,576.51,501.44,1471.13,2360.37,2025-2026,BUDGET_DOCS
27020,Nanded,MH,electricity,311.9,253.42,743.49,1246.35,2025-2026,BUDGET_DOCS
27020,Nanded,MH,health,500.35,413.52,1213.19,3313.64,2025-2026,BUDGET_DOCS
27021,Nandurbar,MH,water,560.57,445.66,1775.95,3423.84,2025-2026,BUDGET_DOCS
27021,Nandurbar,MH,roads,527.95,381.91,1521.91,3287.63,2025-2026,BUDGET_DOCS
27021,Nandurbar,MH,sanitation,194.0,149.01,593.8,1239.59,2025-2026,BUDGET_DOCS
27021,Nandurbar,MH,electricity,333.49,227.6,906.98,2057.3,2025-2026,BUDGET_DOCS
27021,Nandurbar,MH,health,361.08,277.74,1106.79,1715.34,2025-2026,BUDGET_DOCS
27022,Nashik,MH,water,571.71,495.62,1391.4,2617.92,2025-2026,BUDGET_DOCS
27022,Nashik,MH,roads,449.93,396.04,1111.84,2503.27,2025-2026,BUDGET_DOCS
27022,Nashik,MH,sanitation,342.41,257.27,722.26,1779.65,2025-2026,BUDGET_DOCS
27022,Nashik,MH,electricity,300.01,245.89,690.31,1546.41,2025-2026,BUDGET_DOCS
27022,Nashik,MH,health,306.11,262.37,736.57,2135.03,2025-2026,BUDGET_DOCS
27023,Dharashiv,MH,water,359.39,274.11,785.78,1441.6,2025-2026,BUDGET_DOCS
27023,Dharashiv,MH,roads,485.18,424.26,1216.21,2940.84,2025-2026,BUDGET_DOCS
27023,Dharashiv,MH,sanitation,329.47,310.22,889.3,1582.25,2025-2026,BUDGET_DOCS
27023,Dharashiv,MH,electricity,265.86,186.43,534.43,1289.84,2025-2026,BUDGET_DOCS
27023,Dharashiv,MH,health,658.24,575.76,1650.52,3047.25,2025-2026,BUDGET_DOCS
27024,Palghar,MH,water,276.15,238.69,976.37,1670.26,2025-2026,BUDGET_DOCS
27024,Palghar,MH,roads,300.34,236.93,969.17,2394.57,2025-2026,BUDGET_DOCS
27024,Palghar,MH,sanitation,669.9,580.16,2373.17,3353.27,2025-2026,BUDGET_DOCS
27024,Palghar,MH,electricity,356.11,287.49,1175.99,3160.51,2025-2026,BUDGET_DOCS
27024,Palghar,MH,health,307.24,238.08,973.88,3107.64,2025-2026,BUDGET_DOCS
27025,Parbhani,MH,water,99.11,70.15,573.36,1993.4,2025-2026,BUDGET_DOCS
27025,Parbhani,MH,roads,183.74,142.92,1168.13,1853.63,2025-2026,BUDGET_DOCS
27025,Parbhani,MH,sanitation,199.01,175.15,1431.55,2877.44,2025-2026,BUDGET_DOCS
27025,Parbhani,MH,electricity,267.35,225.24,1840.95,3348.91,2025-2026,BUDGET_DOCS
27025,Parbhani,MH,health,135.89,92.53,756.27,1665.95,2025-2026,BUDGET_DOCS
27026,Pune,MH,water,579.71,377.28,1058.54,3291.23,2025-2026,BUDGET_DOCS
27026,Pune,MH,roads,307.27,285.41,800.78,1733.21,2025-2026,BUDGET_DOCS
27026,Pune,MH,sanitation,432.82,343.07,962.55,2614.32,2025-2026,BUDGET_DOCS
27026,Pune,MH,electricity,186.14,175.15,491.42,1200.57,2025-2026,BUDGET_DOCS
27026,Pune,MH,health,412.15,320.5,899.23,1515.04,2025-2026,BUDGET_DOCS
27027,Raigad,MH,water,442.58,382.13,2258.48,3374.63,2025-2026,BUDGET_DOCS
27027,Raigad,MH,roads,345.6,275.45,1627.98,3131.72,2025-2026,BUDGET_DOCS
27027,Raigad,MH,sanitation,361.34,295.35,1745.59,3014.62,2025-2026,BUDGET_DOCS
27027,Raigad,MH,electricity,207.35,136.35,805.86,2201.45,2025-2026,BUDGET_DOCS
27027,Raigad,MH,health,210.57,179.2,1059.12,2041.08,2025-2026,BUDGET_DOCS
27028,Ratnagiri,MH,water,734.65,480.39,1353.99,3306.36,2025-2026,BUDGET_DOCS
27028,Ratnagiri,MH,roads,448.31,377.7,1064.56,1827.96,2025-2026,BUDGET_DOCS
27028,Ratnagiri,MH,sanitation,636.72,548.39,1545.65,2116.08,2025-2026,BUDGET_DOCS
27028,Ratnagiri,MH,electricity,276.52,227.2,640.37,1830.6,2025-2026,BUDGET_DOCS
27028,Ratnagiri,MH,health,325.82,257.8,726.62,1269.98,2025-2026,BUDGET_DOCS
27029,Sangli,MH,water,207.95,142.62,739.41,1390.5,2025-2026,BUDGET_DOCS
27029,Sangli,MH,roads,308.17,229.36,1189.1,2219.77,2025-2026,BUDGET_DOCS
27029,Sangli,MH,sanitation,321.24,290.97,1508.52,3173.15,2025-2026,BUDGET_DOCS
27029,Sangli,MH,electricity,382.09,286.49,1485.29,2706.74,2025-2026,BUDGET_DOCS
27029,Sangli,MH,health,426.23,391.84,2031.47,2745.58,2025-2026,BUDGET_DOCS
27030,Satara,MH,water,245.55,196.84,719.39,1833.71,2025-2026,BUDGET_DOCS
27030,Satara,MH,roads,321.81,290.07,1060.12,1597.83,2025-2026,BUDGET_DOCS
27030,Satara,MH,sanitation,172.85,130.54,477.09,1207.42,2025-2026,BUDGET_DOCS
27030,Satara,MH,electricity,356.18,305.92,1118.05,1985.34,2025-2026,BUDGET_DOCS
27030,Satara,MH,health,416.51,285.26,1042.54,2502.24,2025-2026,BUDGET_DOCS
27031,Sindhudurg,MH,water,426.81,301.89,1525.69,2677.33,2025-2026,BUDGET_DOCS
27031,Sindhudurg,MH,roads,267.3,178.02,899.68,2938.41,2025-2026,BUDGET_DOCS
27031,Sindhudurg,MH,sanitation,268.24,185.66,938.29,2823.6,2025-2026,BUDGET_DOCS
27031,Sindhudurg,MH,electricity,191.17,135.06,682.57,1925.74,2025-2026,BUDGET_DOCS
27031,Sindhudurg,MH,health,306.8,226.57,1145.04,3232.21,2025-2026,BUDGET_DOCS
27032,Solapur,MH,water,497.4,442.13,1358.42,1997.92,2025-2026,BUDGET_DOCS
27032,Solapur,MH,roads,390.2,312.6,960.45,1677.13,2025-2026,BUDGET_DOCS
27032,Solapur,MH,sanitation,766.36,519.0,1594.6,3108.67,2025-2026,BUDGET_DOCS
27032,Solapur,MH,electricity,500.47,395.52,1215.22,2978.84,2025-2026,BUDGET_DOCS
27032,Solapur,MH,health,187.13,158.59,487.26,1272.33,2025-2026,BUDGET_DOCS
27033,Thane,MH,water,438.39,405.05,1106.3,2690.13,2025-2026,BUDGET_DOCS
27033,Thane,MH,roads,425.39,300.26,820.09,1904.43,2025-2026,BUDGET_DOCS
27033,Thane,MH,sanitation,349.73,275.21,751.67,1250.02,2025-2026,BUDGET_DOCS
27033,Thane,MH,electricity,550.68,423.91,1157.81,2524.72,2025-2026,BUDGET_DOCS
27033,Thane,MH,health,586.47,446.87,1220.52,3118.42,2025-2026,BUDGET_DOCS
27034,Wardha,MH,water,208.32,172.71,702.35,1582.68,2025-2026,BUDGET_DOCS
27034,Wardha,MH,roads,438.5,410.19,1668.1,2804.55,2025-2026,BUDGET_DOCS
27034,Wardha,MH,sanitation,285.23,242.17,984.82,2506.37,2025-2026,BUDGET_DOCS
27034,Wardha,MH,electricity,314.37,212.87,865.67,3013.71,2025-2026,BUDGET_DOCS
27034,Wardha,MH,health,344.73,259.87,1056.8,3023.59,2025-2026,BUDGET_DOCS
27035,Washim,MH,water,126.76,103.3,568.01,1566.46,2025-2026,BUDGET_DOCS
27035,Washim,MH,roads,189.85,150.3,826.45,2106.31,2025-2026,BUDGET_DOCS
27035,Washim,MH,sanitation,228.6,165.24,908.6,2065.47,2025-2026,BUDGET_DOCS
27035,Washim,MH,electricity,345.67,257.7,1417.01,3308.98,2025-2026,BUDGET_DOCS
27035,Washim,MH,health,353.44,264.42,1453.96,3351.1,2025-2026,BUDGET_DOCS
27036,Yavatmal,MH,water,240.26,184.87,620.19,1203.66,2025-2026,BUDGET_DOCS
27036,Yavatmal,MH,roads,206.79,165.43,554.97,1377.72,2025-2026,BUDGET_DOCS
27036,Yavatmal,MH,sanitation,207.94,140.95,472.85,1301.77,2025-2026,BUDGET_DOCS
27036,Yavatmal,MH,electricity,298.68,207.65,696.61,2083.35,2025-2026,BUDGET_DOCS
27036,Yavatmal,MH,health,401.9,319.19,1070.8,1915.51,2025-2026,BUDGET_DOCS
14001,Bishnupur,MN,water,101.16,86.58,804.29,1496.1,2025-2026,BUDGET_DOCS
14001,Bishnupur,MN,roads,91.67,78.02,724.77,1226.65,2025-2026,BUDGET_DOCS
14001,Bishnupur,MN,sanitation,99.24,77.16,716.78,2171.65,2025-2026,BUDGET_DOCS
14001,Bishnupur,MN,electricity,141.49,126.23,1172.62,2906.75,2025-2026,BUDGET_DOCS
14001,Bishnupur,MN,health,221.6,195.96,1820.38,3288.88,2025-2026,BUDGET_DOCS
14002,Chandel,MN,water,254.61,169.2,1154.81,2873.55,2025-2026,BUDGET_DOCS
14002,Chandel,MN,roads,123.11,98.1,669.55,1847.94,2025-2026,BUDGET_DOCS
14002,Chandel,MN,sanitation,239.66,205.13,1400.04,2044.34,2025-2026,BUDGET_DOCS
14002,Chandel,MN,electricity,143.95,106.36,725.92,1780.35,2025-2026,BUDGET_DOCS
14002,Chandel,MN,health,291.11,204.83,1397.99,3084.09,2025-2026,BUDGET_DOCS
14003,Churachandpur,MN,water,158.45,149.19,1080.46,2191.53,2025-2026,BUDGET_DOCS
14003,Churachandpur,MN,roads,196.04,175.98,1274.48,2784.68,2025-2026,BUDGET_DOCS
14003,Churachandpur,MN,sanitation,314.4,253.74,1837.63,3120.31,2025-2026,BUDGET_DOCS
14003,Churachandpur,MN,electricity,135.23,103.02,746.09,2254.37,2025-2026,BUDGET_DOCS
14003,Churachandpur,MN,health,178.24,149.96,1086.03,1537.53,2025-2026,BUDGET_DOCS
14004,Imphal East,MN,water,575.16,472.36,2126.53,3419.87,2025-2026,BUDGET_DOCS
14004,Imphal East,MN,roads,524.58,425.83,1917.05,3488.31,2025-2026,BUDGET_DOCS
14004,Imphal East,MN,sanitation,478.79,318.23,1432.65,3025.56,2025-2026,BUDGET_DOCS
14004,Imphal East,MN,electricity,277.97,258.69,1164.6,2518.67,2025-2026,BUDGET_DOCS
14004,Imphal East,MN,health,288.92,203.89,917.9,1832.01,2025-2026,BUDGET_DOCS
14005,Imphal West,MN,water,109.58,94.53,615.4,1423.44,2025-2026,BUDGET_DOCS
14005,Imphal West,MN,roads,177.17,153.86,1001.65,1708.43,2025-2026,BUDGET_DOCS
14005,Imphal West,MN,sanitation,242.67,188.37,1226.31,2601.43,2025-2026,BUDGET_DOCS
14005,Imphal West,MN,electricity,254.0,201.34,1310.75,2569.03,2025-2026,BUDGET_DOCS
14005,Imphal West,MN,health,211.39,157.67,1026.45,2482.61,2025-2026,BUDGET_DOCS
14006,Jiribam,MN,water,319.26,242.88,1075.98,1677.37,2025-2026,BUDGET_DOCS
14006,Jiribam,MN,roads,228.89,195.09,864.27,1871.19,2025-2026,BUDGET_DOCS
14006,Jiribam,MN,sanitation,194.97,136.48,604.62,1268.0,2025-2026,BUDGET_DOCS
14006,Jiribam,MN,electricity,269.42,255.61,1132.38,2008.74,2025-2026,BUDGET_DOCS
14006,Jiribam,MN,health,237.18,193.76,858.38,1253.84,2025-2026,BUDGET_DOCS
14007,Kakching,MN,water,408.41,308.6,1688.73,3451.46,2025-2026,BUDGET_DOCS
14007,Kakching,MN,roads,250.27,183.61,1004.75,1700.83,2025-2026,BUDGET_DOCS
14007,Kakching,MN,sanitation,371.3,315.33,1725.55,2972.15,2025-2026,BUDGET_DOCS
14007,Kakching,MN,electricity,347.91,292.54,1600.84,2779.74,2025-2026,BUDGET_DOCS
14007,Kakching,MN,health,275.3,197.54,1080.98,2355.3,2025-2026,BUDGET_DOCS
14008,Kamjong,MN,water,193.83,150.31,1155.89,2534.36,2025-2026,BUDGET_DOCS
14008,Kamjong,MN,roads,87.79,62.97,484.24,1634.41,2025-2026,BUDGET_DOCS
14008,Kamjong,MN,sanitation,212.01,142.93,1099.14,2602.32,2025-2026,BUDGET_DOCS
14008,Kamjong,MN,electricity,190.78,125.31,963.64,2512.34,2025-2026,BUDGET_DOCS
14008,Kamjong,MN,health,160.72,134.63,1035.31,2602.57,2025-2026,BUDGET_DOCS
14009,Kangpokpi,MN,water,135.3,99.84,1335.39,3319.19,2025-2026,BUDGET_DOCS
14009,Kangpokpi,MN,roads,120.1,94.68,1266.37,3257.23,2025-2026,BUDGET_DOCS
14009,Kangpokpi,MN,sanitation,88.54,83.84,1121.39,1763.61,2025-2026,BUDGET_DOCS
14009,Kangpokpi,MN,electricity,189.94,151.96,2032.51,3032.53,2025-2026,BUDGET_DOCS
14009,Kangpokpi,MN,health,73.11,54.79,732.83,1455.66,2025-2026,BUDGET_DOCS
14010,Noney,MN,water,215.96,190.69,1142.32,2846.75,2025-2026,BUDGET_DOCS
14010,Noney,MN,roads,287.38,188.84,1131.23,2688.31,2025-2026,BUDGET_DOCS
14010,Noney,MN,sanitation,279.73,206.41,1236.48,2305.86,2025-2026,BUDGET_DOCS
14010,Noney,MN,electricity,272.04,239.57,1435.13,2116.31,2025-2026,BUDGET_DOCS
14010,Noney,MN,health,245.52,197.27,1181.73,2035.76,2025-2026,BUDGET_DOCS
14011,Pherzawl,MN,water,95.24,81.73,851.21,1808.37,2025-2026,BUDGET_DOCS
14011,Pherzawl,MN,roads,155.62,136.28,1419.34,2253.96,2025-2026,BUDGET_DOCS
14011,Pherzawl,MN,sanitation,156.47,134.06,1396.22,2941.06,2025-2026,BUDGET_DOCS
14011,Pherzawl,MN,electricity,113.45,82.52,859.43,1960.52,2025-2026,BUDGET_DOCS
14011,Pherzawl,MN,health,73.24,50.68,527.83,1833.19,2025-2026,BUDGET_DOCS
14012,Senapati,MN,water,120.73,92.39,625.22,1537.01,2025-2026,BUDGET_DOCS
14012,Senapati,MN,roads,162.46,115.91,784.38,2664.55,2025-2026,BUDGET_DOCS
14012,Senapati,MN,sanitation,185.81,135.24,915.19,1896.8,2025-2026,BUDGET_DOCS
14012,Senapati,MN,electricity,310.68,294.78,1994.82,2858.62,2025-2026,BUDGET_DOCS
14012,Senapati,MN,health,213.85,149.94,1014.66,2133.44,2025-2026,BUDGET_DOCS
14013,Tamenglong,MN,water,148.18,102.99,588.22,1717.1,2025-2026,BUDGET_DOCS
14013,Tamenglong,MN,roads,331.36,227.27,1298.04,2599.87,2025-2026,BUDGET_DOCS
14013,Tamenglong,MN,sanitation,180.73,148.35,847.29,1652.97,2025-2026,BUDGET_DOCS
14013,Tamenglong,MN,electricity,189.48,165.58,945.7,2668.86,2025-2026,BUDGET_DOCS
14013,Tamenglong,MN,health,407.31,374.5,2138.93,3083.46,2025-2026,BUDGET_DOCS
14014,Tengnoupal,MN,water,94.24,83.8,1089.91,2402.78,2025-2026,BUDGET_DOCS
14014,Tengnoupal,MN,roads,102.32,92.83,1207.35,1620.17,2025-2026,BUDGET_DOCS
14014,Tengnoupal,MN,sanitation,95.88,67.43,877.0,1725.18,2025-2026,BUDGET_DOCS
14014,Tengnoupal,MN,electricity,137.93,101.14,1315.44,3452.57,2025-2026,BUDGET_DOCS
14014,Tengnoupal,MN,health,163.28,151.07,1964.83,2909.15,2025-2026,BUDGET_DOCS
14015,Thoubal,MN,water,181.73,123.57,925.66,2216.37,2025-2026,BUDGET_DOCS
14015,Thoubal,MN,roads,228.31,168.95,1265.6,2555.56,2025-2026,BUDGET_DOCS
14015,Thoubal,MN,sanitation,96.81,89.21,668.27,1222.09,2025-2026,BUDGET_DOCS
14015,Thoubal,MN,electricity,228.44,192.53,1442.24,2855.96,2025-2026,BUDGET_DOCS
14015,Thoubal,MN,health,233.84,205.0,1535.66,2554.56,2025-2026,BUDGET_DOCS
14016,Ukhrul,MN,water,249.67,170.63,1098.08,2357.04,2025-2026,BUDGET_DOCS
14016,Ukhrul,MN,roads,220.21,143.57,923.94,2940.21,2025-2026,BUDGET_DOCS
14016,Ukhrul,MN,sanitation,318.27,254.21,1635.95,3254.74,2025-2026,BUDGET_DOCS
14016,Ukhrul,MN,electricity,185.82,158.3,1018.73,1611.23,2025-2026,BUDGET_DOCS
14016,Ukhrul,MN,health,173.55,130.64,840.73,1417.51,2025-2026,BUDGET_DOCS
17001,East Garo Hills,ML,water,12.91,9.93,727.48,1944.66,2025-2026,BUDGET_DOCS
17001,East Garo Hills,ML,roads,10.26,8.71,638.1,1595.09,2025-2026,BUDGET_DOCS
17001,East Garo Hills,ML,sanitation,16.82,13.32,975.83,1949.07,2025-2026,BUDGET_DOCS
17001,East Garo Hills,ML,electricity,20.61,17.89,1310.63,2569.03,2025-2026,BUDGET_DOCS
17001,East Garo Hills,ML,health,12.21,11.36,832.24,1726.06,2025-2026,BUDGET_DOCS
17002,East Jaintia Hills,ML,water,24.31,19.13,978.25,2685.32,2025-2026,BUDGET_DOCS
17002,East Jaintia Hills,ML,roads,27.51,19.55,999.73,1830.68,2025-2026,BUDGET_DOCS
17002,East Jaintia Hills,ML,sanitation,27.43,24.68,1262.06,2722.73,2025-2026,BUDGET_DOCS
17002,East Jaintia Hills,ML,electricity,14.53,11.11,568.13,1254.46,2025-2026,BUDGET_DOCS
17002,East Jaintia Hills,ML,health,35.58,31.64,1617.98,2483.56,2025-2026,BUDGET_DOCS
17003,East Khasi Hills,ML,water,26.76,22.1,1237.16,1774.65,2025-2026,BUDGET_DOCS
17003,East Khasi Hills,ML,roads,10.15,7.64,427.69,1336.43,2025-2026,BUDGET_DOCS
17003,East Khasi Hills,ML,sanitation,26.0,19.12,1070.34,2437.16,2025-2026,BUDGET_DOCS
17003,East Khasi Hills,ML,electricity,32.51,21.85,1223.16,2285.23,2025-2026,BUDGET_DOCS
17003,East Khasi Hills,ML,health,44.93,40.32,2257.12,3447.51,2025-2026,BUDGET_DOCS
17004,Eastern West Khasi Hills,ML,water,69.12,64.78,1928.05,2808.28,2025-2026,BUDGET_DOCS
17004,Eastern West Khasi Hills,ML,roads,51.02,44.6,1327.43,2030.83,2025-2026,BUDGET_DOCS
17004,Eastern West Khasi Hills,ML,sanitation,31.0,22.27,662.82,1694.07,2025-2026,BUDGET_DOCS
17004,Eastern West Khasi Hills,ML,electricity,33.44,31.48,936.94,2033.07,2025-2026,BUDGET_DOCS
17004,Eastern West Khasi Hills,ML,health,40.52,37.68,1121.47,1795.76,2025-2026,BUDGET_DOCS
17005,North Garo Hills,ML,water,33.31,24.99,964.7,2439.26,2025-2026,BUDGET_DOCS
17005,North Garo Hills,ML,roads,15.23,10.32,398.39,1354.35,2025-2026,BUDGET_DOCS
17005,North Garo Hills,ML,sanitation,28.99,20.22,780.56,2484.07,2025-2026,BUDGET_DOCS
17005,North Garo Hills,ML,electricity,48.31,39.72,1533.33,2381.05,2025-2026,BUDGET_DOCS
17005,North Garo Hills,ML,health,40.86,28.9,1115.64,2277.43,2025-2026,BUDGET_DOCS
17006,Ri Bhoi,ML,water,16.2,13.32,739.36,2194.51,2025-2026,BUDGET_DOCS
17006,Ri Bhoi,ML,roads,16.91,11.09,615.58,1214.61,2025-2026,BUDGET_DOCS
17006,Ri Bhoi,ML,sanitation,18.33,13.34,740.47,1718.03,2025-2026,BUDGET_DOCS
17006,Ri Bhoi,ML,electricity,21.71,16.24,901.44,1712.65,2025-2026,BUDGET_DOCS
17006,Ri Bhoi,ML,health,28.39,25.01,1388.24,2252.83,2025-2026,BUDGET_DOCS
17007,South Garo Hills,ML,water,88.37,74.89,2219.37,3202.28,2025-2026,BUDGET_DOCS
17007,South Garo Hills,ML,roads,26.58,25.18,746.21,1663.91,2025-2026,BUDGET_DOCS
17007,South Garo Hills,ML,sanitation,47.68,42.04,1245.86,1735.85,2025-2026,BUDGET_DOCS
17007,South Garo Hills,ML,electricity,33.87,31.61,936.76,1262.78,2025-2026,BUDGET_DOCS
17007,South Garo Hills,ML,health,41.37,27.21,806.37,1483.15,2025-2026,BUDGET_DOCS
17008,South West Garo Hills,ML,water,11.24,10.48,725.97,1574.63,2025-2026,BUDGET_DOCS
17008,South West Garo Hills,ML,roads,23.53,22.32,1546.16,2903.48,2025-2026,BUDGET_DOCS
17008,South West Garo Hills,ML,sanitation,15.39,10.42,721.82,2154.79,2025-2026,BUDGET_DOCS
17008,South West Garo Hills,ML,electricity,21.01,16.86,1167.93,2365.89,2025-2026,BUDGET_DOCS
17008,South West Garo Hills,ML,health,19.83,15.15,1049.47,3373.26,2025-2026,BUDGET_DOCS
17009,South West Khasi Hills,ML,water,21.77,20.01,2287.82,3417.74,2025-2026,BUDGET_DOCS
17009,South West Khasi Hills,ML,roads,8.91,6.27,716.87,1304.35,2025-2026,BUDGET_DOCS
17009,South West Khasi Hills,ML,sanitation,6.77,4.69,536.23,1221.33,2025-2026,BUDGET_DOCS
17009,South West Khasi Hills,ML,electricity,8.33,6.9,788.91,2280.57,2025-2026,BUDGET_DOCS
17009,South West Khasi Hills,ML,health,10.79,7.96,910.1,1682.6,2025-2026,BUDGET_DOCS
17010,West Garo Hills,ML,water,40.84,34.17,1341.04,2058.32,2025-2026,BUDGET_DOCS
17010,West Garo Hills,ML,roads,13.27,8.74,343.01,1265.5,2025-2026,BUDGET_DOCS
17010,West Garo Hills,ML,sanitation,42.49,29.46,1156.19,2282.16,2025-2026,BUDGET_DOCS
17010,West Garo Hills,ML,electricity,35.01,30.77,1207.6,2137.6,2025-2026,BUDGET_DOCS
17010,West Garo Hills,ML,health,34.74,23.62,926.99,2861.8,2025-2026,BUDGET_DOCS
17011,West Jaintia Hills,ML,water,24.91,20.23,792.9,1790.78,2025-2026,BUDGET_DOCS
17011,West Jaintia Hills,ML,roads,60.81,41.29,1618.33,3400.88,2025-2026,BUDGET_DOCS
17011,West Jaintia Hills,ML,sanitation,46.08,37.85,1483.51,2333.44,2025-2026,BUDGET_DOCS
17011,West Jaintia Hills,ML,electricity,24.0,21.4,838.76,1489.42,2025-2026,BUDGET_DOCS
17011,West Jaintia Hills,ML,health,27.16,23.71,929.3,1527.97,2025-2026,BUDGET_DOCS
17012,West Khasi Hills,ML,water,13.65,11.25,1247.66,2170.65,2025-2026,BUDGET_DOCS
17012,West Khasi Hills,ML,roads,12.55,11.57,1283.15,3349.64,2025-2026,BUDGET_DOCS
17012,West Khasi Hills,ML,sanitation,7.93,5.63,624.38,2085.57,2025-2026,BUDGET_DOCS
17012,West Khasi Hills,ML,electricity,6.78,4.48,496.84,1619.0,2025-2026,BUDGET_DOCS
17012,West Khasi Hills,ML,health,12.91,9.64,1069.1,3027.98,2025-2026,BUDGET_DOCS
15001,Aizawl,MZ,water,36.1,25.48,1183.45,1975.91,2025-2026,BUDGET_DOCS
15001,Aizawl,MZ,roads,33.85,29.84,1385.95,1984.26,2025-2026,BUDGET_DOCS
15001,Aizawl,MZ,sanitation,21.48,19.48,904.77,2249.53,2025-2026,BUDGET_DOCS
15001,Aizawl,MZ,electricity,32.98,29.17,1354.83,2955.52,2025-2026,BUDGET_DOCS
15001,Aizawl,MZ,health,19.32,15.71,729.67,2180.98,2025-2026,BUDGET_DOCS
15002,Champhai,MZ,water,26.66,18.89,2025.37,3364.87,2025-2026,BUDGET_DOCS
15002,Champhai,MZ,roads,14.6,9.56,1025.01,3132.03,2025-2026,BUDGET_DOCS
15002,Champhai,MZ,sanitation,15.06,12.5,1340.24,2886.85,2025-2026,BUDGET_DOCS
15002,Champhai,MZ,electricity,11.37,9.18,984.27,1549.07,2025-2026,BUDGET_DOCS
15002,Champhai,MZ,health,15.97,11.48,1230.87,3040.6,2025-2026,BUDGET_DOCS
15003,Hnahthial,MZ,water,35.4,33.09,1430.42,1840.37,2025-2026,BUDGET_DOCS
15003,Hnahthial,MZ,roads,35.06,33.01,1426.96,1881.94,2025-2026,BUDGET_DOCS
15003,Hnahthial,MZ,sanitation,45.99,31.77,1373.36,3255.61,2025-2026,BUDGET_DOCS
15003,Hnahthial,MZ,electricity,31.08,22.55,974.79,3357.73,2025-2026,BUDGET_DOCS
15003,Hnahthial,MZ,health,30.97,28.71,1241.08,2478.24,2025-2026,BUDGET_DOCS
15004,Khawzawl,MZ,water,9.4,6.51,985.63,1720.5,2025-2026,BUDGET_DOCS
15004,Khawzawl,MZ,roads,10.19,8.41,1273.3,2123.31,2025-2026,BUDGET_DOCS
15004,Khawzawl,MZ,sanitation,8.94,6.19,937.18,2746.33,2025-2026,BUDGET_DOCS
15004,Khawzawl,MZ,electricity,6.63,5.58,844.83,1833.58,2025-2026,BUDGET_DOCS
15004,Khawzawl,MZ,health,10.07,8.88,1344.46,2397.43,2025-2026,BUDGET_DOCS
15005,Kolasib,MZ,water,42.64,35.74,1349.8,3127.35,2025-2026,BUDGET_DOCS
15005,Kolasib,MZ,roads,27.46,23.7,895.08,2179.59,2025-2026,BUDGET_DOCS
15005,Kolasib,MZ,sanitation,52.32,38.58,1457.06,3190.66,2025-2026,BUDGET_DOCS
15005,Kolasib,MZ,electricity,27.98,24.33,918.88,2402.53,2025-2026,BUDGET_DOCS
15005,Kolasib,MZ,health,71.21,51.44,1942.74,3407.39,2025-2026,BUDGET_DOCS
15006,Lawngtlai,MZ,water,23.2,18.46,705.27,1229.73,2025-2026,BUDGET_DOCS
15006,Lawngtlai,MZ,roads,33.31,25.99,992.96,2547.3,2025-2026,BUDGET_DOCS
15006,Lawngtlai,MZ,sanitation,40.24,36.13,1380.37,1811.23,2025-2026,BUDGET_DOCS
15006,Lawngtlai,MZ,electricity,40.9,33.53,1281.03,2322.08,2025-2026,BUDGET_DOCS
15006,Lawngtlai,MZ,health,53.78,45.73,1747.14,2595.24,2025-2026,BUDGET_DOCS
15007,Lunglei,MZ,water,11.51,8.86,1022.13,3185.85,2025-2026,BUDGET_DOCS
15007,Lunglei,MZ,roads,19.44,15.15,1747.77,3052.01,2025-2026,BUDGET_DOCS
15007,Lunglei,MZ,sanitation,14.17,9.98,1151.33,3288.59,2025-2026,BUDGET_DOCS
15007,Lunglei,MZ,electricity,12.59,9.29,1071.73,2650.2,2025-2026,BUDGET_DOCS
15007,Lunglei,MZ,health,7.69,6.05,697.95,2147.93,2025-2026,BUDGET_DOCS
15008,Mamit,MZ,water,28.85,22.23,1032.12,2458.74,2025-2026,BUDGET_DOCS
15008,Mamit,MZ,roads,33.06,29.87,1386.84,2001.64,2025-2026,BUDGET_DOCS
15008,Mamit,MZ,sanitation,37.57,31.37,1456.49,3170.29,2025-2026,BUDGET_DOCS
15008,Mamit,MZ,electricity,48.52,34.85,1618.06,2901.68,2025-2026,BUDGET_DOCS
15008,Mamit,MZ,health,29.81,25.83,1199.27,3105.97,2025-2026,BUDGET_DOCS
15009,Saiha,MZ,water,28.5,26.3,889.5,1456.41,2025-2026,BUDGET_DOCS
15009,Saiha,MZ,roads,54.2,47.54,1607.86,2810.53,2025-2026,BUDGET_DOCS
15009,Saiha,MZ,sanitation,41.74,35.84,1212.15,2437.99,2025-2026,BUDGET_DOCS
15009,Saiha,MZ,electricity,21.59,17.91,605.74,1656.83,2025-2026,BUDGET_DOCS
15009,Saiha,MZ,health,55.37,40.37,1365.36,3216.95,2025-2026,BUDGET_DOCS
15010,Saitual,MZ,water,32.03,21.07,867.03,1556.53,2025-2026,BUDGET_DOCS
15010,Saitual,MZ,roads,29.73,21.28,875.67,1716.28,2025-2026,BUDGET_DOCS
15010,Saitual,MZ,sanitation,46.7,41.72,1716.77,3212.81,2025-2026,BUDGET_DOCS
15010,Saitual,MZ,electricity,19.89,18.68,768.68,1534.37,2025-2026,BUDGET_DOCS
15010,Saitual,MZ,health,47.6,37.21,1531.19,3172.32,2025-2026,BUDGET_DOCS
15011,Serchhip,MZ,water,36.48,27.22,2004.6,3270.12,2025-2026,BUDGET_DOCS
15011,Serchhip,MZ,roads,22.81,15.75,1159.9,2021.27,2025-2026,BUDGET_DOCS
15011,Serchhip,MZ,sanitation,36.41,26.36,1941.26,3177.87,2025-2026,BUDGET_DOCS
15011,Serchhip,MZ,electricity,15.16,14.32,1054.59,2438.03,2025-2026,BUDGET_DOCS
15011,Serchhip,MZ,health,25.63,20.32,1496.45,3003.7,2025-2026,BUDGET_DOCS
13001,Chumoukedima,NL,water,25.0,20.45,1324.1,3392.28,2025-2026,BUDGET_DOCS
13001,Chumoukedima,NL,roads,16.35,12.33,798.34,2485.69,2025-2026,BUDGET_DOCS
13001,Chumoukedima,NL,sanitation,23.02,19.67,1273.59,3195.43,2025-2026,BUDGET_DOCS
13001,Chumoukedima,NL,electricity,15.09,12.39,802.23,1350.45,2025-2026,BUDGET_DOCS
13001,Chumoukedima,NL,health,37.96,32.8,2123.73,3378.91,2025-2026,BUDGET_DOCS
13002,Dimapur,NL,water,15.72,10.25,976.96,2767.04,2025-2026,BUDGET_DOCS
13002,Dimapur,NL,roads,19.67,14.9,1420.17,2602.07,2025-2026,BUDGET_DOCS
13002,Dimapur,NL,sanitation,13.0,10.84,1033.2,1475.27,2025-2026,BUDGET_DOCS
13002,Dimapur,NL,electricity,18.49,16.08,1532.64,2418.48,2025-2026,BUDGET_DOCS
13002,Dimapur,NL,health,12.47,10.94,1042.73,1772.24,2025-2026,BUDGET_DOCS
13003,Kiphire,NL,water,28.11,20.4,692.68,1608.05,2025-2026,BUDGET_DOCS
13003,Kiphire,NL,roads,21.46,15.24,517.47,1408.69,2025-2026,BUDGET_DOCS
13003,Kiphire,NL,sanitation,40.87,27.57,936.13,2007.76,2025-2026,BUDGET_DOCS
13003,Kiphire,NL,electricity,29.17,21.22,720.52,2238.97,2025-2026,BUDGET_DOCS
13003,Kiphire,NL,health,40.56,33.14,1125.26,3222.39,2025-2026,BUDGET_DOCS
13004,Kohima,NL,water,5.4,5.09,1417.59,2345.86,2025-2026,BUDGET_DOCS
13004,Kohima,NL,roads,3.61,2.51,699.05,1423.02,2025-2026,BUDGET_DOCS
13004,Kohima,NL,sanitation,3.55,2.78,774.24,2060.59,2025-2026,BUDGET_DOCS
13004,Kohima,NL,electricity,8.44,6.77,1885.48,3145.74,2025-2026,BUDGET_DOCS
13004,Kohima,NL,health,6.62,5.54,1542.92,3073.03,2025-2026,BUDGET_DOCS
13005,Longleng,NL,water,11.72,9.93,1012.62,1976.01,2025-2026,BUDGET_DOCS
13005,Longleng,NL,roads,22.98,21.45,2187.39,3113.07,2025-2026,BUDGET_DOCS
13005,Longleng,NL,sanitation,11.53,8.35,851.5,2738.02,2025-2026,BUDGET_DOCS
13005,Longleng,NL,electricity,12.45,9.93,1012.62,1525.18,2025-2026,BUDGET_DOCS
13005,Longleng,NL,health,12.43,8.3,846.4,3026.32,2025-2026,BUDGET_DOCS
13006,Mokokchung,NL,water,38.77,28.61,829.46,1511.59,2025-2026,BUDGET_DOCS
13006,Mokokchung,NL,roads,53.0,40.45,1172.72,2640.58,2025-2026,BUDGET_DOCS
13006,Mokokchung,NL,sanitation,49.87,37.23,1079.37,2328.07,2025-2026,BUDGET_DOCS
13006,Mokokchung,NL,electricity,45.88,36.67,1063.13,2313.44,2025-2026,BUDGET_DOCS
13006,Mokokchung,NL,health,54.92,46.97,1361.75,3008.63,2025-2026,BUDGET_DOCS
13007,Mon,NL,water,17.23,15.46,1157.13,2009.06,2025-2026,BUDGET_DOCS
13007,Mon,NL,roads,22.06,17.7,1324.78,2773.58,2025-2026,BUDGET_DOCS
13007,Mon,NL,sanitation,26.5,22.64,1694.52,3153.21,2025-2026,BUDGET_DOCS
13007,Mon,NL,electricity,8.64,6.8,508.96,1302.86,2025-2026,BUDGET_DOCS
13007,Mon,NL,health,10.86,8.1,606.26,1627.12,2025-2026,BUDGET_DOCS
13008,Niuland,NL,water,89.59,68.23,2040.1,3470.3,2025-2026,BUDGET_DOCS
13008,Niuland,NL,roads,43.94,30.43,909.87,3126.91,2025-2026,BUDGET_DOCS
13008,Niuland,NL,sanitation,41.4,37.86,1132.03,1766.2,2025-2026,BUDGET_DOCS
13008,Niuland,NL,electricity,47.72,43.38,1297.08,2172.53,2025-2026,BUDGET_DOCS
13008,Niuland,NL,health,43.46,39.71,1187.34,2640.24,2025-2026,BUDGET_DOCS
13009,Noklak,NL,water,4.85,3.32,822.56,2785.85,2025-2026,BUDGET_DOCS
13009,Noklak,NL,roads,4.78,3.2,792.82,1565.52,2025-2026,BUDGET_DOCS
13009,Noklak,NL,sanitation,4.67,4.07,1008.37,2434.96,2025-2026,BUDGET_DOCS
13009,Noklak,NL,electricity,9.9,8.5,2105.94,3397.23,2025-2026,BUDGET_DOCS
13009,Noklak,NL,health,3.96,3.59,889.45,1855.06,2025-2026,BUDGET_DOCS
13010,Peren,NL,water,22.17,19.02,785.81,2092.55,2025-2026,BUDGET_DOCS
13010,Peren,NL,roads,19.55,14.88,614.76,1355.02,2025-2026,BUDGET_DOCS
13010,Peren,NL,sanitation,42.01,37.0,1528.65,2898.2,2025-2026,BUDGET_DOCS
13010,Peren,NL,electricity,41.32,38.94,1608.8,2724.62,2025-2026,BUDGET_DOCS
13010,Peren,NL,health,52.16,34.59,1429.08,2967.66,2025-2026,BUDGET_DOCS
13011,Phek,NL,water,19.58,15.31,919.56,2858.72,2025-2026,BUDGET_DOCS
13011,Phek,NL,roads,35.06,25.82,1550.83,3139.87,2025-2026,BUDGET_DOCS
13011,Phek,NL,sanitation,16.9,12.59,756.19,1570.53,2025-2026,BUDGET_DOCS
13011,Phek,NL,electricity,10.41,8.38,503.33,1456.14,2025-2026,BUDGET_DOCS
13011,Phek,NL,health,14.95,12.96,778.42,1240.16,2025-2026,BUDGET_DOCS
13012,Shamator,NL,water,19.5,18.16,2030.93,2692.38,2025-2026,BUDGET_DOCS
13012,Shamator,NL,roads,12.65,10.56,1180.98,2683.02,2025-2026,BUDGET_DOCS
13012,Shamator,NL,sanitation,14.72,12.58,1406.89,2234.24,2025-2026,BUDGET_DOCS
13012,Shamator,NL,electricity,12.95,12.26,1371.1,2609.0,2025-2026,BUDGET_DOCS
13012,Shamator,NL,health,16.35,11.38,1272.69,2246.46,2025-2026,BUDGET_DOCS
13013,Tseminyu,NL,water,20.2,14.51,1310.62,2834.58,2025-2026,BUDGET_DOCS
13013,Tseminyu,NL,roads,18.31,13.84,1250.1,2125.13,2025-2026,BUDGET_DOCS
13013,Tseminyu,NL,sanitation,21.97,17.03,1538.24,3366.33,2025-2026,BUDGET_DOCS
13013,Tseminyu,NL,electricity,19.17,14.69,1326.88,2886.93,2025-2026,BUDGET_DOCS
13013,Tseminyu,NL,health,12.32,9.48,856.28,2036.19,2025-2026,BUDGET_DOCS
13014,Tuensang,NL,water,10.18,8.61,578.83,1525.06,2025-2026,BUDGET_DOCS
13014,Tuensang,NL,roads,21.79,19.23,1292.78,1890.74,2025-2026,BUDGET_DOCS
13014,Tuensang,NL,sanitation,16.57,11.85,796.64,2634.27,2025-2026,BUDGET_DOCS
13014,Tuensang,NL,electricity,17.28,13.22,888.75,2468.89,2025-2026,BUDGET_DOCS
13014,Tuensang,NL,health,17.11,13.4,900.85,2390.25,2025-2026,BUDGET_DOCS
13015,Wokha,NL,water,22.92,19.09,1522.86,2954.03,2025-2026,BUDGET_DOCS
13015,Wokha,NL,roads,23.67,19.85,1583.49,2955.8,2025-2026,BUDGET_DOCS
13015,Wokha,NL,sanitation,7.13,4.77,380.52,1281.19,2025-2026,BUDGET_DOCS
13015,Wokha,NL,electricity,12.75,11.61,926.16,1249.37,2025-2026,BUDGET_DOCS
13015,Wokha,NL,health,10.84,10.08,804.11,1962.47,2025-2026,BUDGET_DOCS
13016,Zunheboto,NL,water,13.34,10.8,736.3,1549.64,2025-2026,BUDGET_DOCS
13016,Zunheboto,NL,roads,18.12,14.78,1007.64,2622.06,2025-2026,BUDGET_DOCS
13016,Zunheboto,NL,sanitation,28.18,24.15,1646.45,2280.01,2025-2026,BUDGET_DOCS
13016,Zunheboto,NL,electricity,40.36,34.27,2336.39,3278.4,2025-2026,BUDGET_DOCS
13016,Zunheboto,NL,health,13.53,11.86,808.57,1537.29,2025-2026,BUDGET_DOCS
21001,Angul,OD,water,299.0,282.96,1891.95,2503.6,2025-2026,BUDGET_DOCS
21001,Angul,OD,roads,208.78,144.16,963.9,3238.93,2025-2026,BUDGET_DOCS
21001,Angul,OD,sanitation,163.16,113.37,758.03,1890.24,2025-2026,BUDGET_DOCS
21001,Angul,OD,electricity,393.85,335.04,2240.18,3483.66,2025-2026,BUDGET_DOCS
21001,Angul,OD,health,277.73,239.8,1603.37,3411.62,2025-2026,BUDGET_DOCS
21002,Balangir,OD,water,180.36,152.37,775.74,1932.71,2025-2026,BUDGET_DOCS
21002,Balangir,OD,roads,286.25,271.61,1382.81,2811.18,2025-2026,BUDGET_DOCS
21002,Balangir,OD,sanitation,202.93,192.48,979.95,1976.29,2025-2026,BUDGET_DOCS
21002,Balangir,OD,electricity,370.92,278.14,1416.06,2710.39,2025-2026,BUDGET_DOCS
21002,Balangir,OD,health,198.01,183.75,935.5,1272.16,2025-2026,BUDGET_DOCS
21003,Balasore,OD,water,218.62,189.27,1417.93,1986.9,2025-2026,BUDGET_DOCS
21003,Balasore,OD,roads,204.45,149.25,1118.12,2470.48,2025-2026,BUDGET_DOCS
21003,Balasore,OD,sanitation,358.4,242.08,1813.57,3300.72,2025-2026,BUDGET_DOCS
21003,Balasore,OD,electricity,198.18,159.07,1191.69,2732.31,2025-2026,BUDGET_DOCS
21003,Balasore,OD,health,149.17,133.04,996.68,1461.11,2025-2026,BUDGET_DOCS
21004,Bargarh,OD,water,310.14,244.46,1648.36,2640.09,2025-2026,BUDGET_DOCS
21004,Bargarh,OD,roads,358.7,244.54,1648.9,3208.82,2025-2026,BUDGET_DOCS
21004,Bargarh,OD,sanitation,157.4,111.73,753.38,1480.55,2025-2026,BUDGET_DOCS
21004,Bargarh,OD,electricity,188.77,127.89,862.34,2915.95,2025-2026,BUDGET_DOCS
21004,Bargarh,OD,health,201.86,179.15,1207.98,3388.2,2025-2026,BUDGET_DOCS
21005,Bhadrak,OD,water,56.74,39.87,460.11,1625.33,2025-2026,BUDGET_DOCS
21005,Bhadrak,OD,roads,66.64,54.15,624.9,1654.76,2025-2026,BUDGET_DOCS
21005,Bhadrak,OD,sanitation,212.96,183.33,2115.66,3437.26,2025-2026,BUDGET_DOCS
21005,Bhadrak,OD,electricity,57.66,43.04,496.69,1374.29,2025-2026,BUDGET_DOCS
21005,Bhadrak,OD,health,142.73,119.98,1384.59,3481.55,2025-2026,BUDGET_DOCS
21006,Boudh,OD,water,131.49,114.38,648.95,1344.4,2025-2026,BUDGET_DOCS
21006,Boudh,OD,roads,355.4,239.53,1359.01,2625.64,2025-2026,BUDGET_DOCS
21006,Boudh,OD,sanitation,376.57,246.13,1396.46,2958.2,2025-2026,BUDGET_DOCS
21006,Boudh,OD,electricity,225.66,186.49,1058.08,2911.82,2025-2026,BUDGET_DOCS
21006,Boudh,OD,health,328.02,280.24,1589.99,3307.57,2025-2026,BUDGET_DOCS
21007,Cuttack,OD,water,90.71,71.61,572.71,1298.21,2025-2026,BUDGET_DOCS
21007,Cuttack,OD,roads,230.64,208.49,1667.43,2261.77,2025-2026,BUDGET_DOCS
21007,Cuttack,OD,sanitation,261.5,240.51,1923.51,3436.23,2025-2026,BUDGET_DOCS
21007,Cuttack,OD,electricity,129.94,113.72,909.49,2240.01,2025-2026,BUDGET_DOCS
21007,Cuttack,OD,health,111.27,76.98,615.66,2165.07,2025-2026,BUDGET_DOCS
21008,Deogarh,OD,water,209.12,145.86,720.01,1654.84,2025-2026,BUDGET_DOCS
21008,Deogarh,OD,roads,493.84,362.13,1787.59,3108.49,2025-2026,BUDGET_DOCS
21008,Deogarh,OD,sanitation,223.19,178.49,881.08,1636.88,2025-2026,BUDGET_DOCS
21008,Deogarh,OD,electricity,349.18,278.02,1372.39,2200.75,2025-2026,BUDGET_DOCS
21008,Deogarh,OD,health,309.31,210.89,1041.02,2731.32,2025-2026,BUDGET_DOCS
21009,Dhenkanal,OD,water,344.68,278.81,1411.92,2606.74,2025-2026,BUDGET_DOCS
21009,Dhenkanal,OD,roads,222.59,190.66,965.52,1984.52,2025-2026,BUDGET_DOCS
21009,Dhenkanal,OD,sanitation,193.15,152.99,774.76,1494.71,2025-2026,BUDGET_DOCS
21009,Dhenkanal,OD,electricity,138.8,100.47,508.79,1240.73,2025-2026,BUDGET_DOCS
21009,Dhenkanal,OD,health,472.66,436.29,2209.41,3372.53,2025-2026,BUDGET_DOCS
21010,Gajapati,OD,water,338.51,245.33,1444.28,2601.59,2025-2026,BUDGET_DOCS
21010,Gajapati,OD,roads,339.45,252.56,1486.84,2495.59,2025-2026,BUDGET_DOCS
21010,Gajapati,OD,sanitation,313.89,218.0,1283.38,3225.67,2025-2026,BUDGET_DOCS
21010,Gajapati,OD,electricity,210.27,165.86,976.43,1939.81,2025-2026,BUDGET_DOCS
21010,Gajapati,OD,health,459.06,398.62,2346.71,3270.99,2025-2026,BUDGET_DOCS
21011,Ganjam,OD,water,275.57,219.19,1983.38,3002.47,2025-2026,BUDGET_DOCS
21011,Ganjam,OD,roads,169.43,120.3,1088.56,1922.59,2025-2026,BUDGET_DOCS
21011,Ganjam,OD,sanitation,164.16,152.19,1377.12,3064.68,2025-2026,BUDGET_DOCS
21011,Ganjam,OD,electricity,152.67,102.01,923.06,2591.69,2025-2026,BUDGET_DOCS
21011,Ganjam,OD,health,227.22,182.06,1647.41,3234.97,2025-2026,BUDGET_DOCS
21012,Jagatsinghpur,OD,water,276.35,192.64,888.0,2227.38,2025-2026,BUDGET_DOCS
21012,Jagatsinghpur,OD,roads,260.89,242.91,1119.73,2221.52,2025-2026,BUDGET_DOCS
21012,Jagatsinghpur,OD,sanitation,238.54,198.46,914.83,2248.67,2025-2026,BUDGET_DOCS
21012,Jagatsinghpur,OD,electricity,267.16,199.53,919.76,1854.95,2025-2026,BUDGET_DOCS
21012,Jagatsinghpur,OD,health,113.85,85.16,392.56,1239.0,2025-2026,BUDGET_DOCS
21013,Jajpur,OD,water,303.75,262.8,1188.6,3231.5,2025-2026,BUDGET_DOCS
21013,Jajpur,OD,roads,142.51,95.53,432.07,1503.29,2025-2026,BUDGET_DOCS
21013,Jajpur,OD,sanitation,217.51,202.73,916.92,1548.61,2025-2026,BUDGET_DOCS
21013,Jajpur,OD,electricity,284.62,268.03,1212.26,1740.53,2025-2026,BUDGET_DOCS
21013,Jajpur,OD,health,256.11,224.16,1013.84,1977.76,2025-2026,BUDGET_DOCS
21014,Jharsuguda,OD,water,314.43,209.33,1162.73,2682.94,2025-2026,BUDGET_DOCS
21014,Jharsuguda,OD,roads,283.37,187.79,1043.09,3138.65,2025-2026,BUDGET_DOCS
21014,Jharsuguda,OD,sanitation,154.8,107.71,598.28,1703.7,2025-2026,BUDGET_DOCS
21014,Jharsuguda,OD,electricity,360.46,269.22,1495.39,3202.11,2025-2026,BUDGET_DOCS
21014,Jharsuguda,OD,health,371.2,243.42,1352.08,2938.72,2025-2026,BUDGET_DOCS
21015,Kalahandi,OD,water,325.76,232.54,1105.05,3266.73,2025-2026,BUDGET_DOCS
21015,Kalahandi,OD,roads,415.71,363.03,1725.15,2433.33,2025-2026,BUDGET_DOCS
21015,Kalahandi,OD,sanitation,252.8,203.07,965.01,1847.26,2025-2026,BUDGET_DOCS
21015,Kalahandi,OD,electricity,161.88,134.73,640.25,1567.69,2025-2026,BUDGET_DOCS
21015,Kalahandi,OD,health,226.76,165.1,784.57,1969.32,2025-2026,BUDGET_DOCS
21016,Kandhamal,OD,water,140.61,126.53,1663.92,2511.48,2025-2026,BUDGET_DOCS
21016,Kandhamal,OD,roads,167.13,149.64,1967.82,2750.67,2025-2026,BUDGET_DOCS
21016,Kandhamal,OD,sanitation,65.53,54.9,721.96,2030.16,2025-2026,BUDGET_DOCS
21016,Kandhamal,OD,electricity,151.93,110.26,1449.96,2503.75,2025-2026,BUDGET_DOCS
21016,Kandhamal,OD,health,97.45,69.67,916.19,2375.53,2025-2026,BUDGET_DOCS
21017,Kendrapara,OD,water,108.01,70.22,401.78,1378.65,2025-2026,BUDGET_DOCS
21017,Kendrapara,OD,roads,93.91,61.36,351.09,1271.76,2025-2026,BUDGET_DOCS
21017,Kendrapara,OD,sanitation,127.99,100.28,573.78,1830.73,2025-2026,BUDGET_DOCS
21017,Kendrapara,OD,electricity,418.49,284.23,1626.29,2876.12,2025-2026,BUDGET_DOCS
21017,Kendrapara,OD,health,247.01,232.51,1330.36,2046.51,2025-2026,BUDGET_DOCS
21018,Kendujhar,OD,water,284.17,252.29,1960.06,2664.43,2025-2026,BUDGET_DOCS
21018,Kendujhar,OD,roads,340.11,238.88,1855.87,3224.67,2025-2026,BUDGET_DOCS
21018,Kendujhar,OD,sanitation,136.37,107.27,833.39,1458.95,2025-2026,BUDGET_DOCS
21018,Kendujhar,OD,electricity,297.12,217.47,1689.54,3238.81,2025-2026,BUDGET_DOCS
21018,Kendujhar,OD,health,105.3,70.44,547.25,1251.89,2025-2026,BUDGET_DOCS
21019,Khordha,OD,water,314.33,223.43,1456.8,2832.77,2025-2026,BUDGET_DOCS
21019,Khordha,OD,roads,195.4,183.47,1196.26,1814.75,2025-2026,BUDGET_DOCS
21019,Khordha,OD,sanitation,177.86,158.85,1035.73,1632.56,2025-2026,BUDGET_DOCS
21019,Khordha,OD,electricity,224.76,184.07,1200.17,3490.43,2025-2026,BUDGET_DOCS
21019,Khordha,OD,health,316.87,272.79,1778.64,3171.1,2025-2026,BUDGET_DOCS
21020,Koraput,OD,water,351.5,289.66,1283.28,2670.42,2025-2026,BUDGET_DOCS
21020,Koraput,OD,roads,391.0,344.16,1524.73,2055.85,2025-2026,BUDGET_DOCS
21020,Koraput,OD,sanitation,244.19,223.88,991.85,1539.56,2025-2026,BUDGET_DOCS
21020,Koraput,OD,electricity,362.75,340.41,1508.11,2754.13,2025-2026,BUDGET_DOCS
21020,Koraput,OD,health,162.27,112.18,496.99,1398.82,2025-2026,BUDGET_DOCS
21021,Malkangiri,OD,water,341.93,322.5,1960.09,3157.53,2025-2026,BUDGET_DOCS
21021,Malkangiri,OD,roads,383.44,294.83,1791.92,3022.24,2025-2026,BUDGET_DOCS
21021,Malkangiri,OD,sanitation,405.37,383.95,2333.57,3093.92,2025-2026,BUDGET_DOCS
21021,Malkangiri,OD,electricity,255.62,210.28,1278.04,2451.19,2025-2026,BUDGET_DOCS
21021,Malkangiri,OD,health,190.31,177.5,1078.81,1785.85,2025-2026,BUDGET_DOCS
21022,Mayurbhanj,OD,water,308.51,259.81,1104.65,2928.6,2025-2026,BUDGET_DOCS
21022,Mayurbhanj,OD,roads,409.16,375.84,1597.97,2243.4,2025-2026,BUDGET_DOCS
21022,Mayurbhanj,OD,sanitation,153.75,136.54,580.53,1633.16,2025-2026,BUDGET_DOCS
21022,Mayurbhanj,OD,electricity,248.99,172.63,733.98,2360.38,2025-2026,BUDGET_DOCS
21022,Mayurbhanj,OD,health,265.89,192.12,816.84,1366.08,2025-2026,BUDGET_DOCS
21023,Nabarangpur,OD,water,223.58,172.36,938.48,2170.41,2025-2026,BUDGET_DOCS
21023,Nabarangpur,OD,roads,275.66,211.24,1150.18,2804.98,2025-2026,BUDGET_DOCS
21023,Nabarangpur,OD,sanitation,182.86,151.21,823.32,1679.43,2025-2026,BUDGET_DOCS
21023,Nabarangpur,OD,electricity,285.88,189.41,1031.32,2300.41,2025-2026,BUDGET_DOCS
21023,Nabarangpur,OD,health,177.24,132.2,719.81,2330.07,2025-2026,BUDGET_DOCS
21024,Nayagarh,OD,water,170.56,115.57,486.98,1399.71,2025-2026,BUDGET_DOCS
21024,Nayagarh,OD,roads,324.0,271.96,1145.98,1764.4,2025-2026,BUDGET_DOCS
21024,Nayagarh,OD,sanitation,191.89,144.15,607.41,1416.21,2025-2026,BUDGET_DOCS
21024,Nayagarh,OD,electricity,375.41,280.38,1181.46,2588.3,2025-2026,BUDGET_DOCS
21024,Nayagarh,OD,health,420.36,330.13,1391.09,2471.04,2025-2026,BUDGET_DOCS
21025,Nuapada,OD,water,314.34,215.42,1009.43,2865.96,2025-2026,BUDGET_DOCS
21025,Nuapada,OD,roads,243.78,191.49,897.29,2388.49,2025-2026,BUDGET_DOCS
21025,Nuapada,OD,sanitation,282.11,234.25,1097.66,3163.18,2025-2026,BUDGET_DOCS
21025,Nuapada,OD,electricity,330.1,310.48,1454.86,2181.48,2025-2026,BUDGET_DOCS
21025,Nuapada,OD,health,181.26,131.36,615.53,1376.69,2025-2026,BUDGET_DOCS
21026,Puri,OD,water,144.03,99.32,479.51,1467.01,2025-2026,BUDGET_DOCS
21026,Puri,OD,roads,480.62,315.82,1524.77,3451.23,2025-2026,BUDGET_DOCS
21026,Puri,OD,sanitation,367.3,286.12,1381.38,2341.14,2025-2026,BUDGET_DOCS
21026,Puri,OD,electricity,471.15,358.3,1729.86,2829.34,2025-2026,BUDGET_DOCS
21026,Puri,OD,health,298.58,197.08,951.49,2450.01,2025-2026,BUDGET_DOCS
21027,Rayagada,OD,water,66.89,56.72,674.93,1629.62,2025-2026,BUDGET_DOCS
21027,Rayagada,OD,roads,134.31,106.56,1268.0,2455.61,2025-2026,BUDGET_DOCS
21027,Rayagada,OD,sanitation,200.6,165.42,1968.4,3432.99,2025-2026,BUDGET_DOCS
21027,Rayagada,OD,electricity,51.5,36.6,435.52,1466.45,2025-2026,BUDGET_DOCS
21027,Rayagada,OD,health,116.95,89.73,1067.73,1890.79,2025-2026,BUDGET_DOCS
21028,Sambalpur,OD,water,58.64,47.84,659.4,1692.48,2025-2026,BUDGET_DOCS
21028,Sambalpur,OD,roads,150.75,101.19,1394.74,2642.17,2025-2026,BUDGET_DOCS
21028,Sambalpur,OD,sanitation,155.93,108.16,1490.81,2734.29,2025-2026,BUDGET_DOCS
21028,Sambalpur,OD,electricity,131.58,124.6,1717.41,2949.19,2025-2026,BUDGET_DOCS
21028,Sambalpur,OD,health,47.02,39.41,543.2,1366.96,2025-2026,BUDGET_DOCS
21029,Subarnapur,OD,water,275.97,189.92,1619.68,3193.95,2025-2026,BUDGET_DOCS
21029,Subarnapur,OD,roads,231.66,212.34,1810.88,2614.26,2025-2026,BUDGET_DOCS
21029,Subarnapur,OD,sanitation,233.04,162.47,1385.58,2685.89,2025-2026,BUDGET_DOCS
21029,Subarnapur,OD,electricity,160.02,141.13,1203.59,2577.65,2025-2026,BUDGET_DOCS
21029,Subarnapur,OD,health,106.55,71.38,608.75,2195.31,2025-2026,BUDGET_DOCS
21030,Sundargarh,OD,water,166.25,142.4,1416.54,2088.02,2025-2026,BUDGET_DOCS
21030,Sundargarh,OD,roads,229.48,190.83,1898.3,2799.07,2025-2026,BUDGET_DOCS
21030,Sundargarh,OD,sanitation,180.02,142.36,1416.14,2720.32,2025-2026,BUDGET_DOCS
21030,Sundargarh,OD,electricity,87.89,66.16,658.13,1409.27,2025-2026,BUDGET_DOCS
21030,Sundargarh,OD,health,164.3,119.2,1185.75,2389.09,2025-2026,BUDGET_DOCS
3001,Amritsar,PB,water,139.4,118.17,904.85,1806.99,2025-2026,BUDGET_DOCS
3001,Amritsar,PB,roads,310.29,214.65,1643.61,2967.12,2025-2026,BUDGET_DOCS
3001,Amritsar,PB,sanitation,206.7,176.96,1355.01,2970.79,2025-2026,BUDGET_DOCS
3001,Amritsar,PB,electricity,170.92,127.56,976.75,2031.42,2025-2026,BUDGET_DOCS
3001,Amritsar,PB,health,262.35,184.18,1410.3,3035.47,2025-2026,BUDGET_DOCS
3002,Barnala,PB,water,157.48,108.24,530.79,1785.87,2025-2026,BUDGET_DOCS
3002,Barnala,PB,roads,272.94,209.6,1027.84,2066.09,2025-2026,BUDGET_DOCS
3002,Barnala,PB,sanitation,211.19,153.42,752.34,1353.06,2025-2026,BUDGET_DOCS
3002,Barnala,PB,electricity,391.36,319.03,1564.46,2338.63,2025-2026,BUDGET_DOCS
3002,Barnala,PB,health,396.81,307.98,1510.28,3088.66,2025-2026,BUDGET_DOCS
3003,Bathinda,PB,water,187.08,128.75,638.25,1447.16,2025-2026,BUDGET_DOCS
3003,Bathinda,PB,roads,210.44,163.51,810.56,1420.55,2025-2026,BUDGET_DOCS
3003,Bathinda,PB,sanitation,181.67,121.35,601.56,1291.86,2025-2026,BUDGET_DOCS
3003,Bathinda,PB,electricity,246.64,213.56,1058.67,1456.29,2025-2026,BUDGET_DOCS
3003,Bathinda,PB,health,190.07,136.12,674.78,1853.63,2025-2026,BUDGET_DOCS
3004,Faridkot,PB,water,316.07,297.81,1602.06,2513.85,2025-2026,BUDGET_DOCS
3004,Faridkot,PB,roads,259.58,187.9,1010.8,3061.97,2025-2026,BUDGET_DOCS
3004,Faridkot,PB,sanitation,201.95,168.2,904.83,2134.73,2025-2026,BUDGET_DOCS
3004,Faridkot,PB,electricity,491.33,360.56,1939.62,3251.34,2025-2026,BUDGET_DOCS
3004,Faridkot,PB,health,157.55,122.98,661.57,1207.29,2025-2026,BUDGET_DOCS
3005,Fatehgarh Sahib,PB,water,192.23,150.13,917.85,1671.8,2025-2026,BUDGET_DOCS
3005,Fatehgarh Sahib,PB,roads,291.15,191.06,1168.08,3212.84,2025-2026,BUDGET_DOCS
3005,Fatehgarh Sahib,PB,sanitation,222.48,174.13,1064.58,2367.39,2025-2026,BUDGET_DOCS
3005,Fatehgarh Sahib,PB,electricity,127.22,85.65,523.64,1672.58,2025-2026,BUDGET_DOCS
3005,Fatehgarh Sahib,PB,health,361.62,253.32,1548.72,3124.96,2025-2026,BUDGET_DOCS
3006,Fazilka,PB,water,118.4,89.73,622.76,1250.32,2025-2026,BUDGET_DOCS
3006,Fazilka,PB,roads,107.16,83.97,582.78,1247.14,2025-2026,BUDGET_DOCS
3006,Fazilka,PB,sanitation,187.08,141.15,979.63,2175.52,2025-2026,BUDGET_DOCS
3006,Fazilka,PB,electricity,212.35,154.58,1072.84,1818.98,2025-2026,BUDGET_DOCS
3006,Fazilka,PB,health,112.33,92.75,643.72,1563.63,2025-2026,BUDGET_DOCS
3007,Ferozepur,PB,water,92.67,64.17,577.88,1786.83,2025-2026,BUDGET_DOCS
3007,Ferozepur,PB,roads,193.7,136.71,1231.14,2202.56,2025-2026,BUDGET_DOCS
3007,Ferozepur,PB,sanitation,112.97,75.69,681.62,2141.77,2025-2026,BUDGET_DOCS
3007,Ferozepur,PB,electricity,241.82,198.72,1789.56,3205.16,2025-2026,BUDGET_DOCS
3007,Ferozepur,PB,health,264.05,240.3,2164.01,3001.13,2025-2026,BUDGET_DOCS
3008,Gurdaspur,PB,water,327.43,249.07,1477.12,2991.84,2025-2026,BUDGET_DOCS
3008,Gurdaspur,PB,roads,173.95,122.82,728.39,1611.53,2025-2026,BUDGET_DOCS
3008,Gurdaspur,PB,sanitation,277.34,194.56,1153.85,3009.89,2025-2026,BUDGET_DOCS
3008,Gurdaspur,PB,electricity,235.89,188.78,1119.57,1826.38,2025-2026,BUDGET_DOCS
3008,Gurdaspur,PB,health,317.11,222.01,1316.64,3258.13,2025-2026,BUDGET_DOCS
3009,Hoshiarpur,PB,water,192.68,141.84,1174.8,3460.57,2025-2026,BUDGET_DOCS
3009,Hoshiarpur,PB,roads,181.03,158.63,1313.86,2416.45,2025-2026,BUDGET_DOCS
3009,Hoshiarpur,PB,sanitation,216.37,198.33,1642.68,2465.73,2025-2026,BUDGET_DOCS
3009,Hoshiarpur,PB,electricity,189.74,152.91,1266.49,2273.23,2025-2026,BUDGET_DOCS
3009,Hoshiarpur,PB,health,239.7,216.04,1789.37,3008.68,2025-2026,BUDGET_DOCS
3010,Jalandhar,PB,water,173.41,123.05,791.34,2059.33,2025-2026,BUDGET_DOCS
3010,Jalandhar,PB,roads,114.63,96.47,620.4,1236.9,2025-2026,BUDGET_DOCS
3010,Jalandhar,PB,sanitation,188.83,167.52,1077.32,1538.49,2025-2026,BUDGET_DOCS
3010,Jalandhar,PB,electricity,314.59,232.98,1498.3,2923.22,2025-2026,BUDGET_DOCS
3010,Jalandhar,PB,health,111.63,80.16,515.51,1762.33,2025-2026,BUDGET_DOCS
3011,Kapurthala,PB,water,441.41,402.4,2398.09,3291.6,2025-2026,BUDGET_DOCS
3011,Kapurthala,PB,roads,123.23,110.45,658.22,1379.68,2025-2026,BUDGET_DOCS
3011,Kapurthala,PB,sanitation,173.25,163.62,975.09,2468.7,2025-2026,BUDGET_DOCS
3011,Kapurthala,PB,electricity,227.44,170.45,1015.79,3148.5,2025-2026,BUDGET_DOCS
3011,Kapurthala,PB,health,201.68,131.76,785.22,1913.79,2025-2026,BUDGET_DOCS
3012,Ludhiana,PB,water,379.12,346.92,1847.54,3042.82,2025-2026,BUDGET_DOCS
3012,Ludhiana,PB,roads,329.0,264.58,1409.04,2944.53,2025-2026,BUDGET_DOCS
3012,Ludhiana,PB,sanitation,331.77,290.19,1545.42,2732.54,2025-2026,BUDGET_DOCS
3012,Ludhiana,PB,electricity,376.99,262.38,1397.32,2363.68,2025-2026,BUDGET_DOCS
3012,Ludhiana,PB,health,319.0,275.71,1468.31,3096.84,2025-2026,BUDGET_DOCS
3013,Malerkotla,PB,water,242.78,188.9,1885.44,3038.78,2025-2026,BUDGET_DOCS
3013,Malerkotla,PB,roads,212.4,151.48,1511.95,2506.83,2025-2026,BUDGET_DOCS
3013,Malerkotla,PB,sanitation,165.07,109.15,1089.44,3479.36,2025-2026,BUDGET_DOCS
3013,Malerkotla,PB,electricity,217.05,155.35,1550.57,2872.65,2025-2026,BUDGET_DOCS
3013,Malerkotla,PB,health,157.12,133.83,1335.78,3304.81,2025-2026,BUDGET_DOCS
3014,Mansa,PB,water,156.24,135.14,952.51,1557.88,2025-2026,BUDGET_DOCS
3014,Mansa,PB,roads,178.66,147.96,1042.87,2396.11,2025-2026,BUDGET_DOCS
3014,Mansa,PB,sanitation,232.24,152.5,1074.87,3262.16,2025-2026,BUDGET_DOCS
3014,Mansa,PB,electricity,179.63,144.18,1016.23,2311.81,2025-2026,BUDGET_DOCS
3014,Mansa,PB,health,241.76,186.5,1314.52,2347.41,2025-2026,BUDGET_DOCS
3015,Moga,PB,water,147.39,99.39,801.33,2164.37,2025-2026,BUDGET_DOCS
3015,Moga,PB,roads,120.33,111.73,900.82,1573.62,2025-2026,BUDGET_DOCS
3015,Moga,PB,sanitation,90.8,83.24,671.12,1352.54,2025-2026,BUDGET_DOCS
3015,Moga,PB,electricity,209.41,145.79,1175.43,2201.93,2025-2026,BUDGET_DOCS
3015,Moga,PB,health,117.44,109.37,881.79,2288.3,2025-2026,BUDGET_DOCS
3016,Muktsar,PB,water,105.21,93.52,540.11,1390.62,2025-2026,BUDGET_DOCS
3016,Muktsar,PB,roads,135.81,108.35,625.76,1219.53,2025-2026,BUDGET_DOCS
3016,Muktsar,PB,sanitation,204.57,182.56,1054.34,1412.32,2025-2026,BUDGET_DOCS
3016,Muktsar,PB,electricity,394.25,256.51,1481.43,2690.33,2025-2026,BUDGET_DOCS
3016,Muktsar,PB,health,128.13,121.1,699.39,1608.42,2025-2026,BUDGET_DOCS
3017,Pathankot,PB,water,525.48,471.49,2174.8,3015.95,2025-2026,BUDGET_DOCS
3017,Pathankot,PB,roads,262.58,193.63,893.14,2327.83,2025-2026,BUDGET_DOCS
3017,Pathankot,PB,sanitation,292.83,244.17,1126.26,3124.75,2025-2026,BUDGET_DOCS
3017,Pathankot,PB,electricity,200.22,181.34,836.45,1518.82,2025-2026,BUDGET_DOCS
3017,Pathankot,PB,health,253.72,204.11,941.48,1562.01,2025-2026,BUDGET_DOCS
3018,Patiala,PB,water,190.05,141.17,1090.15,1740.79,2025-2026,BUDGET_DOCS
3018,Patiala,PB,roads,128.43,89.21,688.9,1951.2,2025-2026,BUDGET_DOCS
3018,Patiala,PB,sanitation,87.86,72.6,560.64,1557.0,2025-2026,BUDGET_DOCS
3018,Patiala,PB,electricity,85.41,67.02,517.55,1470.75,2025-2026,BUDGET_DOCS
3018,Patiala,PB,health,86.55,76.26,588.9,1543.45,2025-2026,BUDGET_DOCS
3019,Rupnagar,PB,water,257.23,170.97,774.64,2098.83,2025-2026,BUDGET_DOCS
3019,Rupnagar,PB,roads,526.92,404.08,1830.82,3134.58,2025-2026,BUDGET_DOCS
3019,Rupnagar,PB,sanitation,412.2,387.45,1755.47,3068.79,2025-2026,BUDGET_DOCS
3019,Rupnagar,PB,electricity,522.31,409.95,1857.42,3002.57,2025-2026,BUDGET_DOCS
3019,Rupnagar,PB,health,499.3,430.5,1950.53,3076.3,2025-2026,BUDGET_DOCS
3020,Sahibzada Ajit Singh Nagar,PB,water,489.49,451.4,1983.27,2589.02,2025-2026,BUDGET_DOCS
3020,Sahibzada Ajit Singh Nagar,PB,roads,382.49,337.07,1480.95,2857.8,2025-2026,BUDGET_DOCS
3020,Sahibzada Ajit Singh Nagar,PB,sanitation,434.75,386.95,1700.1,2652.54,2025-2026,BUDGET_DOCS
3020,Sahibzada Ajit Singh Nagar,PB,electricity,187.94,149.38,656.32,2057.95,2025-2026,BUDGET_DOCS
3020,Sahibzada Ajit Singh Nagar,PB,health,440.75,314.4,1381.35,3095.95,2025-2026,BUDGET_DOCS
3021,Sangrur,PB,water,405.22,268.8,1197.52,2439.22,2025-2026,BUDGET_DOCS
3021,Sangrur,PB,roads,257.28,215.63,960.64,1964.99,2025-2026,BUDGET_DOCS
3021,Sangrur,PB,sanitation,416.07,380.07,1693.23,3021.23,2025-2026,BUDGET_DOCS
3021,Sangrur,PB,electricity,607.7,505.99,2254.21,3336.81,2025-2026,BUDGET_DOCS
3021,Sangrur,PB,health,210.55,174.18,775.98,1731.17,2025-2026,BUDGET_DOCS
3022,Shahid Bhagat Singh Nagar,PB,water,376.26,335.14,1621.03,2189.02,2025-2026,BUDGET_DOCS
3022,Shahid Bhagat Singh Nagar,PB,roads,289.9,235.97,1141.35,1829.36,2025-2026,BUDGET_DOCS
3022,Shahid Bhagat Singh Nagar,PB,sanitation,279.27,261.34,1264.06,2158.54,2025-2026,BUDGET_DOCS
3022,Shahid Bhagat Singh Nagar,PB,electricity,430.66,319.49,1545.33,3027.65,2025-2026,BUDGET_DOCS
3022,Shahid Bhagat Singh Nagar,PB,health,225.7,213.66,1033.44,2580.56,2025-2026,BUDGET_DOCS
3023,Tarn Taran,PB,water,133.51,124.07,952.15,2303.69,2025-2026,BUDGET_DOCS
3023,Tarn Taran,PB,roads,178.74,131.86,1011.93,2881.34,2025-2026,BUDGET_DOCS
3023,Tarn Taran,PB,sanitation,110.37,85.86,658.92,1791.31,2025-2026,BUDGET_DOCS
3023,Tarn Taran,PB,electricity,210.93,185.52,1423.74,2877.07,2025-2026,BUDGET_DOCS
3023,Tarn Taran,PB,health,206.25,176.85,1357.2,1864.19,2025-2026,BUDGET_DOCS
8001,Ajmer,RJ,water,105.99,90.13,878.25,2270.18,2025-2026,BUDGET_DOCS
8001,Ajmer,RJ,roads,82.61,73.25,713.76,1840.09,2025-2026,BUDGET_DOCS
8001,Ajmer,RJ,sanitation,118.66,83.87,817.25,2012.45,2025-2026,BUDGET_DOCS
8001,Ajmer,RJ,electricity,251.47,232.18,2262.41,3373.36,2025-2026,BUDGET_DOCS
8001,Ajmer,RJ,health,225.43,198.37,1932.96,2626.79,2025-2026,BUDGET_DOCS
8002,Alwar,RJ,water,143.23,119.79,845.12,2125.66,2025-2026,BUDGET_DOCS
8002,Alwar,RJ,roads,217.54,186.91,1318.65,2311.87,2025-2026,BUDGET_DOCS
8002,Alwar,RJ,sanitation,358.96,323.19,2280.1,3445.12,2025-2026,BUDGET_DOCS
8002,Alwar,RJ,electricity,356.53,291.37,2055.61,3347.73,2025-2026,BUDGET_DOCS
8002,Alwar,RJ,health,174.05,132.39,934.01,2253.06,2025-2026,BUDGET_DOCS
8003,Anupgarh,RJ,water,183.4,125.62,1147.81,2567.69,2025-2026,BUDGET_DOCS
8003,Anupgarh,RJ,roads,103.02,97.75,893.16,1512.27,2025-2026,BUDGET_DOCS
8003,Anupgarh,RJ,sanitation,173.77,145.53,1329.73,2869.58,2025-2026,BUDGET_DOCS
8003,Anupgarh,RJ,electricity,108.24,80.65,736.91,1274.7,2025-2026,BUDGET_DOCS
8003,Anupgarh,RJ,health,161.6,119.27,1089.79,1917.73,2025-2026,BUDGET_DOCS
8004,Balotra,RJ,water,224.74,147.84,1111.93,2898.85,2025-2026,BUDGET_DOCS
8004,Balotra,RJ,roads,119.22,80.82,607.86,1855.86,2025-2026,BUDGET_DOCS
8004,Balotra,RJ,sanitation,128.25,106.43,800.48,1516.08,2025-2026,BUDGET_DOCS
8004,Balotra,RJ,electricity,85.77,80.83,607.94,1430.28,2025-2026,BUDGET_DOCS
8004,Balotra,RJ,health,214.26,147.22,1107.27,2966.4,2025-2026,BUDGET_DOCS
8005,Banswara,RJ,water,197.83,134.55,1554.89,3284.53,2025-2026,BUDGET_DOCS
8005,Banswara,RJ,roads,150.81,112.14,1295.91,2128.39,2025-2026,BUDGET_DOCS
8005,Banswara,RJ,sanitation,123.09,92.32,1066.87,3219.32,2025-2026,BUDGET_DOCS
8005,Banswara,RJ,electricity,116.02,78.7,909.47,2904.52,2025-2026,BUDGET_DOCS
8005,Banswara,RJ,health,117.27,107.59,1243.33,3372.8,2025-2026,BUDGET_DOCS
8006,Baran,RJ,water,95.76,82.59,532.35,1238.74,2025-2026,BUDGET_DOCS
8006,Baran,RJ,roads,204.88,186.27,1200.64,1589.55,2025-2026,BUDGET_DOCS
8006,Baran,RJ,sanitation,311.12,202.72,1306.67,2372.27,2025-2026,BUDGET_DOCS
8006,Baran,RJ,electricity,194.96,173.2,1116.4,2402.84,2025-2026,BUDGET_DOCS
8006,Baran,RJ,health,224.35,182.68,1177.5,2985.4,2025-2026,BUDGET_DOCS
8007,Barmer,RJ,water,352.38,332.42,1584.04,2691.18,2025-2026,BUDGET_DOCS
8007,Barmer,RJ,roads,217.53,157.9,752.42,2132.75,2025-2026,BUDGET_DOCS
8007,Barmer,RJ,sanitation,151.5,127.6,608.04,1494.84,2025-2026,BUDGET_DOCS
8007,Barmer,RJ,electricity,217.42,149.96,714.59,1475.95,2025-2026,BUDGET_DOCS
8007,Barmer,RJ,health,230.32,201.18,958.66,1292.47,2025-2026,BUDGET_DOCS
8008,Beawar,RJ,water,211.38,192.49,1966.51,2865.92,2025-2026,BUDGET_DOCS
8008,Beawar,RJ,roads,111.53,94.56,966.04,1947.76,2025-2026,BUDGET_DOCS
8008,Beawar,RJ,sanitation,162.25,115.27,1177.62,2764.72,2025-2026,BUDGET_DOCS
8008,Beawar,RJ,electricity,128.41,97.07,991.68,2660.62,2025-2026,BUDGET_DOCS
8008,Beawar,RJ,health,246.31,209.04,2135.59,3200.89,2025-2026,BUDGET_DOCS
8009,Bharatpur,RJ,water,193.95,153.6,949.67,1607.24,2025-2026,BUDGET_DOCS
8009,Bharatpur,RJ,roads,205.15,161.32,997.4,2954.06,2025-2026,BUDGET_DOCS
8009,Bharatpur,RJ,sanitation,153.73,109.19,675.1,1897.35,2025-2026,BUDGET_DOCS
8009,Bharatpur,RJ,electricity,400.89,376.46,2327.56,3186.85,2025-2026,BUDGET_DOCS
8009,Bharatpur,RJ,health,181.39,141.75,876.41,1820.17,2025-2026,BUDGET_DOCS
8010,Bhilwara,RJ,water,459.11,301.22,1467.13,3038.76,2025-2026,BUDGET_DOCS
8010,Bhilwara,RJ,roads,410.41,296.47,1443.99,2504.46,2025-2026,BUDGET_DOCS
8010,Bhilwara,RJ,sanitation,290.4,254.77,1240.89,1850.47,2025-2026,BUDGET_DOCS
8010,Bhilwara,RJ,electricity,365.42,304.79,1484.52,2737.43,2025-2026,BUDGET_DOCS
8010,Bhilwara,RJ,health,398.19,280.68,1367.09,3037.69,2025-2026,BUDGET_DOCS
8011,Bikaner,RJ,water,148.16,105.17,1038.53,2800.86,2025-2026,BUDGET_DOCS
8011,Bikaner,RJ,roads,167.57,139.16,1374.18,2124.49,2025-2026,BUDGET_DOCS
8011,Bikaner,RJ,sanitation,112.09,88.73,876.19,2497.25,2025-2026,BUDGET_DOCS
8011,Bikaner,RJ,electricity,85.32,56.63,559.21,1651.42,2025-2026,BUDGET_DOCS
8011,Bikaner,RJ,health,122.31,88.35,872.44,1973.14,2025-2026,BUDGET_DOCS
8012,Bundi,RJ,water,387.53,267.67,1424.15,3444.63,2025-2026,BUDGET_DOCS
8012,Bundi,RJ,roads,271.37,184.28,980.47,2897.46,2025-2026,BUDGET_DOCS
8012,Bundi,RJ,sanitation,273.56,211.39,1124.71,1789.85,2025-2026,BUDGET_DOCS
8012,Bundi,RJ,electricity,450.89,413.44,2199.72,3480.03,2025-2026,BUDGET_DOCS
8012,Bundi,RJ,health,270.38,250.66,1333.64,3254.14,2025-2026,BUDGET_DOCS
8013,Chittorgarh,RJ,water,241.19,214.35,1749.86,2325.96,2025-2026,BUDGET_DOCS
8013,Chittorgarh,RJ,roads,176.69,141.55,1155.56,3241.18,2025-2026,BUDGET_DOCS
8013,Chittorgarh,RJ,sanitation,139.46,90.65,740.03,1727.46,2025-2026,BUDGET_DOCS
8013,Chittorgarh,RJ,electricity,281.62,246.7,2013.96,2801.67,2025-2026,BUDGET_DOCS
8013,Chittorgarh,RJ,health,143.94,125.47,1024.29,2479.46,2025-2026,BUDGET_DOCS
8014,Churu,RJ,water,143.56,132.6,631.6,1509.38,2025-2026,BUDGET_DOCS
8014,Churu,RJ,roads,239.12,218.57,1041.09,1669.58,2025-2026,BUDGET_DOCS
8014,Churu,RJ,sanitation,281.2,195.77,932.49,1889.07,2025-2026,BUDGET_DOCS
8014,Churu,RJ,electricity,227.54,180.24,858.52,1345.52,2025-2026,BUDGET_DOCS
8014,Churu,RJ,health,145.33,117.7,560.63,1217.53,2025-2026,BUDGET_DOCS
8015,Dausa,RJ,water,257.28,236.62,2550.91,3384.92,2025-2026,BUDGET_DOCS
8015,Dausa,RJ,roads,258.78,237.02,2555.22,3309.42,2025-2026,BUDGET_DOCS
8015,Dausa,RJ,sanitation,122.98,99.6,1073.75,1562.01,2025-2026,BUDGET_DOCS
8015,Dausa,RJ,electricity,192.64,149.77,1614.61,2504.78,2025-2026,BUDGET_DOCS
8015,Dausa,RJ,health,183.08,134.34,1448.27,2605.18,2025-2026,BUDGET_DOCS
8016,Deeg,RJ,water,414.75,376.24,1681.08,2895.11,2025-2026,BUDGET_DOCS
8016,Deeg,RJ,roads,321.63,271.74,1214.17,2488.15,2025-2026,BUDGET_DOCS
8016,Deeg,RJ,sanitation,487.61,324.67,1450.66,2838.63,2025-2026,BUDGET_DOCS
8016,Deeg,RJ,electricity,286.77,255.13,1139.95,1613.52,2025-2026,BUDGET_DOCS
8016,Deeg,RJ,health,165.91,150.56,672.72,1753.11,2025-2026,BUDGET_DOCS
8017,Dholpur,RJ,water,394.54,267.03,1458.89,3017.06,2025-2026,BUDGET_DOCS
8017,Dholpur,RJ,roads,168.86,131.14,716.47,1539.99,2025-2026,BUDGET_DOCS
8017,Dholpur,RJ,sanitation,212.14,186.27,1017.66,2657.87,2025-2026,BUDGET_DOCS
8017,Dholpur,RJ,electricity,292.3,277.05,1513.63,2260.07,2025-2026,BUDGET_DOCS
8017,Dholpur,RJ,health,150.11,98.09,535.9,1976.67,2025-2026,BUDGET_DOCS
8018,Didwana Kuchaman,RJ,water,85.96,72.14,960.89,2689.36,2025-2026,BUDGET_DOCS
8018,Didwana Kuchaman,RJ,roads,105.93,73.61,980.47,3427.88,2025-2026,BUDGET_DOCS
8018,Didwana Kuchaman,RJ,sanitation,86.22,59.02,786.13,2012.67,2025-2026,BUDGET_DOCS
8018,Didwana Kuchaman,RJ,electricity,171.22,149.95,1997.29,3302.8,2025-2026,BUDGET_DOCS
8018,Didwana Kuchaman,RJ,health,59.22,52.93,705.01,1799.85,2025-2026,BUDGET_DOCS
8019,Dudu,RJ,water,93.36,79.23,466.09,1301.54,2025-2026,BUDGET_DOCS
8019,Dudu,RJ,roads,313.7,263.82,1552.0,3237.32,2025-2026,BUDGET_DOCS
8019,Dudu,RJ,sanitation,173.21,126.88,746.41,1403.98,2025-2026,BUDGET_DOCS
8019,Dudu,RJ,electricity,149.68,102.81,604.81,1544.9,2025-2026,BUDGET_DOCS
8019,Dudu,RJ,health,277.36,222.86,1311.04,2149.84,2025-2026,BUDGET_DOCS
8020,Dungarpur,RJ,water,127.31,96.31,1199.74,2612.68,2025-2026,BUDGET_DOCS
8020,Dungarpur,RJ,roads,209.87,185.44,2310.04,3497.1,2025-2026,BUDGET_DOCS
8020,Dungarpur,RJ,sanitation,213.83,172.72,2151.59,3392.14,2025-2026,BUDGET_DOCS
8020,Dungarpur,RJ,electricity,51.09,45.5,566.8,1489.26,2025-2026,BUDGET_DOCS
8020,Dungarpur,RJ,health,211.31,153.38,1910.67,3334.72,2025-2026,BUDGET_DOCS
8021,Ganganagar,RJ,water,204.22,157.23,868.67,1631.67,2025-2026,BUDGET_DOCS
8021,Ganganagar,RJ,roads,223.53,154.78,855.14,1757.12,2025-2026,BUDGET_DOCS
8021,Ganganagar,RJ,sanitation,270.57,234.8,1297.24,2120.19,2025-2026,BUDGET_DOCS
8021,Ganganagar,RJ,electricity,299.88,254.93,1408.45,2399.96,2025-2026,BUDGET_DOCS
8021,Ganganagar,RJ,health,184.31,120.95,668.23,1907.24,2025-2026,BUDGET_DOCS
8022,Gangapurcity,RJ,water,121.53,113.49,1165.55,2652.75,2025-2026,BUDGET_DOCS
8022,Gangapurcity,RJ,roads,106.43,97.07,996.92,2059.43,2025-2026,BUDGET_DOCS
8022,Gangapurcity,RJ,sanitation,119.75,103.74,1065.42,1629.15,2025-2026,BUDGET_DOCS
8022,Gangapurcity,RJ,electricity,128.59,90.8,932.53,2048.81,2025-2026,BUDGET_DOCS
8022,Gangapurcity,RJ,health,126.13,109.58,1125.4,1640.85,2025-2026,BUDGET_DOCS
8023,Hanumangarh,RJ,water,152.0,143.59,1067.3,2352.23,2025-2026,BUDGET_DOCS
8023,Hanumangarh,RJ,roads,221.16,174.65,1298.17,1962.57,2025-2026,BUDGET_DOCS
8023,Hanumangarh,RJ,sanitation,179.12,153.41,1140.29,3113.03,2025-2026,BUDGET_DOCS
8023,Hanumangarh,RJ,electricity,122.71,81.88,608.61,1286.34,2025-2026,BUDGET_DOCS
8023,Hanumangarh,RJ,health,215.87,199.67,1484.14,3161.82,2025-2026,BUDGET_DOCS
8024,Jaipur,RJ,water,252.29,223.58,1547.67,2410.29,2025-2026,BUDGET_DOCS
8024,Jaipur,RJ,roads,238.36,169.14,1170.83,2452.07,2025-2026,BUDGET_DOCS
8024,Jaipur,RJ,sanitation,253.38,179.75,1244.27,2564.63,2025-2026,BUDGET_DOCS
8024,Jaipur,RJ,electricity,142.87,106.71,738.67,1698.6,2025-2026,BUDGET_DOCS
8024,Jaipur,RJ,health,197.95,179.43,1242.06,1719.15,2025-2026,BUDGET_DOCS
8025,Jaipur Rural,RJ,water,224.53,160.0,703.93,1219.28,2025-2026,BUDGET_DOCS
8025,Jaipur Rural,RJ,roads,219.23,181.05,796.54,1261.11,2025-2026,BUDGET_DOCS
8025,Jaipur Rural,RJ,sanitation,262.67,214.06,941.77,1969.55,2025-2026,BUDGET_DOCS
8025,Jaipur Rural,RJ,electricity,451.78,295.44,1299.81,3126.47,2025-2026,BUDGET_DOCS
8025,Jaipur Rural,RJ,health,348.1,292.77,1288.06,2783.31,2025-2026,BUDGET_DOCS
8026,Jaisalmer,RJ,water,472.46,397.71,2039.48,3059.58,2025-2026,BUDGET_DOCS
8026,Jaisalmer,RJ,roads,220.86,162.92,835.46,2522.56,2025-2026,BUDGET_DOCS
8026,Jaisalmer,RJ,sanitation,215.65,162.36,832.59,1732.1,2025-2026,BUDGET_DOCS
8026,Jaisalmer,RJ,electricity,113.74,107.95,553.57,1260.67,2025-2026,BUDGET_DOCS
8026,Jaisalmer,RJ,health,246.38,171.8,881.0,1647.82,2025-2026,BUDGET_DOCS
8027,Jalore,RJ,water,142.46,108.28,1071.94,3363.54,2025-2026,BUDGET_DOCS
8027,Jalore,RJ,roads,95.42,68.83,681.4,1248.88,2025-2026,BUDGET_DOCS
8027,Jalore,RJ,sanitation,200.75,188.68,1867.88,3351.86,2025-2026,BUDGET_DOCS
8027,Jalore,RJ,electricity,186.32,126.47,1252.02,2910.64,2025-2026,BUDGET_DOCS
8027,Jalore,RJ,health,174.39,157.64,1560.59,2916.59,2025-2026,BUDGET_DOCS
8028,Jhalawar,RJ,water,114.28,100.6,1232.61,1689.56,2025-2026,BUDGET_DOCS
8028,Jhalawar,RJ,roads,80.56,53.62,656.98,1784.26,2025-2026,BUDGET_DOCS
8028,Jhalawar,RJ,sanitation,115.68,90.33,1106.78,2188.52,2025-2026,BUDGET_DOCS
8028,Jhalawar,RJ,electricity,80.7,64.2,786.62,1450.18,2025-2026,BUDGET_DOCS
8028,Jhalawar,RJ,health,166.38,115.26,1412.23,2955.02,2025-2026,BUDGET_DOCS
8029,Jhunjhunu,RJ,water,221.92,203.75,1625.85,2734.35,2025-2026,BUDGET_DOCS
8029,Jhunjhunu,RJ,roads,79.83,57.49,458.75,1513.94,2025-2026,BUDGET_DOCS
8029,Jhunjhunu,RJ,sanitation,187.44,124.84,996.18,2060.9,2025-2026,BUDGET_DOCS
8029,Jhunjhunu,RJ,electricity,206.68,177.37,1415.34,2734.16,2025-2026,BUDGET_DOCS
8029,Jhunjhunu,RJ,health,136.93,104.13,830.92,2593.07,2025-2026,BUDGET_DOCS
8030,Jodhpur,RJ,water,468.94,385.38,1616.11,2639.71,2025-2026,BUDGET_DOCS
8030,Jodhpur,RJ,roads,369.83,273.28,1146.01,2064.5,2025-2026,BUDGET_DOCS
8030,Jodhpur,RJ,sanitation,396.06,328.77,1378.71,2471.21,2025-2026,BUDGET_DOCS
8030,Jodhpur,RJ,electricity,484.07,457.14,1917.04,2878.44,2025-2026,BUDGET_DOCS
8030,Jodhpur,RJ,health,429.15,317.0,1329.36,2249.27,2025-2026,BUDGET_DOCS
8031,Jodhpur Rural,RJ,water,117.19,82.68,549.18,1602.78,2025-2026,BUDGET_DOCS
8031,Jodhpur Rural,RJ,roads,346.59,255.9,1699.75,2994.77,2025-2026,BUDGET_DOCS
8031,Jodhpur Rural,RJ,sanitation,191.96,148.05,983.39,1524.97,2025-2026,BUDGET_DOCS
8031,Jodhpur Rural,RJ,electricity,307.81,237.74,1579.13,2487.65,2025-2026,BUDGET_DOCS
8031,Jodhpur Rural,RJ,health,357.6,283.18,1880.95,2809.26,2025-2026,BUDGET_DOCS
8032,Karauli,RJ,water,334.95,242.23,1052.36,2585.52,2025-2026,BUDGET_DOCS
8032,Karauli,RJ,roads,360.25,331.11,1438.49,3385.15,2025-2026,BUDGET_DOCS
8032,Karauli,RJ,sanitation,525.47,496.19,2155.67,2941.13,2025-2026,BUDGET_DOCS
8032,Karauli,RJ,electricity,574.35,538.74,2340.53,3104.43,2025-2026,BUDGET_DOCS
8032,Karauli,RJ,health,337.93,234.1,1017.04,3240.75,2025-2026,BUDGET_DOCS
8033,Kekri,RJ,water,192.9,178.83,1263.07,1992.85,2025-2026,BUDGET_DOCS
8033,Kekri,RJ,roads,156.96,140.11,989.59,1698.25,2025-2026,BUDGET_DOCS
8033,Kekri,RJ,sanitation,156.22,142.89,1009.22,1425.98,2025-2026,BUDGET_DOCS
8033,Kekri,RJ,electricity,320.19,238.26,1682.82,2962.93,2025-2026,BUDGET_DOCS
8033,Kekri,RJ,health,228.07,156.47,1105.14,1974.76,2025-2026,BUDGET_DOCS
8034,Khairthal Tijara,RJ,water,129.36,104.03,677.25,1202.25,2025-2026,BUDGET_DOCS
8034,Khairthal Tijara,RJ,roads,320.45,245.72,1599.66,2580.9,2025-2026,BUDGET_DOCS
8034,Khairthal Tijara,RJ,sanitation,243.05,229.41,1493.48,3496.42,2025-2026,BUDGET_DOCS
8034,Khairthal Tijara,RJ,electricity,157.65,106.31,692.09,2090.53,2025-2026,BUDGET_DOCS
8034,Khairthal Tijara,RJ,health,170.62,153.06,996.44,1644.67,2025-2026,BUDGET_DOCS
8035,Kota,RJ,water,222.43,187.42,2234.17,3205.23,2025-2026,BUDGET_DOCS
8035,Kota,RJ,roads,93.67,71.24,849.23,2642.05,2025-2026,BUDGET_DOCS
8035,Kota,RJ,sanitation,116.65,107.17,1277.54,2666.26,2025-2026,BUDGET_DOCS
8035,Kota,RJ,electricity,124.31,95.37,1136.88,2213.49,2025-2026,BUDGET_DOCS
8035,Kota,RJ,health,92.23,84.45,1006.7,1333.82,2025-2026,BUDGET_DOCS
8036,Kotputli Behror,RJ,water,175.43,145.7,932.01,1570.24,2025-2026,BUDGET_DOCS
8036,Kotputli Behror,RJ,roads,240.7,185.14,1184.3,2968.96,2025-2026,BUDGET_DOCS
8036,Kotputli Behror,RJ,sanitation,240.67,161.28,1031.67,2405.16,2025-2026,BUDGET_DOCS
8036,Kotputli Behror,RJ,electricity,126.63,91.13,582.94,1649.12,2025-2026,BUDGET_DOCS
8036,Kotputli Behror,RJ,health,435.08,323.81,2071.34,3355.66,2025-2026,BUDGET_DOCS
8037,Nagaur,RJ,water,77.03,67.41,473.73,1201.07,2025-2026,BUDGET_DOCS
8037,Nagaur,RJ,roads,156.89,133.5,938.18,1747.34,2025-2026,BUDGET_DOCS
8037,Nagaur,RJ,sanitation,133.39,109.65,770.57,1504.42,2025-2026,BUDGET_DOCS
8037,Nagaur,RJ,electricity,128.94,92.25,648.29,1993.42,2025-2026,BUDGET_DOCS
8037,Nagaur,RJ,health,136.67,101.0,709.78,1370.97,2025-2026,BUDGET_DOCS
8038,Neem Ka Thana,RJ,water,225.94,173.86,1649.88,2768.71,2025-2026,BUDGET_DOCS
8038,Neem Ka Thana,RJ,roads,209.21,192.79,1829.52,2428.62,2025-2026,BUDGET_DOCS
8038,Neem Ka Thana,RJ,sanitation,191.22,153.74,1458.94,2904.11,2025-2026,BUDGET_DOCS
8038,Neem Ka Thana,RJ,electricity,151.09,136.01,1290.69,3304.89,2025-2026,BUDGET_DOCS
8038,Neem Ka Thana,RJ,health,223.72,205.44,1949.56,2669.84,2025-2026,BUDGET_DOCS
8039,Pali,RJ,water,153.89,140.41,1535.18,2179.85,2025-2026,BUDGET_DOCS
8039,Pali,RJ,roads,177.34,160.39,1753.63,2440.53,2025-2026,BUDGET_DOCS
8039,Pali,RJ,sanitation,103.91,77.47,847.02,1607.6,2025-2026,BUDGET_DOCS
8039,Pali,RJ,electricity,58.29,51.01,557.72,1267.06,2025-2026,BUDGET_DOCS
8039,Pali,RJ,health,127.88,113.26,1238.33,3407.46,2025-2026,BUDGET_DOCS
8040,Phalodi,RJ,water,272.73,177.46,1109.8,3022.53,2025-2026,BUDGET_DOCS
8040,Phalodi,RJ,roads,171.11,154.38,965.46,2443.43,2025-2026,BUDGET_DOCS
8040,Phalodi,RJ,sanitation,176.42,132.03,825.69,1615.03,2025-2026,BUDGET_DOCS
8040,Phalodi,RJ,electricity,211.99,180.96,1131.69,1566.2,2025-2026,BUDGET_DOCS
8040,Phalodi,RJ,health,176.68,132.6,829.25,2716.98,2025-2026,BUDGET_DOCS
8041,Pratapgarh,RJ,water,183.91,162.17,757.73,1290.7,2025-2026,BUDGET_DOCS
8041,Pratapgarh,RJ,roads,230.87,192.24,898.23,1817.59,2025-2026,BUDGET_DOCS
8041,Pratapgarh,RJ,sanitation,257.76,168.79,788.66,1864.25,2025-2026,BUDGET_DOCS
8041,Pratapgarh,RJ,electricity,268.31,177.44,829.08,1564.18,2025-2026,BUDGET_DOCS
8041,Pratapgarh,RJ,health,174.29,144.93,677.18,1961.03,2025-2026,BUDGET_DOCS
8042,Rajsamand,RJ,water,108.74,81.99,446.27,1351.84,2025-2026,BUDGET_DOCS
8042,Rajsamand,RJ,roads,304.78,286.11,1557.27,2639.95,2025-2026,BUDGET_DOCS
8042,Rajsamand,RJ,sanitation,223.82,189.45,1031.16,2927.7,2025-2026,BUDGET_DOCS
8042,Rajsamand,RJ,electricity,211.42,152.35,829.23,1410.83,2025-2026,BUDGET_DOCS
8042,Rajsamand,RJ,health,270.84,214.85,1169.41,2451.13,2025-2026,BUDGET_DOCS
8043,Salumbar,RJ,water,227.99,178.05,1630.99,3171.15,2025-2026,BUDGET_DOCS
8043,Salumbar,RJ,roads,199.68,179.93,1648.21,2343.62,2025-2026,BUDGET_DOCS
8043,Salumbar,RJ,sanitation,103.38,73.28,671.27,1497.82,2025-2026,BUDGET_DOCS
8043,Salumbar,RJ,electricity,158.79,133.86,1226.2,3486.64,2025-2026,BUDGET_DOCS
8043,Salumbar,RJ,health,134.13,103.22,945.53,1931.98,2025-2026,BUDGET_DOCS
8044,Sanchore,RJ,water,156.56,144.02,1202.14,2747.93,2025-2026,BUDGET_DOCS
8044,Sanchore,RJ,roads,141.47,128.14,1069.58,1604.59,2025-2026,BUDGET_DOCS
8044,Sanchore,RJ,sanitation,104.96,84.71,707.07,1817.14,2025-2026,BUDGET_DOCS
8044,Sanchore,RJ,electricity,156.29,108.17,902.9,2259.58,2025-2026,BUDGET_DOCS
8044,Sanchore,RJ,health,250.81,177.0,1477.42,3100.88,2025-2026,BUDGET_DOCS
8045,Sawai Madhopur,RJ,water,146.74,125.34,587.5,1578.17,2025-2026,BUDGET_DOCS
8045,Sawai Madhopur,RJ,roads,266.76,200.43,939.46,1954.13,2025-2026,BUDGET_DOCS
8045,Sawai Madhopur,RJ,sanitation,457.87,423.16,1983.45,3475.58,2025-2026,BUDGET_DOCS
8045,Sawai Madhopur,RJ,electricity,201.83,166.03,778.22,1989.71,2025-2026,BUDGET_DOCS
8045,Sawai Madhopur,RJ,health,302.01,274.98,1288.89,2128.4,2025-2026,BUDGET_DOCS
8046,Shahpura,RJ,water,382.32,285.71,1221.34,2088.44,2025-2026,BUDGET_DOCS
8046,Shahpura,RJ,roads,450.67,397.45,1699.01,2602.73,2025-2026,BUDGET_DOCS
8046,Shahpura,RJ,sanitation,225.38,147.01,628.43,1860.8,2025-2026,BUDGET_DOCS
8046,Shahpura,RJ,electricity,303.26,276.97,1183.98,1905.22,2025-2026,BUDGET_DOCS
8046,Shahpura,RJ,health,587.2,394.81,1687.72,3255.89,2025-2026,BUDGET_DOCS
8047,Sikar,RJ,water,164.5,147.77,755.39,1875.39,2025-2026,BUDGET_DOCS
8047,Sikar,RJ,roads,162.06,113.77,581.59,1665.28,2025-2026,BUDGET_DOCS
8047,Sikar,RJ,sanitation,254.92,197.78,1011.04,2624.57,2025-2026,BUDGET_DOCS
8047,Sikar,RJ,electricity,465.39,316.1,1615.89,2874.04,2025-2026,BUDGET_DOCS
8047,Sikar,RJ,health,357.26,266.23,1360.96,3037.25,2025-2026,BUDGET_DOCS
8048,Sirohi,RJ,water,159.12,106.3,1048.41,2560.99,2025-2026,BUDGET_DOCS
8048,Sirohi,RJ,roads,134.32,106.57,1051.07,2884.75,2025-2026,BUDGET_DOCS
8048,Sirohi,RJ,sanitation,84.82,76.63,755.78,1824.87,2025-2026,BUDGET_DOCS
8048,Sirohi,RJ,electricity,192.04,144.89,1429.02,2411.6,2025-2026,BUDGET_DOCS
8048,Sirohi,RJ,health,73.68,55.21,544.52,1574.42,2025-2026,BUDGET_DOCS
8049,Tonk,RJ,water,174.32,152.05,951.56,1977.15,2025-2026,BUDGET_DOCS
8049,Tonk,RJ,roads,281.73,211.82,1325.62,2739.42,2025-2026,BUDGET_DOCS
8049,Tonk,RJ,sanitation,340.26,302.48,1892.99,2553.14,2025-2026,BUDGET_DOCS
8049,Tonk,RJ,electricity,222.24,185.37,1160.09,1929.85,2025-2026,BUDGET_DOCS
8049,Tonk,RJ,health,117.75,110.38,690.78,1608.88,2025-2026,BUDGET_DOCS
8050,Udaipur,RJ,water,336.55,307.34,1427.03,3404.46,2025-2026,BUDGET_DOCS
8050,Udaipur,RJ,roads,537.35,478.13,2220.04,3231.09,2025-2026,BUDGET_DOCS
8050,Udaipur,RJ,sanitation,296.92,193.49,898.41,3197.52,2025-2026,BUDGET_DOCS
8050,Udaipur,RJ,electricity,177.22,126.04,585.22,1981.84,2025-2026,BUDGET_DOCS
8050,Udaipur,RJ,health,371.8,261.99,1216.46,2655.91,2025-2026,BUDGET_DOCS
11001,Gangtok,SK,water,67.09,49.5,1609.6,3014.3,2025-2026,BUDGET_DOCS
11001,Gangtok,SK,roads,48.68,33.54,1090.63,2150.54,2025-2026,BUDGET_DOCS
11001,Gangtok,SK,sanitation,81.57,70.24,2284.01,3145.72,2025-2026,BUDGET_DOCS
11001,Gangtok,SK,electricity,53.97,50.46,1640.82,3314.25,2025-2026,BUDGET_DOCS
11001,Gangtok,SK,health,20.84,18.63,605.8,1360.06,2025-2026,BUDGET_DOCS
11002,Gyalshing,SK,water,18.57,14.38,1588.93,3236.61,2025-2026,BUDGET_DOCS
11002,Gyalshing,SK,roads,10.35,8.44,932.59,2325.94,2025-2026,BUDGET_DOCS
11002,Gyalshing,SK,sanitation,11.54,10.16,1122.64,1993.52,2025-2026,BUDGET_DOCS
11002,Gyalshing,SK,electricity,13.83,11.75,1298.33,2129.26,2025-2026,BUDGET_DOCS
11002,Gyalshing,SK,health,7.0,5.29,584.52,1606.96,2025-2026,BUDGET_DOCS
11003,Mangan,SK,water,40.7,33.22,1473.73,2243.22,2025-2026,BUDGET_DOCS
11003,Mangan,SK,roads,37.41,30.48,1352.18,2877.98,2025-2026,BUDGET_DOCS
11003,Mangan,SK,sanitation,21.8,14.96,663.67,1617.8,2025-2026,BUDGET_DOCS
11003,Mangan,SK,electricity,22.0,18.84,835.8,2278.18,2025-2026,BUDGET_DOCS
11003,Mangan,SK,health,28.16,24.46,1085.11,1656.14,2025-2026,BUDGET_DOCS
11004,Namchi,SK,water,15.83,14.34,1081.49,2182.33,2025-2026,BUDGET_DOCS
11004,Namchi,SK,roads,9.77,7.97,601.08,1373.33,2025-2026,BUDGET_DOCS
11004,Namchi,SK,sanitation,16.31,12.19,919.34,1530.91,2025-2026,BUDGET_DOCS
11004,Namchi,SK,electricity,22.52,19.97,1506.09,2036.49,2025-2026,BUDGET_DOCS
11004,Namchi,SK,health,27.01,20.15,1519.67,3168.11,2025-2026,BUDGET_DOCS
11005,Pakyong,SK,water,20.76,16.6,1676.01,2528.5,2025-2026,BUDGET_DOCS
11005,Pakyong,SK,roads,12.75,11.7,1181.28,2845.63,2025-2026,BUDGET_DOCS
11005,Pakyong,SK,sanitation,20.04,16.53,1668.94,2588.3,2025-2026,BUDGET_DOCS
11005,Pakyong,SK,electricity,7.85,6.14,619.92,1206.18,2025-2026,BUDGET_DOCS
11005,Pakyong,SK,health,8.55,7.27,734.01,1572.81,2025-2026,BUDGET_DOCS
11006,Soreng,SK,water,38.55,34.23,1156.66,2931.32,2025-2026,BUDGET_DOCS
11006,Soreng,SK,roads,47.27,42.96,1451.66,2113.4,2025-2026,BUDGET_DOCS
11006,Soreng,SK,sanitation,34.8,31.84,1075.9,2460.35,2025-2026,BUDGET_DOCS
11006,Soreng,SK,electricity,34.79,28.94,977.91,1810.22,2025-2026,BUDGET_DOCS
11006,Soreng,SK,health,79.4,63.96,2161.26,3361.37,2025-2026,BUDGET_DOCS
33001,Ariyalur,TN,water,616.17,407.99,1530.85,3017.77,2025-2026,BUDGET_DOCS
33001,Ariyalur,TN,roads,277.6,200.12,750.88,1239.88,2025-2026,BUDGET_DOCS
33001,Ariyalur,TN,sanitation,243.6,200.19,751.15,2092.06,2025-2026,BUDGET_DOCS
33001,Ariyalur,TN,electricity,439.1,346.04,1298.4,3026.77,2025-2026,BUDGET_DOCS
33001,Ariyalur,TN,health,421.87,394.97,1481.99,1997.84,2025-2026,BUDGET_DOCS
33002,Chengalpattu,TN,water,161.01,144.42,906.9,2376.18,2025-2026,BUDGET_DOCS
33002,Chengalpattu,TN,roads,346.21,328.09,2060.28,3296.81,2025-2026,BUDGET_DOCS
33002,Chengalpattu,TN,sanitation,156.96,125.56,788.47,1390.09,2025-2026,BUDGET_DOCS
33002,Chengalpattu,TN,electricity,187.07,143.92,903.76,2600.0,2025-2026,BUDGET_DOCS
33002,Chengalpattu,TN,health,308.52,211.23,1326.44,2656.57,2025-2026,BUDGET_DOCS
33003,Chennai,TN,water,461.71,347.61,442.16,1273.41,2025-2026,BUDGET_DOCS
33003,Chennai,TN,roads,1458.82,1139.76,1449.77,2907.93,2025-2026,BUDGET_DOCS
33003,Chennai,TN,sanitation,1137.38,994.11,1264.51,1771.95,2025-2026,BUDGET_DOCS
33003,Chennai,TN,electricity,708.0,501.08,637.37,1692.41,2025-2026,BUDGET_DOCS
33003,Chennai,TN,health,805.37,526.73,670.0,2074.65,2025-2026,BUDGET_DOCS
33004,Coimbatore,TN,water,516.38,386.25,1567.3,3177.64,2025-2026,BUDGET_DOCS
33004,Coimbatore,TN,roads,248.66,189.65,769.55,1509.66,2025-2026,BUDGET_DOCS
33004,Coimbatore,TN,sanitation,235.32,166.63,676.14,1239.36,2025-2026,BUDGET_DOCS
33004,Coimbatore,TN,electricity,657.5,496.41,2014.29,3147.81,2025-2026,BUDGET_DOCS
33004,Coimbatore,TN,health,386.59,345.28,1401.05,2075.14,2025-2026,BUDGET_DOCS
33005,Cuddalore,TN,water,256.5,191.86,913.54,2174.88,2025-2026,BUDGET_DOCS
33005,Cuddalore,TN,roads,230.93,214.12,1019.54,2043.39,2025-2026,BUDGET_DOCS
33005,Cuddalore,TN,sanitation,146.09,136.22,648.61,1687.63,2025-2026,BUDGET_DOCS
33005,Cuddalore,TN,electricity,510.98,336.07,1600.2,3242.64,2025-2026,BUDGET_DOCS
33005,Cuddalore,TN,health,597.79,464.33,2210.91,3477.23,2025-2026,BUDGET_DOCS
33006,Dharmapuri,TN,water,170.23,143.85,663.49,1490.91,2025-2026,BUDGET_DOCS
33006,Dharmapuri,TN,roads,393.13,286.32,1320.62,3272.58,2025-2026,BUDGET_DOCS
33006,Dharmapuri,TN,sanitation,533.82,456.59,2105.97,3187.33,2025-2026,BUDGET_DOCS
33006,Dharmapuri,TN,electricity,290.06,250.35,1154.71,2676.69,2025-2026,BUDGET_DOCS
33006,Dharmapuri,TN,health,206.23,141.76,653.85,1856.55,2025-2026,BUDGET_DOCS
33007,Dindigul,TN,water,237.69,186.07,641.41,1909.0,2025-2026,BUDGET_DOCS
33007,Dindigul,TN,roads,679.18,517.26,1783.07,2757.26,2025-2026,BUDGET_DOCS
33007,Dindigul,TN,sanitation,301.76,218.42,752.92,2177.89,2025-2026,BUDGET_DOCS
33007,Dindigul,TN,electricity,299.23,269.62,929.42,2303.01,2025-2026,BUDGET_DOCS
33007,Dindigul,TN,health,307.01,209.74,723.0,1777.53,2025-2026,BUDGET_DOCS
33008,Erode,TN,water,516.86,416.1,1239.63,2387.44,2025-2026,BUDGET_DOCS
33008,Erode,TN,roads,722.59,566.75,1688.44,3068.37,2025-2026,BUDGET_DOCS
33008,Erode,TN,sanitation,213.96,185.28,551.98,1540.7,2025-2026,BUDGET_DOCS
33008,Erode,TN,electricity,827.99,653.31,1946.32,3440.66,2025-2026,BUDGET_DOCS
33008,Erode,TN,health,232.06,182.37,543.31,1649.62,2025-2026,BUDGET_DOCS
33009,Kallakurichi,TN,water,159.68,120.51,557.58,1240.09,2025-2026,BUDGET_DOCS
33009,Kallakurichi,TN,roads,483.59,379.16,1754.32,3176.63,2025-2026,BUDGET_DOCS
33009,Kallakurichi,TN,sanitation,406.99,325.12,1504.29,2817.84,2025-2026,BUDGET_DOCS
33009,Kallakurichi,TN,electricity,235.6,176.73,817.71,1670.49,2025-2026,BUDGET_DOCS
33009,Kallakurichi,TN,health,576.05,508.71,2353.74,3499.45,2025-2026,BUDGET_DOCS
33010,Kancheepuram,TN,water,325.99,251.3,825.75,1273.79,2025-2026,BUDGET_DOCS
33010,Kancheepuram,TN,roads,357.91,268.11,880.99,2178.8,2025-2026,BUDGET_DOCS
33010,Kancheepuram,TN,sanitation,575.33,511.2,1679.76,2555.42,2025-2026,BUDGET_DOCS
33010,Kancheepuram,TN,electricity,266.33,226.37,743.83,1316.33,2025-2026,BUDGET_DOCS
33010,Kancheepuram,TN,health,232.23,152.32,500.51,1485.94,2025-2026,BUDGET_DOCS
33011,Kanniyakumari,TN,water,419.44,277.4,796.85,1787.7,2025-2026,BUDGET_DOCS
33011,Kanniyakumari,TN,roads,614.86,509.95,1464.87,2556.19,2025-2026,BUDGET_DOCS
33011,Kanniyakumari,TN,sanitation,661.18,585.14,1680.86,2342.88,2025-2026,BUDGET_DOCS
33011,Kanniyakumari,TN,electricity,523.19,375.18,1077.74,2417.13,2025-2026,BUDGET_DOCS
33011,Kanniyakumari,TN,health,285.9,223.49,641.99,1349.77,2025-2026,BUDGET_DOCS
33012,Karur,TN,water,861.99,673.27,1805.44,3111.11,2025-2026,BUDGET_DOCS
33012,Karur,TN,roads,446.17,359.0,962.7,1685.15,2025-2026,BUDGET_DOCS
33012,Karur,TN,sanitation,505.91,415.12,1113.19,2559.24,2025-2026,BUDGET_DOCS
33012,Karur,TN,electricity,367.88,328.19,880.08,1462.06,2025-2026,BUDGET_DOCS
33012,Karur,TN,health,388.89,283.59,760.48,1354.09,2025-2026,BUDGET_DOCS
33013,Krishnagiri,TN,water,329.97,240.17,1345.2,2650.9,2025-2026,BUDGET_DOCS
33013,Krishnagiri,TN,roads,453.81,369.28,2068.35,3154.12,2025-2026,BUDGET_DOCS
33013,Krishnagiri,TN,sanitation,268.68,204.42,1144.96,3438.45,2025-2026,BUDGET_DOCS
33013,Krishnagiri,TN,electricity,340.07,273.38,1531.21,2814.18,2025-2026,BUDGET_DOCS
33013,Krishnagiri,TN,health,356.87,294.57,1649.9,2360.25,2025-2026,BUDGET_DOCS
33014,Madurai,TN,water,414.77,307.44,1983.19,3334.57,2025-2026,BUDGET_DOCS
33014,Madurai,TN,roads,174.38,136.96,883.48,1517.95,2025-2026,BUDGET_DOCS
33014,Madurai,TN,sanitation,280.03,225.13,1452.24,3224.41,2025-2026,BUDGET_DOCS
33014,Madurai,TN,electricity,339.39,265.44,1712.27,3332.34,2025-2026,BUDGET_DOCS
33014,Madurai,TN,health,218.93,143.06,922.83,2365.75,2025-2026,BUDGET_DOCS
33015,Mayiladuthurai,TN,water,150.18,137.76,601.99,1393.27,2025-2026,BUDGET_DOCS
33015,Mayiladuthurai,TN,roads,419.08,371.91,1625.18,2750.98,2025-2026,BUDGET_DOCS
33015,Mayiladuthurai,TN,sanitation,348.65,321.16,1403.41,2579.77,2025-2026,BUDGET_DOCS
33015,Mayiladuthurai,TN,electricity,257.13,197.38,862.51,1546.01,2025-2026,BUDGET_DOCS
33015,Mayiladuthurai,TN,health,541.02,489.29,2138.11,3369.52,2025-2026,BUDGET_DOCS
33016,Nagapattinam,TN,water,117.15,107.56,778.9,1607.17,2025-2026,BUDGET_DOCS
33016,Nagapattinam,TN,roads,250.81,188.11,1362.21,2789.14,2025-2026,BUDGET_DOCS
33016,Nagapattinam,TN,sanitation,127.98,118.93,861.24,2067.99,2025-2026,BUDGET_DOCS
33016,Nagapattinam,TN,electricity,275.49,233.5,1690.9,2536.38,2025-2026,BUDGET_DOCS
33016,Nagapattinam,TN,health,177.95,149.83,1085.0,2674.71,2025-2026,BUDGET_DOCS
33017,Namakkal,TN,water,158.97,150.13,628.91,1435.08,2025-2026,BUDGET_DOCS
33017,Namakkal,TN,roads,357.42,320.84,1344.03,2017.81,2025-2026,BUDGET_DOCS
33017,Namakkal,TN,sanitation,328.35,225.75,945.69,2135.25,2025-2026,BUDGET_DOCS
33017,Namakkal,TN,electricity,370.18,328.28,1375.19,2355.83,2025-2026,BUDGET_DOCS
33017,Namakkal,TN,health,261.58,211.83,887.37,1710.61,2025-2026,BUDGET_DOCS
33018,Nilgiris,TN,water,396.56,327.54,1081.59,1693.24,2025-2026,BUDGET_DOCS
33018,Nilgiris,TN,roads,646.59,489.68,1617.0,2940.38,2025-2026,BUDGET_DOCS
33018,Nilgiris,TN,sanitation,595.92,533.03,1760.14,2937.63,2025-2026,BUDGET_DOCS
33018,Nilgiris,TN,electricity,839.63,725.79,2396.67,3496.73,2025-2026,BUDGET_DOCS
33018,Nilgiris,TN,health,217.55,188.38,622.06,1448.31,2025-2026,BUDGET_DOCS
33019,Perambalur,TN,water,271.83,226.95,1011.9,2339.86,2025-2026,BUDGET_DOCS
33019,Perambalur,TN,roads,339.66,309.74,1381.04,2186.51,2025-2026,BUDGET_DOCS
33019,Perambalur,TN,sanitation,328.88,291.49,1299.66,2803.13,2025-2026,BUDGET_DOCS
33019,Perambalur,TN,electricity,377.61,298.69,1331.77,2157.7,2025-2026,BUDGET_DOCS
33019,Perambalur,TN,health,523.08,486.15,2167.59,2902.77,2025-2026,BUDGET_DOCS
33020,Pudukkottai,TN,water,164.94,132.79,581.13,1383.12,2025-2026,BUDGET_DOCS
33020,Pudukkottai,TN,roads,601.37,542.39,2373.66,3489.14,2025-2026,BUDGET_DOCS
33020,Pudukkottai,TN,sanitation,489.29,410.01,1794.33,2631.86,2025-2026,BUDGET_DOCS
33020,Pudukkottai,TN,electricity,498.45,416.18,1821.33,3378.53,2025-2026,BUDGET_DOCS
33020,Pudukkottai,TN,health,424.64,307.73,1346.72,2438.33,2025-2026,BUDGET_DOCS
33021,Ramanathapuram,TN,water,383.64,270.15,711.98,1509.97,2025-2026,BUDGET_DOCS
33021,Ramanathapuram,TN,roads,896.2,849.96,2240.06,3143.08,2025-2026,BUDGET_DOCS
33021,Ramanathapuram,TN,sanitation,548.31,502.66,1324.75,1766.71,2025-2026,BUDGET_DOCS
33021,Ramanathapuram,TN,electricity,222.87,176.59,465.4,1302.32,2025-2026,BUDGET_DOCS
33021,Ramanathapuram,TN,health,599.63,430.61,1134.87,2171.71,2025-2026,BUDGET_DOCS
33022,Ranipet,TN,water,308.38,253.4,718.08,1256.98,2025-2026,BUDGET_DOCS
33022,Ranipet,TN,roads,576.34,542.56,1537.5,3056.09,2025-2026,BUDGET_DOCS
33022,Ranipet,TN,sanitation,263.86,244.37,692.49,1775.5,2025-2026,BUDGET_DOCS
33022,Ranipet,TN,electricity,872.53,638.86,1810.4,3496.87,2025-2026,BUDGET_DOCS
33022,Ranipet,TN,health,910.89,759.7,2152.83,3276.97,2025-2026,BUDGET_DOCS
33023,Salem,TN,water,476.58,419.58,1631.97,2236.43,2025-2026,BUDGET_DOCS
33023,Salem,TN,roads,427.67,342.96,1333.95,3418.94,2025-2026,BUDGET_DOCS
33023,Salem,TN,sanitation,395.24,285.66,1111.08,2599.8,2025-2026,BUDGET_DOCS
33023,Salem,TN,electricity,397.98,306.97,1193.97,2999.13,2025-2026,BUDGET_DOCS
33023,Salem,TN,health,245.02,205.83,800.58,2076.9,2025-2026,BUDGET_DOCS
33024,Sivaganga,TN,water,180.07,158.21,655.67,1549.96,2025-2026,BUDGET_DOCS
33024,Sivaganga,TN,roads,450.64,357.59,1481.96,2239.43,2025-2026,BUDGET_DOCS
33024,Sivaganga,TN,sanitation,353.0,243.68,1009.88,2710.28,2025-2026,BUDGET_DOCS
33024,Sivaganga,TN,electricity,200.06,131.7,545.8,1926.81,2025-2026,BUDGET_DOCS
33024,Sivaganga,TN,health,175.53,165.88,687.46,1381.85,2025-2026,BUDGET_DOCS
33025,Tenkasi,TN,water,475.51,388.8,1174.18,2306.76,2025-2026,BUDGET_DOCS
33025,Tenkasi,TN,roads,238.07,196.02,591.98,1650.53,2025-2026,BUDGET_DOCS
33025,Tenkasi,TN,sanitation,600.23,557.74,1684.38,3229.7,2025-2026,BUDGET_DOCS
33025,Tenkasi,TN,electricity,885.03,647.81,1956.39,3263.71,2025-2026,BUDGET_DOCS
33025,Tenkasi,TN,health,361.68,321.08,969.67,1510.29,2025-2026,BUDGET_DOCS
33026,Thanjavur,TN,water,677.97,548.94,1840.52,2877.84,2025-2026,BUDGET_DOCS
33026,Thanjavur,TN,roads,376.02,336.8,1129.24,2260.77,2025-2026,BUDGET_DOCS
33026,Thanjavur,TN,sanitation,399.11,372.93,1250.38,1588.25,2025-2026,BUDGET_DOCS
33026,Thanjavur,TN,electricity,218.64,186.18,624.24,1602.11,2025-2026,BUDGET_DOCS
33026,Thanjavur,TN,health,421.12,314.7,1055.14,2797.85,2025-2026,BUDGET_DOCS
33027,Theni,TN,water,172.39,160.39,689.68,1521.87,2025-2026,BUDGET_DOCS
33027,Theni,TN,roads,425.82,345.42,1485.32,3464.87,2025-2026,BUDGET_DOCS
33027,Theni,TN,sanitation,501.83,400.15,1720.66,2960.3,2025-2026,BUDGET_DOCS
33027,Theni,TN,electricity,570.82,539.42,2319.53,3362.2,2025-2026,BUDGET_DOCS
33027,Theni,TN,health,419.01,322.4,1386.33,2236.73,2025-2026,BUDGET_DOCS
33028,Thoothukudi,TN,water,248.46,219.94,1158.95,3042.75,2025-2026,BUDGET_DOCS
33028,Thoothukudi,TN,roads,500.09,363.3,1914.37,3413.33,2025-2026,BUDGET_DOCS
33028,Thoothukudi,TN,sanitation,263.09,201.52,1061.89,2843.94,2025-2026,BUDGET_DOCS
33028,Thoothukudi,TN,electricity,556.18,415.74,2190.69,3486.96,2025-2026,BUDGET_DOCS
33028,Thoothukudi,TN,health,360.21,262.96,1385.64,2454.23,2025-2026,BUDGET_DOCS
33029,Tiruchirappalli,TN,water,376.91,264.47,1222.89,3137.89,2025-2026,BUDGET_DOCS
33029,Tiruchirappalli,TN,roads,313.58,293.72,1358.14,1784.44,2025-2026,BUDGET_DOCS
33029,Tiruchirappalli,TN,sanitation,230.83,207.23,958.21,1801.8,2025-2026,BUDGET_DOCS
33029,Tiruchirappalli,TN,electricity,233.32,176.97,818.29,1683.61,2025-2026,BUDGET_DOCS
33029,Tiruchirappalli,TN,health,196.22,140.34,648.92,1351.7,2025-2026,BUDGET_DOCS
33030,Tirunelveli,TN,water,296.91,264.6,2091.2,3210.51,2025-2026,BUDGET_DOCS
33030,Tirunelveli,TN,roads,187.57,154.91,1224.29,2506.17,2025-2026,BUDGET_DOCS
33030,Tirunelveli,TN,sanitation,141.66,129.76,1025.53,2383.33,2025-2026,BUDGET_DOCS
33030,Tirunelveli,TN,electricity,150.8,142.95,1129.77,2788.38,2025-2026,BUDGET_DOCS
33030,Tirunelveli,TN,health,160.73,110.88,876.31,1923.35,2025-2026,BUDGET_DOCS
33031,Tirupathur,TN,water,553.58,386.85,1253.98,2692.0,2025-2026,BUDGET_DOCS
33031,Tirupathur,TN,roads,352.24,239.86,777.51,1741.57,2025-2026,BUDGET_DOCS
33031,Tirupathur,TN,sanitation,896.16,759.82,2462.97,3444.31,2025-2026,BUDGET_DOCS
33031,Tirupathur,TN,electricity,417.83,373.99,1212.29,2349.93,2025-2026,BUDGET_DOCS
33031,Tirupathur,TN,health,681.03,643.59,2086.21,3370.51,2025-2026,BUDGET_DOCS
33032,Tiruppur,TN,water,174.87,119.68,850.54,2087.66,2025-2026,BUDGET_DOCS
33032,Tiruppur,TN,roads,291.26,244.49,1737.55,3293.09,2025-2026,BUDGET_DOCS
33032,Tiruppur,TN,sanitation,251.45,223.94,1591.5,2744.39,2025-2026,BUDGET_DOCS
33032,Tiruppur,TN,electricity,186.18,121.64,864.47,2305.95,2025-2026,BUDGET_DOCS
33032,Tiruppur,TN,health,104.41,79.54,565.28,1392.31,2025-2026,BUDGET_DOCS
33033,Tiruvallur,TN,water,249.21,185.53,848.47,2465.76,2025-2026,BUDGET_DOCS
33033,Tiruvallur,TN,roads,394.04,293.53,1342.38,2139.94,2025-2026,BUDGET_DOCS
33033,Tiruvallur,TN,sanitation,267.48,174.15,796.43,2755.45,2025-2026,BUDGET_DOCS
33033,Tiruvallur,TN,electricity,534.99,421.1,1925.79,2886.67,2025-2026,BUDGET_DOCS
33033,Tiruvallur,TN,health,520.13,338.63,1548.64,2928.67,2025-2026,BUDGET_DOCS
33034,Tiruvannamalai,TN,water,285.48,219.22,849.13,1369.8,2025-2026,BUDGET_DOCS
33034,Tiruvannamalai,TN,roads,418.96,361.43,1399.97,2053.23,2025-2026,BUDGET_DOCS
33034,Tiruvannamalai,TN,sanitation,583.26,544.05,2107.33,2819.38,2025-2026,BUDGET_DOCS
33034,Tiruvannamalai,TN,electricity,358.94,281.45,1090.17,3469.6,2025-2026,BUDGET_DOCS
33034,Tiruvannamalai,TN,health,290.98,260.54,1009.18,1945.04,2025-2026,BUDGET_DOCS
33035,Tiruvarur,TN,water,470.78,391.73,1032.32,2630.21,2025-2026,BUDGET_DOCS
33035,Tiruvarur,TN,roads,727.1,590.39,1555.85,3005.3,2025-2026,BUDGET_DOCS
33035,Tiruvarur,TN,sanitation,597.49,502.24,1323.55,2483.47,2025-2026,BUDGET_DOCS
33035,Tiruvarur,TN,electricity,356.46,304.64,802.81,1472.12,2025-2026,BUDGET_DOCS
33035,Tiruvarur,TN,health,762.74,512.4,1350.32,2673.93,2025-2026,BUDGET_DOCS
33036,Vellore,TN,water,497.71,450.32,1501.91,2957.2,2025-2026,BUDGET_DOCS
33036,Vellore,TN,roads,524.52,471.71,1573.25,2651.44,2025-2026,BUDGET_DOCS
33036,Vellore,TN,sanitation,198.67,187.41,625.05,1629.58,2025-2026,BUDGET_DOCS
33036,Vellore,TN,electricity,298.49,278.52,928.92,2472.58,2025-2026,BUDGET_DOCS
33036,Vellore,TN,health,553.74,383.06,1277.58,3263.84,2025-2026,BUDGET_DOCS
33037,Viluppuram,TN,water,260.64,234.69,900.0,1422.12,2025-2026,BUDGET_DOCS
33037,Viluppuram,TN,roads,338.65,281.95,1081.23,2468.28,2025-2026,BUDGET_DOCS
33037,Viluppuram,TN,sanitation,549.85,429.28,1646.22,2562.11,2025-2026,BUDGET_DOCS
33037,Viluppuram,TN,electricity,194.21,181.18,694.8,1607.16,2025-2026,BUDGET_DOCS
33037,Viluppuram,TN,health,341.12,267.71,1026.63,1968.82,2025-2026,BUDGET_DOCS
33038,Virudhunagar,TN,water,268.53,185.95,805.43,1490.76,2025-2026,BUDGET_DOCS
33038,Virudhunagar,TN,roads,410.08,368.72,1597.09,3142.5,2025-2026,BUDGET_DOCS
33038,Virudhunagar,TN,sanitation,267.0,232.37,1006.5,2833.71,2025-2026,BUDGET_DOCS
33038,Virudhunagar,TN,electricity,180.1,167.06,723.61,1345.75,2025-2026,BUDGET_DOCS
33038,Virudhunagar,TN,health,440.79,412.22,1785.51,3266.5,2025-2026,BUDGET_DOCS
36001,Adilabad,TG,water,215.59,173.55,1761.5,2699.48,2025-2026,BUDGET_DOCS
36001,Adilabad,TG,roads,80.1,62.94,638.83,1570.11,2025-2026,BUDGET_DOCS
36001,Adilabad,TG,sanitation,117.45,78.9,800.82,1407.21,2025-2026,BUDGET_DOCS
36001,Adilabad,TG,electricity,213.55,198.47,2014.44,3365.67,2025-2026,BUDGET_DOCS
36001,Adilabad,TG,health,118.13,79.12,803.05,2976.59,2025-2026,BUDGET_DOCS
36002,Bhadradri Kothagudem,TG,water,145.27,132.78,649.2,1627.64,2025-2026,BUDGET_DOCS
36002,Bhadradri Kothagudem,TG,roads,299.07,267.69,1308.82,2910.9,2025-2026,BUDGET_DOCS
36002,Bhadradri Kothagudem,TG,sanitation,262.39,215.38,1053.06,3026.07,2025-2026,BUDGET_DOCS
36002,Bhadradri Kothagudem,TG,electricity,140.75,94.48,461.94,1659.1,2025-2026,BUDGET_DOCS
36002,Bhadradri Kothagudem,TG,health,242.38,158.62,775.54,2189.43,2025-2026,BUDGET_DOCS
36003,Hanamkonda,TG,water,329.45,270.78,1248.18,2277.15,2025-2026,BUDGET_DOCS
36003,Hanamkonda,TG,roads,405.15,279.33,1287.6,3189.97,2025-2026,BUDGET_DOCS
36003,Hanamkonda,TG,sanitation,322.72,283.93,1308.8,1791.31,2025-2026,BUDGET_DOCS
36003,Hanamkonda,TG,electricity,340.49,319.31,1471.89,2150.87,2025-2026,BUDGET_DOCS
36003,Hanamkonda,TG,health,414.34,286.88,1322.4,3023.97,2025-2026,BUDGET_DOCS
36004,Hyderabad,TG,water,927.11,661.96,777.26,1358.06,2025-2026,BUDGET_DOCS
36004,Hyderabad,TG,roads,2077.68,1574.85,1849.16,3227.79,2025-2026,BUDGET_DOCS
36004,Hyderabad,TG,sanitation,1133.15,1016.61,1193.68,1788.88,2025-2026,BUDGET_DOCS
36004,Hyderabad,TG,electricity,1368.65,1062.35,1247.39,1976.01,2025-2026,BUDGET_DOCS
36004,Hyderabad,TG,health,898.58,847.99,995.69,1339.09,2025-2026,BUDGET_DOCS
36005,Jagtial,TG,water,412.87,346.47,2113.76,3318.62,2025-2026,BUDGET_DOCS
36005,Jagtial,TG,roads,301.27,208.29,1270.75,3154.56,2025-2026,BUDGET_DOCS
36005,Jagtial,TG,sanitation,118.08,92.53,564.51,1309.1,2025-2026,BUDGET_DOCS
36005,Jagtial,TG,electricity,191.03,127.04,775.05,2221.97,2025-2026,BUDGET_DOCS
36005,Jagtial,TG,health,225.72,170.58,1040.68,2028.24,2025-2026,BUDGET_DOCS
36006,Jangaon,TG,water,175.47,126.35,1116.17,3477.26,2025-2026,BUDGET_DOCS
36006,Jangaon,TG,roads,325.38,256.66,2267.33,3387.4,2025-2026,BUDGET_DOCS
36006,Jangaon,TG,sanitation,153.97,127.84,1129.34,2367.27,2025-2026,BUDGET_DOCS
36006,Jangaon,TG,electricity,146.0,130.18,1150.01,2779.36,2025-2026,BUDGET_DOCS
36006,Jangaon,TG,health,191.61,146.91,1297.8,2819.57,2025-2026,BUDGET_DOCS
36007,Jayashankar Bhupalpally,TG,water,242.35,215.25,1060.73,2206.8,2025-2026,BUDGET_DOCS
36007,Jayashankar Bhupalpally,TG,roads,402.23,268.63,1323.78,2501.55,2025-2026,BUDGET_DOCS
36007,Jayashankar Bhupalpally,TG,sanitation,186.51,166.69,821.43,1563.19,2025-2026,BUDGET_DOCS
36007,Jayashankar Bhupalpally,TG,electricity,292.86,200.11,986.12,3313.64,2025-2026,BUDGET_DOCS
36007,Jayashankar Bhupalpally,TG,health,248.74,175.34,864.05,1693.58,2025-2026,BUDGET_DOCS
36008,Jogulamba Gadwal,TG,water,396.49,323.23,1559.27,3142.41,2025-2026,BUDGET_DOCS
36008,Jogulamba Gadwal,TG,roads,497.74,411.61,1985.62,3340.73,2025-2026,BUDGET_DOCS
36008,Jogulamba Gadwal,TG,sanitation,174.68,125.63,606.04,2042.16,2025-2026,BUDGET_DOCS
36008,Jogulamba Gadwal,TG,electricity,260.68,170.2,821.05,2927.29,2025-2026,BUDGET_DOCS
36008,Jogulamba Gadwal,TG,health,362.22,303.04,1461.87,2103.14,2025-2026,BUDGET_DOCS
36009,Kamareddy,TG,water,63.02,52.81,727.82,1348.14,2025-2026,BUDGET_DOCS
36009,Kamareddy,TG,roads,198.28,187.8,2588.22,3292.67,2025-2026,BUDGET_DOCS
36009,Kamareddy,TG,sanitation,96.99,89.0,1226.58,1974.66,2025-2026,BUDGET_DOCS
36009,Kamareddy,TG,electricity,138.87,121.93,1680.41,3407.64,2025-2026,BUDGET_DOCS
36009,Kamareddy,TG,health,72.58,59.52,820.29,1760.35,2025-2026,BUDGET_DOCS
36010,Karimnagar,TG,water,150.64,119.5,1408.89,2457.49,2025-2026,BUDGET_DOCS
36010,Karimnagar,TG,roads,78.7,56.86,670.37,1301.4,2025-2026,BUDGET_DOCS
36010,Karimnagar,TG,sanitation,101.55,86.73,1022.53,2301.66,2025-2026,BUDGET_DOCS
36010,Karimnagar,TG,electricity,200.61,170.25,2007.22,2848.31,2025-2026,BUDGET_DOCS
36010,Karimnagar,TG,health,112.92,93.08,1097.4,2511.63,2025-2026,BUDGET_DOCS
36011,Khammam,TG,water,219.73,151.39,1291.81,3466.35,2025-2026,BUDGET_DOCS
36011,Khammam,TG,roads,130.08,102.48,874.46,2099.67,2025-2026,BUDGET_DOCS
36011,Khammam,TG,sanitation,138.55,116.15,991.11,1785.97,2025-2026,BUDGET_DOCS
36011,Khammam,TG,electricity,209.76,185.37,1581.77,2721.43,2025-2026,BUDGET_DOCS
36011,Khammam,TG,health,99.73,74.73,637.67,1703.32,2025-2026,BUDGET_DOCS
36012,Kumuram Bheem Asifabad,TG,water,193.62,178.3,758.27,1758.84,2025-2026,BUDGET_DOCS
36012,Kumuram Bheem Asifabad,TG,roads,190.28,136.24,579.4,1403.29,2025-2026,BUDGET_DOCS
36012,Kumuram Bheem Asifabad,TG,sanitation,290.8,213.59,908.35,1512.99,2025-2026,BUDGET_DOCS
36012,Kumuram Bheem Asifabad,TG,electricity,539.32,499.98,2126.3,2760.18,2025-2026,BUDGET_DOCS
36012,Kumuram Bheem Asifabad,TG,health,391.2,371.17,1578.5,2250.04,2025-2026,BUDGET_DOCS
36013,Mahabubabad,TG,water,107.16,91.97,558.71,1612.12,2025-2026,BUDGET_DOCS
36013,Mahabubabad,TG,roads,207.33,146.37,889.18,2252.42,2025-2026,BUDGET_DOCS
36013,Mahabubabad,TG,sanitation,248.02,227.43,1381.61,1788.42,2025-2026,BUDGET_DOCS
36013,Mahabubabad,TG,electricity,210.39,194.02,1178.65,2798.28,2025-2026,BUDGET_DOCS
36013,Mahabubabad,TG,health,183.21,165.36,1004.54,1463.43,2025-2026,BUDGET_DOCS
36014,Mahabubnagar,TG,water,48.7,33.04,463.5,1209.83,2025-2026,BUDGET_DOCS
36014,Mahabubnagar,TG,roads,46.39,36.23,508.25,1444.76,2025-2026,BUDGET_DOCS
36014,Mahabubnagar,TG,sanitation,95.26,77.65,1089.32,2431.72,2025-2026,BUDGET_DOCS
36014,Mahabubnagar,TG,electricity,163.47,134.16,1882.07,2879.76,2025-2026,BUDGET_DOCS
36014,Mahabubnagar,TG,health,135.36,94.79,1329.77,2266.63,2025-2026,BUDGET_DOCS
36015,Mancherial,TG,water,217.76,200.9,1126.29,2599.91,2025-2026,BUDGET_DOCS
36015,Mancherial,TG,roads,196.19,157.49,882.92,2303.06,2025-2026,BUDGET_DOCS
36015,Mancherial,TG,sanitation,279.03,253.88,1423.31,1962.91,2025-2026,BUDGET_DOCS
36015,Mancherial,TG,electricity,410.18,283.61,1589.98,2711.92,2025-2026,BUDGET_DOCS
36015,Mancherial,TG,health,313.67,204.0,1143.67,2861.48,2025-2026,BUDGET_DOCS
36016,Medak,TG,water,345.02,301.66,2289.28,3326.48,2025-2026,BUDGET_DOCS
36016,Medak,TG,roads,149.33,139.92,1061.85,1351.89,2025-2026,BUDGET_DOCS
36016,Medak,TG,sanitation,239.73,206.25,1565.22,2527.73,2025-2026,BUDGET_DOCS
36016,Medak,TG,electricity,264.74,230.44,1748.8,2748.19,2025-2026,BUDGET_DOCS
36016,Medak,TG,health,134.86,127.25,965.69,1493.44,2025-2026,BUDGET_DOCS
36017,Medchal Malkajgiri,TG,water,140.46,128.65,1269.94,2357.68,2025-2026,BUDGET_DOCS
36017,Medchal Malkajgiri,TG,roads,125.13,81.44,803.92,2136.46,2025-2026,BUDGET_DOCS
36017,Medchal Malkajgiri,TG,sanitation,149.44,129.2,1275.37,3464.03,2025-2026,BUDGET_DOCS
36017,Medchal Malkajgiri,TG,electricity,213.52,166.97,1648.21,2568.2,2025-2026,BUDGET_DOCS
36017,Medchal Malkajgiri,TG,health,132.4,109.28,1078.74,2257.08,2025-2026,BUDGET_DOCS
36018,Mulugu,TG,water,246.71,203.44,880.54,1294.02,2025-2026,BUDGET_DOCS
36018,Mulugu,TG,roads,391.14,365.03,1579.93,3398.31,2025-2026,BUDGET_DOCS
36018,Mulugu,TG,sanitation,149.76,140.72,609.07,1267.09,2025-2026,BUDGET_DOCS
36018,Mulugu,TG,electricity,296.07,247.52,1071.32,2444.79,2025-2026,BUDGET_DOCS
36018,Mulugu,TG,health,227.15,153.18,663.0,2101.33,2025-2026,BUDGET_DOCS
36019,Nagarkurnool,TG,water,103.27,79.33,501.97,1293.33,2025-2026,BUDGET_DOCS
36019,Nagarkurnool,TG,roads,161.04,143.53,908.2,1551.83,2025-2026,BUDGET_DOCS
36019,Nagarkurnool,TG,sanitation,137.24,113.14,715.9,2032.72,2025-2026,BUDGET_DOCS
36019,Nagarkurnool,TG,electricity,355.71,263.28,1665.93,2991.25,2025-2026,BUDGET_DOCS
36019,Nagarkurnool,TG,health,169.21,129.86,821.7,1283.21,2025-2026,BUDGET_DOCS
36020,Nalgonda,TG,water,271.61,197.38,852.52,1403.46,2025-2026,BUDGET_DOCS
36020,Nalgonda,TG,roads,487.03,450.94,1947.7,3007.41,2025-2026,BUDGET_DOCS
36020,Nalgonda,TG,sanitation,552.71,451.26,1949.08,2899.34,2025-2026,BUDGET_DOCS
36020,Nalgonda,TG,electricity,315.35,214.57,926.77,1937.29,2025-2026,BUDGET_DOCS
36020,Nalgonda,TG,health,348.23,318.94,1377.56,2383.78,2025-2026,BUDGET_DOCS
36021,Narayanpet,TG,water,201.56,164.86,847.19,2074.61,2025-2026,BUDGET_DOCS
36021,Narayanpet,TG,roads,474.64,411.06,2112.38,3051.5,2025-2026,BUDGET_DOCS
36021,Narayanpet,TG,sanitation,349.92,275.83,1417.45,3413.53,2025-2026,BUDGET_DOCS
36021,Narayanpet,TG,electricity,529.85,450.38,2314.44,3403.39,2025-2026,BUDGET_DOCS
36021,Narayanpet,TG,health,200.8,145.31,746.73,2038.74,2025-2026,BUDGET_DOCS
36022,Nirmal,TG,water,115.19,98.2,1270.63,2097.93,2025-2026,BUDGET_DOCS
36022,Nirmal,TG,roads,137.62,106.02,1371.82,2348.57,2025-2026,BUDGET_DOCS
36022,Nirmal,TG,sanitation,158.84,150.44,1946.58,2837.84,2025-2026,BUDGET_DOCS
36022,Nirmal,TG,electricity,182.18,168.49,2180.13,2860.02,2025-2026,BUDGET_DOCS
36022,Nirmal,TG,health,74.62,70.15,907.69,1971.66,2025-2026,BUDGET_DOCS
36023,Nizamabad,TG,water,143.53,107.59,848.49,2804.81,2025-2026,BUDGET_DOCS
36023,Nizamabad,TG,roads,269.12,250.81,1977.96,3129.18,2025-2026,BUDGET_DOCS
36023,Nizamabad,TG,sanitation,230.25,162.47,1281.29,2368.5,2025-2026,BUDGET_DOCS
36023,Nizamabad,TG,electricity,124.66,110.44,870.96,2117.93,2025-2026,BUDGET_DOCS
36023,Nizamabad,TG,health,148.85,110.24,869.38,2053.8,2025-2026,BUDGET_DOCS
36024,Peddapalli,TG,water,282.66,233.21,1939.65,3393.41,2025-2026,BUDGET_DOCS
36024,Peddapalli,TG,roads,171.05,159.47,1326.34,1769.97,2025-2026,BUDGET_DOCS
36024,Peddapalli,TG,sanitation,198.17,147.64,1227.95,3078.13,2025-2026,BUDGET_DOCS
36024,Peddapalli,TG,electricity,166.15,110.78,921.38,1910.58,2025-2026,BUDGET_DOCS
36024,Peddapalli,TG,health,150.18,132.32,1100.53,2503.11,2025-2026,BUDGET_DOCS
36025,Rajanna Sircilla,TG,water,231.35,215.1,1011.06,2462.66,2025-2026,BUDGET_DOCS
36025,Rajanna Sircilla,TG,roads,184.73,140.18,658.91,1845.96,2025-2026,BUDGET_DOCS
36025,Rajanna Sircilla,TG,sanitation,383.6,352.48,1656.81,3429.76,2025-2026,BUDGET_DOCS
36025,Rajanna Sircilla,TG,electricity,377.28,335.5,1576.99,2195.77,2025-2026,BUDGET_DOCS
36025,Rajanna Sircilla,TG,health,298.22,252.04,1184.7,1797.45,2025-2026,BUDGET_DOCS
36026,Ranga Reddy,TG,water,181.3,141.23,810.39,2264.44,2025-2026,BUDGET_DOCS
36026,Ranga Reddy,TG,roads,281.3,199.3,1143.6,2768.53,2025-2026,BUDGET_DOCS
36026,Ranga Reddy,TG,sanitation,110.59,73.94,424.27,1207.83,2025-2026,BUDGET_DOCS
36026,Ranga Reddy,TG,electricity,441.41,370.25,2124.52,3103.05,2025-2026,BUDGET_DOCS
36026,Ranga Reddy,TG,health,165.08,129.06,740.56,2021.35,2025-2026,BUDGET_DOCS
36027,Sangareddy,TG,water,225.74,175.54,1193.6,3147.37,2025-2026,BUDGET_DOCS
36027,Sangareddy,TG,roads,191.2,157.19,1068.83,2589.7,2025-2026,BUDGET_DOCS
36027,Sangareddy,TG,sanitation,331.52,237.13,1612.39,3021.05,2025-2026,BUDGET_DOCS
36027,Sangareddy,TG,electricity,237.3,203.66,1384.8,2115.39,2025-2026,BUDGET_DOCS
36027,Sangareddy,TG,health,162.92,107.61,731.7,2337.07,2025-2026,BUDGET_DOCS
36028,Siddipet,TG,water,339.61,256.63,1800.5,2854.01,2025-2026,BUDGET_DOCS
36028,Siddipet,TG,roads,323.17,230.73,1618.79,3254.48,2025-2026,BUDGET_DOCS
36028,Siddipet,TG,sanitation,118.04,99.39,697.31,1739.65,2025-2026,BUDGET_DOCS
36028,Siddipet,TG,electricity,253.91,218.31,1531.65,2972.97,2025-2026,BUDGET_DOCS
36028,Siddipet,TG,health,148.18,123.34,865.35,1637.24,2025-2026,BUDGET_DOCS
36029,Suryapet,TG,water,100.82,95.06,561.36,1410.77,2025-2026,BUDGET_DOCS
36029,Suryapet,TG,roads,107.02,89.06,525.93,1304.79,2025-2026,BUDGET_DOCS
36029,Suryapet,TG,sanitation,231.76,185.8,1097.21,3012.2,2025-2026,BUDGET_DOCS
36029,Suryapet,TG,electricity,207.7,158.75,937.47,1564.31,2025-2026,BUDGET_DOCS
36029,Suryapet,TG,health,150.09,104.58,617.58,1426.94,2025-2026,BUDGET_DOCS
36030,Vikarabad,TG,water,351.88,255.99,1375.53,2952.7,2025-2026,BUDGET_DOCS
36030,Vikarabad,TG,roads,193.91,151.79,815.62,2125.84,2025-2026,BUDGET_DOCS
36030,Vikarabad,TG,sanitation,156.23,147.47,792.41,1804.11,2025-2026,BUDGET_DOCS
36030,Vikarabad,TG,electricity,535.51,505.92,2718.5,3417.6,2025-2026,BUDGET_DOCS
36030,Vikarabad,TG,health,134.2,115.9,622.77,1525.76,2025-2026,BUDGET_DOCS
36031,Wanaparthy,TG,water,169.21,119.28,604.3,2013.6,2025-2026,BUDGET_DOCS
36031,Wanaparthy,TG,roads,542.13,407.28,2063.36,3243.38,2025-2026,BUDGET_DOCS
36031,Wanaparthy,TG,sanitation,171.22,131.31,665.24,2054.66,2025-2026,BUDGET_DOCS
36031,Wanaparthy,TG,electricity,421.92,365.64,1852.4,3116.17,2025-2026,BUDGET_DOCS
36031,Wanaparthy,TG,health,321.02,291.01,1474.31,3188.33,2025-2026,BUDGET_DOCS
36032,Warangal,TG,water,188.91,126.86,827.96,1541.54,2025-2026,BUDGET_DOCS
36032,Warangal,TG,roads,218.64,185.48,1210.55,2981.97,2025-2026,BUDGET_DOCS
36032,Warangal,TG,sanitation,192.13,147.9,965.28,2370.05,2025-2026,BUDGET_DOCS
36032,Warangal,TG,electricity,278.8,236.16,1541.32,2513.09,2025-2026,BUDGET_DOCS
36032,Warangal,TG,health,173.15,126.93,828.42,2088.07,2025-2026,BUDGET_DOCS
36033,Yadadri Bhuvanagiri,TG,water,125.55,103.06,839.74,1958.88,2025-2026,BUDGET_DOCS
36033,Yadadri Bhuvanagiri,TG,roads,221.89,169.26,1379.15,2742.21,2025-2026,BUDGET_DOCS
36033,Yadadri Bhuvanagiri,TG,sanitation,283.18,222.37,1811.89,3464.96,2025-2026,BUDGET_DOCS
36033,Yadadri Bhuvanagiri,TG,electricity,219.1,146.37,1192.64,2342.3,2025-2026,BUDGET_DOCS
36033,Yadadri Bhuvanagiri,TG,health,286.17,187.57,1528.34,3047.88,2025-2026,BUDGET_DOCS
16001,Dhalai,TR,water,335.21,274.86,1310.05,2626.7,2025-2026,BUDGET_DOCS
16001,Dhalai,TR,roads,196.02,183.57,874.94,2243.98,2025-2026,BUDGET_DOCS
16001,Dhalai,TR,sanitation,208.36,162.09,772.56,2291.5,2025-2026,BUDGET_DOCS
16001,Dhalai,TR,electricity,344.19,306.11,1458.99,3254.35,2025-2026,BUDGET_DOCS
16001,Dhalai,TR,health,351.51,274.65,1309.05,3465.71,2025-2026,BUDGET_DOCS
16002,Gomati,TR,water,340.15,291.81,1752.1,2514.83,2025-2026,BUDGET_DOCS
16002,Gomati,TR,roads,186.34,156.34,938.7,1666.94,2025-2026,BUDGET_DOCS
16002,Gomati,TR,sanitation,186.62,123.03,738.7,2079.13,2025-2026,BUDGET_DOCS
16002,Gomati,TR,electricity,287.74,236.94,1422.64,2378.74,2025-2026,BUDGET_DOCS
16002,Gomati,TR,health,165.69,114.89,689.83,1970.2,2025-2026,BUDGET_DOCS
16003,Khowai,TR,water,203.46,156.4,1087.52,2167.99,2025-2026,BUDGET_DOCS
16003,Khowai,TR,roads,192.23,150.05,1043.36,1911.13,2025-2026,BUDGET_DOCS
16003,Khowai,TR,sanitation,200.68,166.15,1155.31,2122.1,2025-2026,BUDGET_DOCS
16003,Khowai,TR,electricity,381.52,258.18,1795.24,3323.72,2025-2026,BUDGET_DOCS
16003,Khowai,TR,health,253.83,191.46,1331.3,3077.3,2025-2026,BUDGET_DOCS
16004,North Tripura,TR,water,137.66,125.93,903.78,2268.13,2025-2026,BUDGET_DOCS
16004,North Tripura,TR,roads,195.51,160.47,1151.67,2500.5,2025-2026,BUDGET_DOCS
16004,North Tripura,TR,sanitation,157.38,104.64,750.98,2074.36,2025-2026,BUDGET_DOCS
16004,North Tripura,TR,electricity,174.42,113.79,816.65,2053.21,2025-2026,BUDGET_DOCS
16004,North Tripura,TR,health,128.19,103.67,744.02,2046.42,2025-2026,BUDGET_DOCS
16005,Sepahijala,TR,water,204.38,151.15,947.9,2152.08,2025-2026,BUDGET_DOCS
16005,Sepahijala,TR,roads,161.82,148.93,933.98,1959.94,2025-2026,BUDGET_DOCS
16005,Sepahijala,TR,sanitation,389.75,289.28,1814.15,3323.7,2025-2026,BUDGET_DOCS
16005,Sepahijala,TR,electricity,123.69,113.67,712.85,1792.02,2025-2026,BUDGET_DOCS
16005,Sepahijala,TR,health,240.32,223.11,1399.18,2607.57,2025-2026,BUDGET_DOCS
16006,South Tripura,TR,water,213.88,148.4,1228.0,2711.98,2025-2026,BUDGET_DOCS
16006,South Tripura,TR,roads,86.69,67.27,556.65,1309.81,2025-2026,BUDGET_DOCS
16006,South Tripura,TR,sanitation,192.57,179.2,1482.87,2592.51,2025-2026,BUDGET_DOCS
16006,South Tripura,TR,electricity,294.25,238.33,1972.16,3473.15,2025-2026,BUDGET_DOCS
16006,South Tripura,TR,health,228.11,207.0,1712.91,2972.24,2025-2026,BUDGET_DOCS
16007,Unakoti,TR,water,106.83,89.64,977.23,2392.72,2025-2026,BUDGET_DOCS
16007,Unakoti,TR,roads,156.17,123.65,1348.0,3004.05,2025-2026,BUDGET_DOCS
16007,Unakoti,TR,sanitation,183.77,126.38,1377.76,2546.89,2025-2026,BUDGET_DOCS
16007,Unakoti,TR,electricity,67.78,49.71,541.92,1762.2,2025-2026,BUDGET_DOCS
16007,Unakoti,TR,health,108.14,100.43,1094.86,2195.53,2025-2026,BUDGET_DOCS
16008,West Tripura,TR,water,304.62,215.4,1140.78,2416.16,2025-2026,BUDGET_DOCS
16008,West Tripura,TR,roads,327.3,295.18,1563.3,2539.41,2025-2026,BUDGET_DOCS
16008,West Tripura,TR,sanitation,419.3,326.67,1730.07,3416.84,2025-2026,BUDGET_DOCS
16008,West Tripura,TR,electricity,470.12,391.54,2073.63,3054.18,2025-2026,BUDGET_DOCS
16008,West Tripura,TR,health,329.49,249.8,1322.96,3372.08,2025-2026,BUDGET_DOCS
9001,Agra,UP,water,325.34,295.21,1147.51,2742.72,2025-2026,BUDGET_DOCS
9001,Agra,UP,roads,256.92,181.11,703.99,1648.28,2025-2026,BUDGET_DOCS
9001,Agra,UP,sanitation,381.87,250.36,973.17,2135.13,2025-2026,BUDGET_DOCS
9001,Agra,UP,electricity,268.86,221.5,860.99,1733.58,2025-2026,BUDGET_DOCS
9001,Agra,UP,health,432.27,384.85,1495.95,2360.2,2025-2026,BUDGET_DOCS
9002,Aligarh,UP,water,129.36,102.99,781.69,1406.24,2025-2026,BUDGET_DOCS
9002,Aligarh,UP,roads,183.43,133.73,1015.01,3245.32,2025-2026,BUDGET_DOCS
9002,Aligarh,UP,sanitation,246.09,222.08,1685.58,3485.16,2025-2026,BUDGET_DOCS
9002,Aligarh,UP,electricity,88.39,78.51,595.89,1334.42,2025-2026,BUDGET_DOCS
9002,Aligarh,UP,health,339.63,237.41,1801.94,3119.84,2025-2026,BUDGET_DOCS
9003,Ambedkar Nagar,UP,water,208.17,197.23,830.16,1509.22,2025-2026,BUDGET_DOCS
9003,Ambedkar Nagar,UP,roads,320.28,230.25,969.15,1695.71,2025-2026,BUDGET_DOCS
9003,Ambedkar Nagar,UP,sanitation,208.23,164.61,692.86,1704.76,2025-2026,BUDGET_DOCS
9003,Ambedkar Nagar,UP,electricity,229.18,195.05,820.99,1355.76,2025-2026,BUDGET_DOCS
9003,Ambedkar Nagar,UP,health,314.07,292.04,1229.23,2183.89,2025-2026,BUDGET_DOCS
9004,Amethi,UP,water,144.58,119.21,663.91,1598.0,2025-2026,BUDGET_DOCS
9004,Amethi,UP,roads,409.16,286.9,1597.82,2970.04,2025-2026,BUDGET_DOCS
9004,Amethi,UP,sanitation,118.71,109.85,611.78,1266.8,2025-2026,BUDGET_DOCS
9004,Amethi,UP,electricity,228.48,185.54,1033.32,3022.53,2025-2026,BUDGET_DOCS
9004,Amethi,UP,health,334.34,297.52,1656.97,2254.44,2025-2026,BUDGET_DOCS
9005,Amroha,UP,water,181.65,143.28,1129.32,1795.57,2025-2026,BUDGET_DOCS
9005,Amroha,UP,roads,168.81,156.18,1231.0,2985.23,2025-2026,BUDGET_DOCS
9005,Amroha,UP,sanitation,241.47,180.22,1420.48,2677.04,2025-2026,BUDGET_DOCS
9005,Amroha,UP,electricity,102.17,90.52,713.47,1799.04,2025-2026,BUDGET_DOCS
9005,Amroha,UP,health,258.11,239.45,1887.33,2581.66,2025-2026,BUDGET_DOCS
9006,Auraiya,UP,water,701.38,600.68,1730.2,3046.13,2025-2026,BUDGET_DOCS
9006,Auraiya,UP,roads,536.82,394.31,1135.77,2086.14,2025-2026,BUDGET_DOCS
9006,Auraiya,UP,sanitation,389.49,339.58,978.13,1785.86,2025-2026,BUDGET_DOCS
9006,Auraiya,UP,electricity,725.4,608.0,1751.29,3378.45,2025-2026,BUDGET_DOCS
9006,Auraiya,UP,health,579.85,390.18,1123.88,2238.15,2025-2026,BUDGET_DOCS
9007,Ayodhya,UP,water,433.15,291.15,1865.74,3307.56,2025-2026,BUDGET_DOCS
9007,Ayodhya,UP,roads,389.56,309.86,1985.63,3166.63,2025-2026,BUDGET_DOCS
9007,Ayodhya,UP,sanitation,331.11,307.85,1972.75,2795.25,2025-2026,BUDGET_DOCS
9007,Ayodhya,UP,electricity,224.56,185.56,1189.1,2576.01,2025-2026,BUDGET_DOCS
9007,Ayodhya,UP,health,210.25,159.05,1019.22,2624.68,2025-2026,BUDGET_DOCS
9008,Azamgarh,UP,water,115.49,81.17,489.32,1544.2,2025-2026,BUDGET_DOCS
9008,Azamgarh,UP,roads,324.52,236.32,1424.62,2761.99,2025-2026,BUDGET_DOCS
9008,Azamgarh,UP,sanitation,305.77,286.64,1727.97,3221.86,2025-2026,BUDGET_DOCS
9008,Azamgarh,UP,electricity,400.07,260.23,1568.76,3290.17,2025-2026,BUDGET_DOCS
9008,Azamgarh,UP,health,197.59,186.3,1123.09,2441.03,2025-2026,BUDGET_DOCS
9009,Baghpat,UP,water,267.9,179.87,1407.78,2961.7,2025-2026,BUDGET_DOCS
9009,Baghpat,UP,roads,204.72,181.47,1420.3,2962.0,2025-2026,BUDGET_DOCS
9009,Baghpat,UP,sanitation,147.03,126.53,990.31,2230.85,2025-2026,BUDGET_DOCS
9009,Baghpat,UP,electricity,122.41,103.73,811.86,1617.82,2025-2026,BUDGET_DOCS
9009,Baghpat,UP,health,159.25,138.92,1087.28,1567.9,2025-2026,BUDGET_DOCS
9010,Bahraich,UP,water,330.98,251.77,812.87,2590.55,2025-2026,BUDGET_DOCS
9010,Bahraich,UP,roads,418.32,346.27,1117.98,2867.79,2025-2026,BUDGET_DOCS
9010,Bahraich,UP,sanitation,248.07,225.6,728.38,1469.16,2025-2026,BUDGET_DOCS
9010,Bahraich,UP,electricity,604.28,400.4,1292.74,3336.56,2025-2026,BUDGET_DOCS
9010,Bahraich,UP,health,429.89,365.17,1179.0,2560.25,2025-2026,BUDGET_DOCS
9011,Ballia,UP,water,366.29,298.66,1342.33,2383.06,2025-2026,BUDGET_DOCS
9011,Ballia,UP,roads,155.85,106.3,477.77,1423.32,2025-2026,BUDGET_DOCS
9011,Ballia,UP,sanitation,446.78,295.83,1329.61,2705.81,2025-2026,BUDGET_DOCS
9011,Ballia,UP,electricity,260.36,235.7,1059.36,1827.01,2025-2026,BUDGET_DOCS
9011,Ballia,UP,health,295.32,264.51,1188.84,2820.06,2025-2026,BUDGET_DOCS
9012,Balrampur,UP,water,328.42,242.83,1521.7,2432.31,2025-2026,BUDGET_DOCS
9012,Balrampur,UP,roads,144.7,98.82,619.26,1219.4,2025-2026,BUDGET_DOCS
9012,Balrampur,UP,sanitation,202.52,135.19,847.17,1951.45,2025-2026,BUDGET_DOCS
9012,Balrampur,UP,electricity,163.95,113.14,709.0,1911.4,2025-2026,BUDGET_DOCS
9012,Balrampur,UP,health,199.67,177.38,1111.56,3124.69,2025-2026,BUDGET_DOCS
9013,Banda,UP,water,444.69,347.13,1055.73,2982.66,2025-2026,BUDGET_DOCS
9013,Banda,UP,roads,262.56,184.87,562.25,1497.39,2025-2026,BUDGET_DOCS
9013,Banda,UP,sanitation,617.96,482.53,1467.53,2604.18,2025-2026,BUDGET_DOCS
9013,Banda,UP,electricity,218.67,154.14,468.79,1533.11,2025-2026,BUDGET_DOCS
9013,Banda,UP,health,268.29,197.27,599.96,1902.97,2025-2026,BUDGET_DOCS
9014,Barabanki,UP,water,302.69,259.46,1550.88,3446.56,2025-2026,BUDGET_DOCS
9014,Barabanki,UP,roads,112.38,96.59,577.35,1422.03,2025-2026,BUDGET_DOCS
9014,Barabanki,UP,sanitation,157.57,105.12,628.34,1455.06,2025-2026,BUDGET_DOCS
9014,Barabanki,UP,electricity,317.14,208.13,1244.07,3212.92,2025-2026,BUDGET_DOCS
9014,Barabanki,UP,health,221.44,144.08,861.22,2782.83,2025-2026,BUDGET_DOCS
9015,Bareilly,UP,water,185.39,140.26,747.45,2464.62,2025-2026,BUDGET_DOCS
9015,Bareilly,UP,roads,426.55,385.06,2052.0,2784.96,2025-2026,BUDGET_DOCS
9015,Bareilly,UP,sanitation,342.24,280.42,1494.37,2616.67,2025-2026,BUDGET_DOCS
9015,Bareilly,UP,electricity,208.76,160.63,856.0,2606.37,2025-2026,BUDGET_DOCS
9015,Bareilly,UP,health,249.33,196.28,1045.98,2804.26,2025-2026,BUDGET_DOCS
9016,Basti,UP,water,307.99,231.26,1074.29,3270.3,2025-2026,BUDGET_DOCS
9016,Basti,UP,roads,215.31,174.98,812.84,1462.3,2025-2026,BUDGET_DOCS
9016,Basti,UP,sanitation,509.68,392.83,1824.84,3066.05,2025-2026,BUDGET_DOCS
9016,Basti,UP,electricity,203.54,158.81,737.73,2114.59,2025-2026,BUDGET_DOCS
9016,Basti,UP,health,306.74,199.46,926.56,1900.82,2025-2026,BUDGET_DOCS
9017,Bhadohi,UP,water,673.01,544.13,1638.13,2580.2,2025-2026,BUDGET_DOCS
9017,Bhadohi,UP,roads,532.01,463.32,1394.85,1948.34,2025-2026,BUDGET_DOCS
9017,Bhadohi,UP,sanitation,544.05,499.82,1504.73,2810.73,2025-2026,BUDGET_DOCS
9017,Bhadohi,UP,electricity,343.23,227.57,685.11,2333.92,2025-2026,BUDGET_DOCS
9017,Bhadohi,UP,health,707.95,635.5,1913.2,2937.69,2025-2026,BUDGET_DOCS
9018,Bijnor,UP,water,420.67,326.31,943.78,1454.54,2025-2026,BUDGET_DOCS
9018,Bijnor,UP,roads,753.86,612.36,1771.11,3162.43,2025-2026,BUDGET_DOCS
9018,Bijnor,UP,sanitation,455.08,320.13,925.9,1887.49,2025-2026,BUDGET_DOCS
9018,Bijnor,UP,electricity,805.3,722.01,2088.25,2753.78,2025-2026,BUDGET_DOCS
9018,Bijnor,UP,health,307.92,234.2,677.37,1546.55,2025-2026,BUDGET_DOCS
9019,Budaun,UP,water,368.07,313.36,1114.13,1950.15,2025-2026,BUDGET_DOCS
9019,Budaun,UP,roads,300.6,235.46,837.16,2645.03,2025-2026,BUDGET_DOCS
9019,Budaun,UP,sanitation,244.65,222.26,790.23,1885.08,2025-2026,BUDGET_DOCS
9019,Budaun,UP,electricity,183.3,145.28,516.53,1251.69,2025-2026,BUDGET_DOCS
9019,Budaun,UP,health,487.22,402.97,1432.73,2959.11,2025-2026,BUDGET_DOCS
9020,Bulandshahr,UP,water,281.01,225.57,742.84,2132.94,2025-2026,BUDGET_DOCS
9020,Bulandshahr,UP,roads,703.84,636.34,2095.59,3046.27,2025-2026,BUDGET_DOCS
9020,Bulandshahr,UP,sanitation,269.3,198.39,653.34,1458.85,2025-2026,BUDGET_DOCS
9020,Bulandshahr,UP,electricity,564.49,425.07,1399.84,2254.17,2025-2026,BUDGET_DOCS
9020,Bulandshahr,UP,health,425.35,379.64,1250.23,2116.94,2025-2026,BUDGET_DOCS
9021,Chandauli,UP,water,490.07,377.13,1033.05,3241.55,2025-2026,BUDGET_DOCS
9021,Chandauli,UP,roads,519.95,400.39,1096.76,3410.71,2025-2026,BUDGET_DOCS
9021,Chandauli,UP,sanitation,727.05,476.53,1305.33,2471.62,2025-2026,BUDGET_DOCS
9021,Chandauli,UP,electricity,467.05,420.38,1151.52,2452.04,2025-2026,BUDGET_DOCS
9021,Chandauli,UP,health,330.38,236.69,648.35,2024.71,2025-2026,BUDGET_DOCS
9022,Chitrakoot,UP,water,512.55,466.24,1320.75,2472.66,2025-2026,BUDGET_DOCS
9022,Chitrakoot,UP,roads,355.52,278.77,789.69,1233.51,2025-2026,BUDGET_DOCS
9022,Chitrakoot,UP,sanitation,293.94,191.12,541.4,2052.28,2025-2026,BUDGET_DOCS
9022,Chitrakoot,UP,electricity,255.9,196.3,556.07,1305.63,2025-2026,BUDGET_DOCS
9022,Chitrakoot,UP,health,434.57,398.32,1128.35,2761.3,2025-2026,BUDGET_DOCS
9023,Deoria,UP,water,231.89,154.33,751.83,1876.64,2025-2026,BUDGET_DOCS
9023,Deoria,UP,roads,491.4,453.9,2211.21,2950.69,2025-2026,BUDGET_DOCS
9023,Deoria,UP,sanitation,354.52,247.67,1206.54,2703.34,2025-2026,BUDGET_DOCS
9023,Deoria,UP,electricity,503.4,331.93,1617.02,3219.83,2025-2026,BUDGET_DOCS
9023,Deoria,UP,health,267.67,203.89,993.26,2651.35,2025-2026,BUDGET_DOCS
9024,Etah,UP,water,366.78,341.84,1461.94,3308.06,2025-2026,BUDGET_DOCS
9024,Etah,UP,roads,364.94,251.01,1073.49,2069.01,2025-2026,BUDGET_DOCS
9024,Etah,UP,sanitation,252.27,209.18,894.6,1944.3,2025-2026,BUDGET_DOCS
9024,Etah,UP,electricity,346.07,321.75,1376.02,3206.16,2025-2026,BUDGET_DOCS
9024,Etah,UP,health,334.99,303.68,1298.74,2966.67,2025-2026,BUDGET_DOCS
9025,Etawah,UP,water,225.25,175.95,803.61,2056.44,2025-2026,BUDGET_DOCS
9025,Etawah,UP,roads,272.57,244.04,1114.6,1592.66,2025-2026,BUDGET_DOCS
9025,Etawah,UP,sanitation,287.54,229.09,1046.32,2429.07,2025-2026,BUDGET_DOCS
9025,Etawah,UP,electricity,140.34,105.24,480.66,1388.22,2025-2026,BUDGET_DOCS
9025,Etawah,UP,health,195.16,167.93,766.98,1999.71,2025-2026,BUDGET_DOCS
9026,Farrukhabad,UP,water,167.86,122.74,1011.09,2337.7,2025-2026,BUDGET_DOCS
9026,Farrukhabad,UP,roads,237.04,197.99,1630.97,2677.84,2025-2026,BUDGET_DOCS
9026,Farrukhabad,UP,sanitation,216.76,161.78,1332.68,2478.08,2025-2026,BUDGET_DOCS
9026,Farrukhabad,UP,electricity,113.78,96.78,797.24,1946.87,2025-2026,BUDGET_DOCS
9026,Farrukhabad,UP,health,150.48,104.13,857.78,1591.72,2025-2026,BUDGET_DOCS
9027,Fatehpur,UP,water,182.71,133.52,792.36,1794.15,2025-2026,BUDGET_DOCS
9027,Fatehpur,UP,roads,164.61,117.61,697.94,1729.74,2025-2026,BUDGET_DOCS
9027,Fatehpur,UP,sanitation,267.79,244.27,1449.59,2976.47,2025-2026,BUDGET_DOCS
9027,Fatehpur,UP,electricity,380.86,281.36,1669.7,2883.14,2025-2026,BUDGET_DOCS
9027,Fatehpur,UP,health,409.55,280.84,1666.61,3116.51,2025-2026,BUDGET_DOCS
9028,Firozabad,UP,water,377.33,323.19,898.93,1391.24,2025-2026,BUDGET_DOCS
9028,Firozabad,UP,roads,434.38,402.03,1118.22,1751.19,2025-2026,BUDGET_DOCS
9028,Firozabad,UP,sanitation,735.6,486.4,1352.89,3454.93,2025-2026,BUDGET_DOCS
9028,Firozabad,UP,electricity,527.8,370.79,1031.33,2291.2,2025-2026,BUDGET_DOCS
9028,Firozabad,UP,health,511.25,454.15,1263.19,3301.3,2025-2026,BUDGET_DOCS
9029,Gautam Buddha Nagar,UP,water,220.22,196.38,1583.14,2876.56,2025-2026,BUDGET_DOCS
9029,Gautam Buddha Nagar,UP,roads,131.43,107.69,868.16,2377.27,2025-2026,BUDGET_DOCS
9029,Gautam Buddha Nagar,UP,sanitation,106.11,84.2,678.79,1446.97,2025-2026,BUDGET_DOCS
9029,Gautam Buddha Nagar,UP,electricity,183.81,146.86,1183.93,1872.84,2025-2026,BUDGET_DOCS
9029,Gautam Buddha Nagar,UP,health,214.89,164.11,1322.99,2891.01,2025-2026,BUDGET_DOCS
9030,Ghaziabad,UP,water,491.3,404.11,1101.17,1985.35,2025-2026,BUDGET_DOCS
9030,Ghaziabad,UP,roads,786.58,537.75,1465.33,3017.68,2025-2026,BUDGET_DOCS
9030,Ghaziabad,UP,sanitation,577.69,458.63,1249.74,2424.21,2025-2026,BUDGET_DOCS
9030,Ghaziabad,UP,electricity,592.92,427.01,1163.57,2528.11,2025-2026,BUDGET_DOCS
9030,Ghaziabad,UP,health,881.7,616.41,1679.68,3341.58,2025-2026,BUDGET_DOCS
9031,Ghazipur,UP,water,580.58,478.89,1641.17,2740.98,2025-2026,BUDGET_DOCS
9031,Ghazipur,UP,roads,420.28,383.74,1315.09,2207.49,2025-2026,BUDGET_DOCS
9031,Ghazipur,UP,sanitation,722.86,541.12,1854.43,3094.94,2025-2026,BUDGET_DOCS
9031,Ghazipur,UP,electricity,460.31,371.0,1271.43,2832.95,2025-2026,BUDGET_DOCS
9031,Ghazipur,UP,health,722.61,652.36,2235.66,3374.53,2025-2026,BUDGET_DOCS
9032,Gonda,UP,water,172.14,128.84,422.41,1388.48,2025-2026,BUDGET_DOCS
9032,Gonda,UP,roads,413.47,388.52,1273.78,2535.38,2025-2026,BUDGET_DOCS
9032,Gonda,UP,sanitation,776.56,688.79,2258.23,3328.51,2025-2026,BUDGET_DOCS
9032,Gonda,UP,electricity,455.1,363.58,1192.01,3028.05,2025-2026,BUDGET_DOCS
9032,Gonda,UP,health,622.07,477.36,1565.04,3209.85,2025-2026,BUDGET_DOCS
9033,Gorakhpur,UP,water,314.58,258.88,1225.27,1832.74,2025-2026,BUDGET_DOCS
9033,Gorakhpur,UP,roads,280.92,249.59,1181.3,3241.27,2025-2026,BUDGET_DOCS
9033,Gorakhpur,UP,sanitation,452.35,408.52,1933.51,2710.39,2025-2026,BUDGET_DOCS
9033,Gorakhpur,UP,electricity,415.25,373.73,1768.85,2517.57,2025-2026,BUDGET_DOCS
9033,Gorakhpur,UP,health,310.01,235.96,1116.79,2224.18,2025-2026,BUDGET_DOCS
9034,Hamirpur,UP,water,504.62,347.16,1167.31,3123.11,2025-2026,BUDGET_DOCS
9034,Hamirpur,UP,roads,461.15,316.56,1064.42,2107.5,2025-2026,BUDGET_DOCS
9034,Hamirpur,UP,sanitation,566.2,381.59,1283.08,2524.05,2025-2026,BUDGET_DOCS
9034,Hamirpur,UP,electricity,414.15,284.81,957.66,1771.83,2025-2026,BUDGET_DOCS
9034,Hamirpur,UP,health,459.57,317.25,1066.74,2519.06,2025-2026,BUDGET_DOCS
9035,Hapur,UP,water,302.61,215.45,970.2,1888.47,2025-2026,BUDGET_DOCS
9035,Hapur,UP,roads,167.49,143.9,648.0,1360.26,2025-2026,BUDGET_DOCS
9035,Hapur,UP,sanitation,416.64,318.2,1432.89,3010.14,2025-2026,BUDGET_DOCS
9035,Hapur,UP,electricity,383.01,258.02,1161.9,2124.73,2025-2026,BUDGET_DOCS
9035,Hapur,UP,health,389.57,323.29,1455.82,2787.48,2025-2026,BUDGET_DOCS
9036,Hardoi,UP,water,252.99,213.83,965.37,2235.83,2025-2026,BUDGET_DOCS
9036,Hardoi,UP,roads,541.75,391.05,1765.46,3179.78,2025-2026,BUDGET_DOCS
9036,Hardoi,UP,sanitation,248.64,187.48,846.41,2320.89,2025-2026,BUDGET_DOCS
9036,Hardoi,UP,electricity,317.56,234.06,1056.71,3217.61,2025-2026,BUDGET_DOCS
9036,Hardoi,UP,health,328.72,217.87,983.61,2103.64,2025-2026,BUDGET_DOCS
9037,Hathras,UP,water,233.94,170.06,770.7,1389.08,2025-2026,BUDGET_DOCS
9037,Hathras,UP,roads,480.58,323.41,1465.67,3079.1,2025-2026,BUDGET_DOCS
9037,Hathras,UP,sanitation,488.74,419.81,1902.55,3254.59,2025-2026,BUDGET_DOCS
9037,Hathras,UP,electricity,409.91,376.09,1704.41,3405.47,2025-2026,BUDGET_DOCS
9037,Hathras,UP,health,344.48,289.52,1312.08,1969.95,2025-2026,BUDGET_DOCS
9038,Jalaun,UP,water,163.59,149.15,1081.0,1508.94,2025-2026,BUDGET_DOCS
9038,Jalaun,UP,roads,128.7,94.1,682.01,1805.58,2025-2026,BUDGET_DOCS
9038,Jalaun,UP,sanitation,149.72,107.64,780.15,1466.94,2025-2026,BUDGET_DOCS
9038,Jalaun,UP,electricity,131.79,86.52,627.07,1929.07,2025-2026,BUDGET_DOCS
9038,Jalaun,UP,health,224.78,174.32,1263.43,2147.05,2025-2026,BUDGET_DOCS
9039,Jaunpur,UP,water,613.13,555.93,1484.4,2935.12,2025-2026,BUDGET_DOCS
9039,Jaunpur,UP,roads,506.04,378.82,1011.49,1745.4,2025-2026,BUDGET_DOCS
9039,Jaunpur,UP,sanitation,661.1,597.47,1595.31,2921.82,2025-2026,BUDGET_DOCS
9039,Jaunpur,UP,electricity,288.72,204.69,546.55,1483.56,2025-2026,BUDGET_DOCS
9039,Jaunpur,UP,health,592.5,483.38,1290.68,2676.15,2025-2026,BUDGET_DOCS
9040,Jhansi,UP,water,168.06,142.11,864.86,1672.76,2025-2026,BUDGET_DOCS
9040,Jhansi,UP,roads,209.86,182.51,1110.72,2026.03,2025-2026,BUDGET_DOCS
9040,Jhansi,UP,sanitation,146.84,116.37,708.21,1693.23,2025-2026,BUDGET_DOCS
9040,Jhansi,UP,electricity,103.85,74.75,454.92,1232.03,2025-2026,BUDGET_DOCS
9040,Jhansi,UP,health,81.27,75.09,456.98,1219.39,2025-2026,BUDGET_DOCS
9041,Kannauj,UP,water,831.38,598.42,1786.21,3148.98,2025-2026,BUDGET_DOCS
9041,Kannauj,UP,roads,194.34,164.36,490.6,1395.48,2025-2026,BUDGET_DOCS
9041,Kannauj,UP,sanitation,344.72,251.84,751.71,2235.48,2025-2026,BUDGET_DOCS
9041,Kannauj,UP,electricity,252.42,217.63,649.6,1842.85,2025-2026,BUDGET_DOCS
9041,Kannauj,UP,health,521.81,449.41,1341.44,2337.92,2025-2026,BUDGET_DOCS
9042,Kanpur Dehat,UP,water,355.47,234.06,1002.19,1837.21,2025-2026,BUDGET_DOCS
9042,Kanpur Dehat,UP,roads,437.86,304.45,1303.58,2879.44,2025-2026,BUDGET_DOCS
9042,Kanpur Dehat,UP,sanitation,252.21,234.55,1004.29,2096.48,2025-2026,BUDGET_DOCS
9042,Kanpur Dehat,UP,electricity,240.68,183.39,785.23,2135.81,2025-2026,BUDGET_DOCS
9042,Kanpur Dehat,UP,health,633.28,562.37,2407.93,3481.27,2025-2026,BUDGET_DOCS
9043,Kanpur Nagar,UP,water,187.67,161.08,767.96,1543.41,2025-2026,BUDGET_DOCS
9043,Kanpur Nagar,UP,roads,273.72,190.35,907.5,1590.62,2025-2026,BUDGET_DOCS
9043,Kanpur Nagar,UP,sanitation,179.34,158.51,755.7,1280.84,2025-2026,BUDGET_DOCS
9043,Kanpur Nagar,UP,electricity,293.34,227.11,1082.76,1743.83,2025-2026,BUDGET_DOCS
9043,Kanpur Nagar,UP,health,208.35,147.72,704.26,1511.75,2025-2026,BUDGET_DOCS
9044,Kasganj,UP,water,142.99,125.23,1008.42,2615.27,2025-2026,BUDGET_DOCS
9044,Kasganj,UP,roads,95.85,66.91,538.8,1279.6,2025-2026,BUDGET_DOCS
9044,Kasganj,UP,sanitation,115.91,88.58,713.29,1451.06,2025-2026,BUDGET_DOCS
9044,Kasganj,UP,electricity,101.18,92.62,745.83,1294.89,2025-2026,BUDGET_DOCS
9044,Kasganj,UP,health,209.42,147.79,1190.09,2706.7,2025-2026,BUDGET_DOCS
9045,Kaushambi,UP,water,158.18,114.44,453.0,1214.46,2025-2026,BUDGET_DOCS
9045,Kaushambi,UP,roads,281.0,252.2,998.3,1323.73,2025-2026,BUDGET_DOCS
9045,Kaushambi,UP,sanitation,396.01,350.85,1388.79,2947.03,2025-2026,BUDGET_DOCS
9045,Kaushambi,UP,electricity,399.39,276.88,1095.99,3275.5,2025-2026,BUDGET_DOCS
9045,Kaushambi,UP,health,276.57,208.17,824.01,2690.28,2025-2026,BUDGET_DOCS
9046,Kheri,UP,water,136.09,105.63,683.64,1251.99,2025-2026,BUDGET_DOCS
9046,Kheri,UP,roads,221.02,158.56,1026.2,2638.67,2025-2026,BUDGET_DOCS
9046,Kheri,UP,sanitation,135.39,114.47,740.85,1500.26,2025-2026,BUDGET_DOCS
9046,Kheri,UP,electricity,213.8,174.71,1130.72,2586.16,2025-2026,BUDGET_DOCS
9046,Kheri,UP,health,373.71,273.22,1768.28,3432.18,2025-2026,BUDGET_DOCS
9047,Kushinagar,UP,water,636.37,603.29,1652.43,2188.69,2025-2026,BUDGET_DOCS
9047,Kushinagar,UP,roads,750.44,668.42,1830.82,2817.17,2025-2026,BUDGET_DOCS
9047,Kushinagar,UP,sanitation,608.17,496.75,1360.61,3235.26,2025-2026,BUDGET_DOCS
9047,Kushinagar,UP,electricity,891.6,716.94,1963.72,3019.68,2025-2026,BUDGET_DOCS
9047,Kushinagar,UP,health,392.97,300.15,822.12,2168.99,2025-2026,BUDGET_DOCS
9048,Lalitpur,UP,water,585.62,395.72,1162.45,2625.34,2025-2026,BUDGET_DOCS
9048,Lalitpur,UP,roads,272.19,223.57,656.75,1891.78,2025-2026,BUDGET_DOCS
9048,Lalitpur,UP,sanitation,623.42,559.31,1643.01,2870.03,2025-2026,BUDGET_DOCS
9048,Lalitpur,UP,electricity,929.3,713.62,2096.3,3255.59,2025-2026,BUDGET_DOCS
9048,Lalitpur,UP,health,791.56,712.47,2092.92,3412.48,2025-2026,BUDGET_DOCS
9049,Lucknow,UP,water,286.44,200.64,847.1,1540.48,2025-2026,BUDGET_DOCS
9049,Lucknow,UP,roads,405.38,351.89,1485.68,3495.1,2025-2026,BUDGET_DOCS
9049,Lucknow,UP,sanitation,483.15,439.6,1855.99,2778.53,2025-2026,BUDGET_DOCS
9049,Lucknow,UP,electricity,263.0,240.28,1014.46,2026.34,2025-2026,BUDGET_DOCS
9049,Lucknow,UP,health,280.22,183.88,776.34,2951.13,2025-2026,BUDGET_DOCS
9050,Maharajganj,UP,water,207.51,170.97,705.49,2134.25,2025-2026,BUDGET_DOCS
9050,Maharajganj,UP,roads,339.06,278.14,1147.71,3168.51,2025-2026,BUDGET_DOCS
9050,Maharajganj,UP,sanitation,329.86,237.67,980.71,2905.18,2025-2026,BUDGET_DOCS
9050,Maharajganj,UP,electricity,330.19,259.87,1072.32,2776.68,2025-2026,BUDGET_DOCS
9050,Maharajganj,UP,health,530.3,495.05,2042.76,3112.84,2025-2026,BUDGET_DOCS
9051,Mahoba,UP,water,346.91,230.76,608.68,1793.43,2025-2026,BUDGET_DOCS
9051,Mahoba,UP,roads,965.35,909.1,2397.96,3319.13,2025-2026,BUDGET_DOCS
9051,Mahoba,UP,sanitation,640.0,463.82,1223.43,2384.61,2025-2026,BUDGET_DOCS
9051,Mahoba,UP,electricity,247.71,223.07,588.4,1473.1,2025-2026,BUDGET_DOCS
9051,Mahoba,UP,health,562.13,381.59,1006.53,3392.11,2025-2026,BUDGET_DOCS
9052,Mainpuri,UP,water,258.25,192.96,516.78,1227.69,2025-2026,BUDGET_DOCS
9052,Mainpuri,UP,roads,382.8,252.26,675.59,1750.1,2025-2026,BUDGET_DOCS
9052,Mainpuri,UP,sanitation,597.22,496.98,1330.99,1939.8,2025-2026,BUDGET_DOCS
9052,Mainpuri,UP,electricity,438.9,377.99,1012.32,1775.88,2025-2026,BUDGET_DOCS
9052,Mainpuri,UP,health,706.95,490.96,1314.87,3185.43,2025-2026,BUDGET_DOCS
9053,Mathura,UP,water,313.14,203.65,1145.0,3321.62,2025-2026,BUDGET_DOCS
9053,Mathura,UP,roads,349.36,230.61,1296.58,3410.24,2025-2026,BUDGET_DOCS
9053,Mathura,UP,sanitation,283.93,226.88,1275.61,1997.3,2025-2026,BUDGET_DOCS
9053,Mathura,UP,electricity,399.73,315.89,1776.06,2784.3,2025-2026,BUDGET_DOCS
9053,Mathura,UP,health,301.13,283.45,1593.67,3016.24,2025-2026,BUDGET_DOCS
9054,Mau,UP,water,198.89,139.82,655.73,2162.95,2025-2026,BUDGET_DOCS
9054,Mau,UP,roads,309.56,253.63,1189.49,2652.56,2025-2026,BUDGET_DOCS
9054,Mau,UP,sanitation,313.21,240.94,1129.97,1859.79,2025-2026,BUDGET_DOCS
9054,Mau,UP,electricity,294.5,244.58,1147.04,3231.75,2025-2026,BUDGET_DOCS
9054,Mau,UP,health,188.56,145.67,683.17,1703.85,2025-2026,BUDGET_DOCS
9055,Meerut,UP,water,128.76,118.63,535.26,1406.01,2025-2026,BUDGET_DOCS
9055,Meerut,UP,roads,540.29,353.06,1593.02,3376.96,2025-2026,BUDGET_DOCS
9055,Meerut,UP,sanitation,381.84,285.44,1287.92,2891.49,2025-2026,BUDGET_DOCS
9055,Meerut,UP,electricity,562.86,489.21,2207.34,3398.16,2025-2026,BUDGET_DOCS
9055,Meerut,UP,health,393.57,300.9,1357.67,3439.17,2025-2026,BUDGET_DOCS
9056,Mirzapur,UP,water,421.61,398.38,2047.86,2854.11,2025-2026,BUDGET_DOCS
9056,Mirzapur,UP,roads,358.39,323.84,1664.69,3417.29,2025-2026,BUDGET_DOCS
9056,Mirzapur,UP,sanitation,194.82,182.81,939.73,1796.79,2025-2026,BUDGET_DOCS
9056,Mirzapur,UP,electricity,229.92,186.33,957.82,1391.07,2025-2026,BUDGET_DOCS
9056,Mirzapur,UP,health,166.41,113.24,582.11,1575.32,2025-2026,BUDGET_DOCS
9057,Moradabad,UP,water,221.34,202.26,1027.38,1376.15,2025-2026,BUDGET_DOCS
9057,Moradabad,UP,roads,371.66,302.43,1536.19,3232.91,2025-2026,BUDGET_DOCS
9057,Moradabad,UP,sanitation,364.59,323.4,1642.71,2374.46,2025-2026,BUDGET_DOCS
9057,Moradabad,UP,electricity,225.23,151.84,771.27,1874.94,2025-2026,BUDGET_DOCS
9057,Moradabad,UP,health,131.76,93.85,476.71,1567.18,2025-2026,BUDGET_DOCS
9058,Muzaffarnagar,UP,water,394.45,321.2,1938.96,3221.02,2025-2026,BUDGET_DOCS
9058,Muzaffarnagar,UP,roads,261.9,196.66,1187.16,3379.19,2025-2026,BUDGET_DOCS
9058,Muzaffarnagar,UP,sanitation,344.23,286.19,1727.61,2665.56,2025-2026,BUDGET_DOCS
9058,Muzaffarnagar,UP,electricity,229.71,167.01,1008.17,2927.78,2025-2026,BUDGET_DOCS
9058,Muzaffarnagar,UP,health,203.11,156.37,943.94,3007.01,2025-2026,BUDGET_DOCS
9059,Pilibhit,UP,water,164.96,136.26,868.53,1905.46,2025-2026,BUDGET_DOCS
9059,Pilibhit,UP,roads,231.7,185.55,1182.71,1861.25,2025-2026,BUDGET_DOCS
9059,Pilibhit,UP,sanitation,108.48,87.33,556.65,1611.17,2025-2026,BUDGET_DOCS
9059,Pilibhit,UP,electricity,235.54,154.74,986.33,2549.38,2025-2026,BUDGET_DOCS
9059,Pilibhit,UP,health,172.86,152.5,972.05,2131.85,2025-2026,BUDGET_DOCS
9060,Pratapgarh,UP,water,194.14,161.79,997.1,2828.94,2025-2026,BUDGET_DOCS
9060,Pratapgarh,UP,roads,324.7,291.3,1795.26,3387.44,2025-2026,BUDGET_DOCS
9060,Pratapgarh,UP,sanitation,131.86,113.93,702.14,1751.35,2025-2026,BUDGET_DOCS
9060,Pratapgarh,UP,electricity,272.43,181.4,1117.96,2676.28,2025-2026,BUDGET_DOCS
9060,Pratapgarh,UP,health,102.51,97.37,600.09,1334.44,2025-2026,BUDGET_DOCS
9061,Prayagraj,UP,water,454.01,362.72,1033.38,1753.61,2025-2026,BUDGET_DOCS
9061,Prayagraj,UP,roads,385.9,339.04,965.91,1427.47,2025-2026,BUDGET_DOCS
9061,Prayagraj,UP,sanitation,365.46,319.69,910.79,2475.98,2025-2026,BUDGET_DOCS
9061,Prayagraj,UP,electricity,841.26,769.95,2193.56,3234.64,2025-2026,BUDGET_DOCS
9061,Prayagraj,UP,health,461.76,349.29,995.11,1557.85,2025-2026,BUDGET_DOCS
9062,Raebareli,UP,water,156.12,126.31,893.53,2206.36,2025-2026,BUDGET_DOCS
9062,Raebareli,UP,roads,163.76,151.77,1073.63,2824.19,2025-2026,BUDGET_DOCS
9062,Raebareli,UP,sanitation,247.24,222.8,1576.11,2483.66,2025-2026,BUDGET_DOCS
9062,Raebareli,UP,electricity,136.35,94.26,666.8,2401.95,2025-2026,BUDGET_DOCS
9062,Raebareli,UP,health,238.83,206.47,1460.59,2276.36,2025-2026,BUDGET_DOCS
9063,Rampur,UP,water,292.82,233.41,1420.04,3472.04,2025-2026,BUDGET_DOCS
9063,Rampur,UP,roads,118.77,89.27,543.11,1477.41,2025-2026,BUDGET_DOCS
9063,Rampur,UP,sanitation,170.14,131.99,803.01,1721.38,2025-2026,BUDGET_DOCS
9063,Rampur,UP,electricity,421.43,274.81,1671.91,3185.57,2025-2026,BUDGET_DOCS
9063,Rampur,UP,health,322.45,274.77,1671.67,3036.02,2025-2026,BUDGET_DOCS
9064,Saharanpur,UP,water,324.54,248.99,930.47,1573.22,2025-2026,BUDGET_DOCS
9064,Saharanpur,UP,roads,291.82,242.43,905.95,1287.52,2025-2026,BUDGET_DOCS
9064,Saharanpur,UP,sanitation,512.69,463.51,1732.12,2955.86,2025-2026,BUDGET_DOCS
9064,Saharanpur,UP,electricity,336.56,220.78,825.05,1797.04,2025-2026,BUDGET_DOCS
9064,Saharanpur,UP,health,575.52,435.64,1627.97,3041.95,2025-2026,BUDGET_DOCS
9065,Sambhal,UP,water,187.98,122.73,550.01,1367.21,2025-2026,BUDGET_DOCS
9065,Sambhal,UP,roads,155.39,144.87,649.23,1654.54,2025-2026,BUDGET_DOCS
9065,Sambhal,UP,sanitation,435.25,316.6,1418.83,3070.75,2025-2026,BUDGET_DOCS
9065,Sambhal,UP,electricity,352.51,251.54,1127.27,2998.07,2025-2026,BUDGET_DOCS
9065,Sambhal,UP,health,293.67,238.3,1067.93,2920.53,2025-2026,BUDGET_DOCS
9066,Sant Kabir Nagar,UP,water,302.33,202.98,584.52,1538.93,2025-2026,BUDGET_DOCS
9066,Sant Kabir Nagar,UP,roads,449.67,401.22,1155.39,2295.42,2025-2026,BUDGET_DOCS
9066,Sant Kabir Nagar,UP,sanitation,491.93,362.67,1044.38,2465.11,2025-2026,BUDGET_DOCS
9066,Sant Kabir Nagar,UP,electricity,503.2,427.88,1232.16,2839.7,2025-2026,BUDGET_DOCS
9066,Sant Kabir Nagar,UP,health,917.43,660.37,1901.66,3352.15,2025-2026,BUDGET_DOCS
9067,Shahjahanpur,UP,water,475.61,344.36,1341.63,3406.06,2025-2026,BUDGET_DOCS
9067,Shahjahanpur,UP,roads,372.6,344.4,1341.79,1975.01,2025-2026,BUDGET_DOCS
9067,Shahjahanpur,UP,sanitation,241.26,162.35,632.52,1455.68,2025-2026,BUDGET_DOCS
9067,Shahjahanpur,UP,electricity,356.3,317.87,1238.43,2232.79,2025-2026,BUDGET_DOCS
9067,Shahjahanpur,UP,health,258.01,226.93,884.12,1508.17,2025-2026,BUDGET_DOCS
9068,Shamli,UP,water,483.36,354.81,1304.68,3137.92,2025-2026,BUDGET_DOCS
9068,Shamli,UP,roads,494.76,327.04,1202.57,2978.28,2025-2026,BUDGET_DOCS
9068,Shamli,UP,sanitation,163.51,128.88,473.91,1348.71,2025-2026,BUDGET_DOCS
9068,Shamli,UP,electricity,227.87,156.49,575.43,1340.64,2025-2026,BUDGET_DOCS
9068,Shamli,UP,health,293.9,248.55,913.95,2083.83,2025-2026,BUDGET_DOCS
9069,Shrawasti,UP,water,320.12,275.85,1274.61,1893.94,2025-2026,BUDGET_DOCS
9069,Shrawasti,UP,roads,340.1,237.59,1097.83,2744.95,2025-2026,BUDGET_DOCS
9069,Shrawasti,UP,sanitation,178.66,156.42,722.77,1597.34,2025-2026,BUDGET_DOCS
9069,Shrawasti,UP,electricity,349.23,242.45,1120.28,2776.08,2025-2026,BUDGET_DOCS
9069,Shrawasti,UP,health,314.56,283.16,1308.39,2237.0,2025-2026,BUDGET_DOCS
9070,Siddharthnagar,UP,water,600.93,476.4,1589.21,2461.53,2025-2026,BUDGET_DOCS
9070,Siddharthnagar,UP,roads,469.46,322.81,1076.85,2790.75,2025-2026,BUDGET_DOCS
9070,Siddharthnagar,UP,sanitation,579.51,464.29,1548.81,3254.17,2025-2026,BUDGET_DOCS
9070,Siddharthnagar,UP,electricity,291.06,267.42,892.08,2292.92,2025-2026,BUDGET_DOCS
9070,Siddharthnagar,UP,health,636.09,512.12,1708.36,2796.39,2025-2026,BUDGET_DOCS
9071,Sitapur,UP,water,556.39,485.54,1319.34,2290.81,2025-2026,BUDGET_DOCS
9071,Sitapur,UP,roads,685.06,620.75,1686.74,3401.08,2025-2026,BUDGET_DOCS
9071,Sitapur,UP,sanitation,415.13,270.93,736.19,2186.85,2025-2026,BUDGET_DOCS
9071,Sitapur,UP,electricity,419.97,313.51,851.89,1641.26,2025-2026,BUDGET_DOCS
9071,Sitapur,UP,health,601.85,481.51,1308.39,2235.53,2025-2026,BUDGET_DOCS
9072,Sonbhadra,UP,water,351.59,305.39,1164.78,2924.03,2025-2026,BUDGET_DOCS
9072,Sonbhadra,UP,roads,303.85,213.49,814.27,1614.6,2025-2026,BUDGET_DOCS
9072,Sonbhadra,UP,sanitation,433.51,295.62,1127.51,2679.97,2025-2026,BUDGET_DOCS
9072,Sonbhadra,UP,electricity,219.21,166.88,636.49,1372.53,2025-2026,BUDGET_DOCS
9072,Sonbhadra,UP,health,502.63,344.91,1315.51,3240.12,2025-2026,BUDGET_DOCS
9073,Sultanpur,UP,water,373.06,243.37,1690.14,3121.76,2025-2026,BUDGET_DOCS
9073,Sultanpur,UP,roads,279.51,197.38,1370.75,2544.38,2025-2026,BUDGET_DOCS
9073,Sultanpur,UP,sanitation,346.23,328.39,2280.58,3266.52,2025-2026,BUDGET_DOCS
9073,Sultanpur,UP,electricity,377.8,247.15,1716.39,3463.08,2025-2026,BUDGET_DOCS
9073,Sultanpur,UP,health,402.72,284.04,1972.58,3492.83,2025-2026,BUDGET_DOCS
9074,Unnao,UP,water,350.25,326.58,2141.83,3242.8,2025-2026,BUDGET_DOCS
9074,Unnao,UP,roads,139.48,98.39,645.28,1869.77,2025-2026,BUDGET_DOCS
9074,Unnao,UP,sanitation,229.64,212.43,1393.19,3120.8,2025-2026,BUDGET_DOCS
9074,Unnao,UP,electricity,157.78,107.91,707.71,2066.49,2025-2026,BUDGET_DOCS
9074,Unnao,UP,health,220.15,161.5,1059.17,3059.18,2025-2026,BUDGET_DOCS
9075,Varanasi,UP,water,306.73,266.41,754.98,1559.43,2025-2026,BUDGET_DOCS
9075,Varanasi,UP,roads,703.87,480.47,1361.6,3080.53,2025-2026,BUDGET_DOCS
9075,Varanasi,UP,sanitation,668.73,479.79,1359.68,2588.33,2025-2026,BUDGET_DOCS
9075,Varanasi,UP,electricity,376.14,330.04,935.3,2262.64,2025-2026,BUDGET_DOCS
9075,Varanasi,UP,health,448.64,313.16,887.46,1614.42,2025-2026,BUDGET_DOCS
5001,Almora,UK,water,124.19,104.74,898.28,2243.32,2025-2026,BUDGET_DOCS
5001,Almora,UK,roads,115.9,92.35,792.02,2018.56,2025-2026,BUDGET_DOCS
5001,Almora,UK,sanitation,209.44,159.61,1368.86,2633.89,2025-2026,BUDGET_DOCS
5001,Almora,UK,electricity,104.59,94.94,814.23,2241.08,2025-2026,BUDGET_DOCS
5001,Almora,UK,health,196.82,152.66,1309.26,2200.15,2025-2026,BUDGET_DOCS
5002,Bageshwar,UK,water,248.09,183.53,1172.21,2054.23,2025-2026,BUDGET_DOCS
5002,Bageshwar,UK,roads,326.5,239.6,1530.34,3071.85,2025-2026,BUDGET_DOCS
5002,Bageshwar,UK,sanitation,310.81,256.55,1638.6,2447.09,2025-2026,BUDGET_DOCS
5002,Bageshwar,UK,electricity,117.79,110.39,705.07,1598.71,2025-2026,BUDGET_DOCS
5002,Bageshwar,UK,health,132.37,124.06,792.38,1768.71,2025-2026,BUDGET_DOCS
5003,Chamoli,UK,water,167.52,129.23,1263.39,3264.16,2025-2026,BUDGET_DOCS
5003,Chamoli,UK,roads,156.78,128.26,1253.9,2359.88,2025-2026,BUDGET_DOCS
5003,Chamoli,UK,sanitation,141.33,100.07,978.31,2798.83,2025-2026,BUDGET_DOCS
5003,Chamoli,UK,electricity,148.58,103.81,1014.87,2984.26,2025-2026,BUDGET_DOCS
5003,Chamoli,UK,health,186.3,130.22,1273.06,3154.54,2025-2026,BUDGET_DOCS
5004,Champawat,UK,water,182.82,160.04,875.96,1332.32,2025-2026,BUDGET_DOCS
5004,Champawat,UK,roads,310.7,258.97,1417.45,2103.49,2025-2026,BUDGET_DOCS
5004,Champawat,UK,sanitation,395.5,271.06,1483.62,2614.01,2025-2026,BUDGET_DOCS
5004,Champawat,UK,electricity,200.26,142.07,777.61,1758.27,2025-2026,BUDGET_DOCS
5004,Champawat,UK,health,227.16,172.98,946.79,2306.58,2025-2026,BUDGET_DOCS
5005,Dehradun,UK,water,104.11,82.71,549.51,1374.83,2025-2026,BUDGET_DOCS
5005,Dehradun,UK,roads,151.46,141.35,939.1,1733.87,2025-2026,BUDGET_DOCS
5005,Dehradun,UK,sanitation,249.42,185.96,1235.48,3166.43,2025-2026,BUDGET_DOCS
5005,Dehradun,UK,electricity,258.98,239.65,1592.19,2735.89,2025-2026,BUDGET_DOCS
5005,Dehradun,UK,health,119.53,110.17,731.95,1779.31,2025-2026,BUDGET_DOCS
5006,Haridwar,UK,water,112.82,85.31,535.6,1582.3,2025-2026,BUDGET_DOCS
5006,Haridwar,UK,roads,151.34,98.82,620.41,1729.62,2025-2026,BUDGET_DOCS
5006,Haridwar,UK,sanitation,111.55,98.34,617.4,1416.4,2025-2026,BUDGET_DOCS
5006,Haridwar,UK,electricity,156.78,115.99,728.21,1430.85,2025-2026,BUDGET_DOCS
5006,Haridwar,UK,health,183.75,166.37,1044.51,2732.24,2025-2026,BUDGET_DOCS
5007,Nainital,UK,water,336.77,313.04,1536.49,3035.16,2025-2026,BUDGET_DOCS
5007,Nainital,UK,roads,409.64,356.71,1750.83,3019.8,2025-2026,BUDGET_DOCS
5007,Nainital,UK,sanitation,374.55,304.44,1494.27,3428.99,2025-2026,BUDGET_DOCS
5007,Nainital,UK,electricity,282.41,237.28,1164.63,2333.07,2025-2026,BUDGET_DOCS
5007,Nainital,UK,health,309.77,220.77,1083.6,3107.88,2025-2026,BUDGET_DOCS
5008,Pauri Garhwal,UK,water,318.41,282.01,1456.35,2395.46,2025-2026,BUDGET_DOCS
5008,Pauri Garhwal,UK,roads,250.06,176.95,913.8,2026.34,2025-2026,BUDGET_DOCS
5008,Pauri Garhwal,UK,sanitation,267.97,236.47,1221.18,2899.28,2025-2026,BUDGET_DOCS
5008,Pauri Garhwal,UK,electricity,391.48,310.58,1603.89,2808.78,2025-2026,BUDGET_DOCS
5008,Pauri Garhwal,UK,health,196.93,171.7,886.69,2130.42,2025-2026,BUDGET_DOCS
5009,Pithoragarh,UK,water,308.76,250.09,1201.84,2005.84,2025-2026,BUDGET_DOCS
5009,Pithoragarh,UK,roads,317.27,295.11,1418.19,2011.14,2025-2026,BUDGET_DOCS
5009,Pithoragarh,UK,sanitation,328.76,311.22,1495.61,2133.19,2025-2026,BUDGET_DOCS
5009,Pithoragarh,UK,electricity,300.79,212.54,1021.39,2228.61,2025-2026,BUDGET_DOCS
5009,Pithoragarh,UK,health,488.71,412.39,1981.79,2949.1,2025-2026,BUDGET_DOCS
5010,Rudraprayag,UK,water,241.52,185.86,786.59,2219.78,2025-2026,BUDGET_DOCS
5010,Rudraprayag,UK,roads,329.77,248.25,1050.63,1803.24,2025-2026,BUDGET_DOCS
5010,Rudraprayag,UK,sanitation,616.29,467.39,1978.06,3130.03,2025-2026,BUDGET_DOCS
5010,Rudraprayag,UK,electricity,167.32,150.72,637.87,1646.67,2025-2026,BUDGET_DOCS
5010,Rudraprayag,UK,health,259.43,186.65,789.93,2688.14,2025-2026,BUDGET_DOCS
5011,Tehri Garhwal,UK,water,44.8,42.09,479.93,1213.31,2025-2026,BUDGET_DOCS
5011,Tehri Garhwal,UK,roads,136.22,108.4,1236.03,3343.06,2025-2026,BUDGET_DOCS
5011,Tehri Garhwal,UK,sanitation,65.4,50.36,574.23,1285.73,2025-2026,BUDGET_DOCS
5011,Tehri Garhwal,UK,electricity,214.78,193.15,2202.38,3323.98,2025-2026,BUDGET_DOCS
5011,Tehri Garhwal,UK,health,97.59,88.91,1013.79,1326.25,2025-2026,BUDGET_DOCS
5012,Udham Singh Nagar,UK,water,244.01,222.1,1232.17,2748.58,2025-2026,BUDGET_DOCS
5012,Udham Singh Nagar,UK,roads,174.51,114.08,632.89,1655.92,2025-2026,BUDGET_DOCS
5012,Udham Singh Nagar,UK,sanitation,409.84,301.21,1671.05,3354.77,2025-2026,BUDGET_DOCS
5012,Udham Singh Nagar,UK,electricity,151.9,104.99,582.46,1414.25,2025-2026,BUDGET_DOCS
5012,Udham Singh Nagar,UK,health,133.05,100.41,557.05,1660.11,2025-2026,BUDGET_DOCS
5013,Uttarkashi,UK,water,460.33,324.08,1427.36,3017.09,2025-2026,BUDGET_DOCS
5013,Uttarkashi,UK,roads,600.51,548.87,2417.41,3441.76,2025-2026,BUDGET_DOCS
5013,Uttarkashi,UK,sanitation,425.96,386.56,1702.54,3060.36,2025-2026,BUDGET_DOCS
5013,Uttarkashi,UK,electricity,210.33,137.96,607.62,1430.2,2025-2026,BUDGET_DOCS
5013,Uttarkashi,UK,health,248.02,207.32,913.11,1399.05,2025-2026,BUDGET_DOCS
19001,Alipurduar,WB,water,372.81,285.8,1453.33,3031.1,2025-2026,BUDGET_DOCS
19001,Alipurduar,WB,roads,230.84,219.12,1114.25,1787.72,2025-2026,BUDGET_DOCS
19001,Alipurduar,WB,sanitation,246.61,217.46,1105.81,1580.67,2025-2026,BUDGET_DOCS
19001,Alipurduar,WB,electricity,202.18,182.49,927.99,2050.36,2025-2026,BUDGET_DOCS
19001,Alipurduar,WB,health,194.13,128.6,653.95,1514.68,2025-2026,BUDGET_DOCS
19002,Bankura,WB,water,269.44,233.83,695.29,1816.21,2025-2026,BUDGET_DOCS
19002,Bankura,WB,roads,439.34,365.1,1085.61,1739.25,2025-2026,BUDGET_DOCS
19002,Bankura,WB,sanitation,435.2,384.85,1144.34,3121.03,2025-2026,BUDGET_DOCS
19002,Bankura,WB,electricity,335.99,286.13,850.8,2297.0,2025-2026,BUDGET_DOCS
19002,Bankura,WB,health,274.12,231.43,688.15,1314.8,2025-2026,BUDGET_DOCS
19003,Birbhum,WB,water,251.3,230.9,1083.19,2008.23,2025-2026,BUDGET_DOCS
19003,Birbhum,WB,roads,308.57,281.74,1321.68,3152.88,2025-2026,BUDGET_DOCS
19003,Birbhum,WB,sanitation,364.23,337.78,1584.57,2936.54,2025-2026,BUDGET_DOCS
19003,Birbhum,WB,electricity,524.65,398.9,1871.3,3273.06,2025-2026,BUDGET_DOCS
19003,Birbhum,WB,health,285.91,230.4,1080.84,1882.95,2025-2026,BUDGET_DOCS
19004,Cooch Behar,WB,water,736.07,482.96,1343.04,3134.89,2025-2026,BUDGET_DOCS
19004,Cooch Behar,WB,roads,698.18,611.51,1700.52,3445.47,2025-2026,BUDGET_DOCS
19004,Cooch Behar,WB,sanitation,433.68,286.64,797.11,2185.33,2025-2026,BUDGET_DOCS
19004,Cooch Behar,WB,electricity,609.1,563.08,1565.85,2823.54,2025-2026,BUDGET_DOCS
19004,Cooch Behar,WB,health,470.35,309.54,860.79,2561.92,2025-2026,BUDGET_DOCS
19005,Dakshin Dinajpur,WB,water,276.83,186.69,895.41,2521.66,2025-2026,BUDGET_DOCS
19005,Dakshin Dinajpur,WB,roads,162.59,130.47,625.77,1237.13,2025-2026,BUDGET_DOCS
19005,Dakshin Dinajpur,WB,sanitation,270.4,216.51,1038.44,2366.25,2025-2026,BUDGET_DOCS
19005,Dakshin Dinajpur,WB,electricity,273.09,245.22,1176.14,1957.83,2025-2026,BUDGET_DOCS
19005,Dakshin Dinajpur,WB,health,321.74,264.4,1268.13,2090.58,2025-2026,BUDGET_DOCS
19006,Darjeeling,WB,water,411.76,338.18,1771.03,3140.84,2025-2026,BUDGET_DOCS
19006,Darjeeling,WB,roads,131.48,103.43,541.66,1519.7,2025-2026,BUDGET_DOCS
19006,Darjeeling,WB,sanitation,270.47,210.09,1100.23,1803.43,2025-2026,BUDGET_DOCS
19006,Darjeeling,WB,electricity,233.43,212.26,1111.6,2810.37,2025-2026,BUDGET_DOCS
19006,Darjeeling,WB,health,317.01,244.78,1281.9,2770.43,2025-2026,BUDGET_DOCS
19007,Hooghly,WB,water,175.15,156.75,1050.28,1384.21,2025-2026,BUDGET_DOCS
19007,Hooghly,WB,roads,309.44,253.29,1697.13,3340.12,2025-2026,BUDGET_DOCS
19007,Hooghly,WB,sanitation,176.03,161.08,1079.29,2162.96,2025-2026,BUDGET_DOCS
19007,Hooghly,WB,electricity,189.83,149.79,1003.64,1669.37,2025-2026,BUDGET_DOCS
19007,Hooghly,WB,health,272.79,177.81,1191.39,2252.34,2025-2026,BUDGET_DOCS
19008,Howrah,WB,water,602.79,500.59,1330.77,1895.72,2025-2026,BUDGET_DOCS
19008,Howrah,WB,roads,246.69,217.71,578.76,1244.34,2025-2026,BUDGET_DOCS
19008,Howrah,WB,sanitation,576.34,379.25,1008.2,2604.14,2025-2026,BUDGET_DOCS
19008,Howrah,WB,electricity,375.29,313.4,833.14,2074.88,2025-2026,BUDGET_DOCS
19008,Howrah,WB,health,693.52,451.2,1199.47,3084.91,2025-2026,BUDGET_DOCS
19009,Jalpaiguri,WB,water,332.92,270.21,1436.39,2902.88,2025-2026,BUDGET_DOCS
19009,Jalpaiguri,WB,roads,253.48,235.29,1250.76,2152.86,2025-2026,BUDGET_DOCS
19009,Jalpaiguri,WB,sanitation,223.8,188.5,1002.03,2088.64,2025-2026,BUDGET_DOCS
19009,Jalpaiguri,WB,electricity,361.49,272.25,1447.23,2725.64,2025-2026,BUDGET_DOCS
19009,Jalpaiguri,WB,health,333.72,292.57,1555.25,2683.96,2025-2026,BUDGET_DOCS
19010,Jhargram,WB,water,173.42,143.89,515.33,1463.21,2025-2026,BUDGET_DOCS
19010,Jhargram,WB,roads,297.69,197.3,706.61,1558.97,2025-2026,BUDGET_DOCS
19010,Jhargram,WB,sanitation,442.5,355.75,1274.08,3223.62,2025-2026,BUDGET_DOCS
19010,Jhargram,WB,electricity,431.32,396.59,1420.34,2440.67,2025-2026,BUDGET_DOCS
19010,Jhargram,WB,health,408.98,285.39,1022.09,3410.16,2025-2026,BUDGET_DOCS
19011,Kalimpong,WB,water,411.27,337.03,1146.74,2532.74,2025-2026,BUDGET_DOCS
19011,Kalimpong,WB,roads,479.79,351.53,1196.07,2675.65,2025-2026,BUDGET_DOCS
19011,Kalimpong,WB,sanitation,259.46,201.57,685.84,1373.1,2025-2026,BUDGET_DOCS
19011,Kalimpong,WB,electricity,339.31,281.61,958.17,2562.37,2025-2026,BUDGET_DOCS
19011,Kalimpong,WB,health,752.74,528.01,1796.54,3257.0,2025-2026,BUDGET_DOCS
19012,Kolkata,WB,water,702.01,502.29,1216.05,3229.44,2025-2026,BUDGET_DOCS
19012,Kolkata,WB,roads,719.49,608.18,1472.42,3047.06,2025-2026,BUDGET_DOCS
19012,Kolkata,WB,sanitation,608.36,490.69,1187.97,2676.43,2025-2026,BUDGET_DOCS
19012,Kolkata,WB,electricity,788.58,513.97,1244.33,3089.04,2025-2026,BUDGET_DOCS
19012,Kolkata,WB,health,486.46,359.29,869.85,1610.88,2025-2026,BUDGET_DOCS
19013,Malda,WB,water,529.63,408.62,1667.17,3291.79,2025-2026,BUDGET_DOCS
19013,Malda,WB,roads,540.77,392.05,1599.57,3077.63,2025-2026,BUDGET_DOCS
19013,Malda,WB,sanitation,376.05,244.52,997.64,2066.46,2025-2026,BUDGET_DOCS
19013,Malda,WB,electricity,431.98,329.44,1344.12,3312.07,2025-2026,BUDGET_DOCS
19013,Malda,WB,health,274.66,235.36,960.27,1505.8,2025-2026,BUDGET_DOCS
19014,Murshidabad,WB,water,751.64,611.86,2051.69,3132.92,2025-2026,BUDGET_DOCS
19014,Murshidabad,WB,roads,348.62,286.21,959.72,1473.37,2025-2026,BUDGET_DOCS
19014,Murshidabad,WB,sanitation,533.68,406.04,1361.54,3495.58,2025-2026,BUDGET_DOCS
19014,Murshidabad,WB,electricity,581.18,404.32,1355.77,3359.86,2025-2026,BUDGET_DOCS
19014,Murshidabad,WB,health,225.59,175.59,588.79,1654.45,2025-2026,BUDGET_DOCS
19015,Nadia,WB,water,440.46,412.0,1103.17,1600.61,2025-2026,BUDGET_DOCS
19015,Nadia,WB,roads,386.64,272.72,730.23,1627.79,2025-2026,BUDGET_DOCS
19015,Nadia,WB,sanitation,832.66,573.41,1535.36,3410.87,2025-2026,BUDGET_DOCS
19015,Nadia,WB,electricity,450.52,423.47,1133.88,2082.81,2025-2026,BUDGET_DOCS
19015,Nadia,WB,health,828.71,640.14,1714.03,3381.84,2025-2026,BUDGET_DOCS
19016,North 24 Parganas,WB,water,571.34,538.07,1431.16,2471.55,2025-2026,BUDGET_DOCS
19016,North 24 Parganas,WB,roads,567.35,453.1,1205.16,2478.75,2025-2026,BUDGET_DOCS
19016,North 24 Parganas,WB,sanitation,555.8,491.49,1307.27,2605.1,2025-2026,BUDGET_DOCS
19016,North 24 Parganas,WB,electricity,209.97,152.53,405.7,1228.42,2025-2026,BUDGET_DOCS
19016,North 24 Parganas,WB,health,381.58,347.27,923.67,1597.13,2025-2026,BUDGET_DOCS
19017,Paschim Bardhaman,WB,water,420.4,332.08,1485.1,2700.45,2025-2026,BUDGET_DOCS
19017,Paschim Bardhaman,WB,roads,368.38,319.5,1428.84,2117.46,2025-2026,BUDGET_DOCS
19017,Paschim Bardhaman,WB,sanitation,625.98,464.16,2075.78,3370.96,2025-2026,BUDGET_DOCS
19017,Paschim Bardhaman,WB,electricity,303.09,200.08,894.78,2699.75,2025-2026,BUDGET_DOCS
19017,Paschim Bardhaman,WB,health,340.36,228.45,1021.66,1853.76,2025-2026,BUDGET_DOCS
19018,Paschim Medinipur,WB,water,465.43,395.68,1175.27,1883.38,2025-2026,BUDGET_DOCS
19018,Paschim Medinipur,WB,roads,503.68,329.11,977.54,2803.78,2025-2026,BUDGET_DOCS
19018,Paschim Medinipur,WB,sanitation,636.48,442.61,1314.66,2628.49,2025-2026,BUDGET_DOCS
19018,Paschim Medinipur,WB,electricity,406.89,366.0,1087.11,2392.76,2025-2026,BUDGET_DOCS
19018,Paschim Medinipur,WB,health,350.79,332.55,987.76,1271.25,2025-2026,BUDGET_DOCS
19019,Purba Bardhaman,WB,water,300.23,207.01,1270.7,3171.8,2025-2026,BUDGET_DOCS
19019,Purba Bardhaman,WB,roads,120.87,91.78,563.38,1209.92,2025-2026,BUDGET_DOCS
19019,Purba Bardhaman,WB,sanitation,172.85,144.28,885.64,2644.28,2025-2026,BUDGET_DOCS
19019,Purba Bardhaman,WB,electricity,286.47,223.21,1370.15,2140.79,2025-2026,BUDGET_DOCS
19019,Purba Bardhaman,WB,health,197.37,173.15,1062.86,1966.37,2025-2026,BUDGET_DOCS
19020,Purba Medinipur,WB,water,496.39,337.09,1394.12,2622.95,2025-2026,BUDGET_DOCS
19020,Purba Medinipur,WB,roads,197.95,140.33,580.37,1319.21,2025-2026,BUDGET_DOCS
19020,Purba Medinipur,WB,sanitation,239.65,225.56,932.86,1589.98,2025-2026,BUDGET_DOCS
19020,Purba Medinipur,WB,electricity,191.1,167.65,693.36,1342.85,2025-2026,BUDGET_DOCS
19020,Purba Medinipur,WB,health,343.13,227.67,941.59,2952.13,2025-2026,BUDGET_DOCS
19021,Purulia,WB,water,607.45,505.81,1386.25,3147.25,2025-2026,BUDGET_DOCS
19021,Purulia,WB,roads,679.38,446.83,1224.61,2993.38,2025-2026,BUDGET_DOCS
19021,Purulia,WB,sanitation,683.52,621.87,1704.34,2924.52,2025-2026,BUDGET_DOCS
19021,Purulia,WB,electricity,589.42,394.74,1081.85,2981.27,2025-2026,BUDGET_DOCS
19021,Purulia,WB,health,503.2,453.42,1242.67,3427.97,2025-2026,BUDGET_DOCS
19022,South 24 Parganas,WB,water,508.67,371.53,990.38,2437.89,2025-2026,BUDGET_DOCS
19022,South 24 Parganas,WB,roads,653.94,432.33,1152.45,2082.11,2025-2026,BUDGET_DOCS
19022,South 24 Parganas,WB,sanitation,750.54,567.56,1512.93,3072.07,2025-2026,BUDGET_DOCS
19022,South 24 Parganas,WB,electricity,250.92,218.95,583.65,1203.35,2025-2026,BUDGET_DOCS
19022,South 24 Parganas,WB,health,823.88,614.85,1638.99,2876.52,2025-2026,BUDGET_DOCS
19023,Uttar Dinajpur,WB,water,478.48,355.72,936.86,3106.41,2025-2026,BUDGET_DOCS
19023,Uttar Dinajpur,WB,roads,559.28,409.89,1079.53,3253.41,2025-2026,BUDGET_DOCS
19023,Uttar Dinajpur,WB,sanitation,350.23,291.13,766.75,1242.26,2025-2026,BUDGET_DOCS
19023,Uttar Dinajpur,WB,electricity,738.77,519.7,1368.74,3013.46,2025-2026,BUDGET_DOCS
19023,Uttar Dinajpur,WB,health,475.77,339.08,893.04,3049.83,2025-2026,BUDGET_DOCS
35001,Nicobars,AN,water,7.31,5.49,981.72,1939.9,2025-2026,BUDGET_DOCS
35001,Nicobars,AN,roads,10.98,9.42,1684.49,3432.9,2025-2026,BUDGET_DOCS
35001,Nicobars,AN,sanitation,7.81,5.55,992.45,2831.38,2025-2026,BUDGET_DOCS
35001,Nicobars,AN,electricity,7.07,4.88,872.64,1744.48,2025-2026,BUDGET_DOCS
35001,Nicobars,AN,health,3.6,3.4,607.99,1327.64,2025-2026,BUDGET_DOCS
35002,North and Middle Andaman,AN,water,27.3,18.71,626.2,1294.36,2025-2026,BUDGET_DOCS
35002,North and Middle Andaman,AN,roads,37.06,33.42,1118.52,2808.37,2025-2026,BUDGET_DOCS
35002,North and Middle Andaman,AN,sanitation,63.1,59.55,1993.05,3091.35,2025-2026,BUDGET_DOCS
35002,North and Middle Andaman,AN,electricity,41.52,29.48,986.65,3191.0,2025-2026,BUDGET_DOCS
35002,North and Middle Andaman,AN,health,44.07,33.8,1131.24,3169.17,2025-2026,BUDGET_DOCS
35003,South Andaman,AN,water,42.04,29.18,1625.32,2772.61,2025-2026,BUDGET_DOCS
35003,South Andaman,AN,roads,23.12,18.29,1018.75,1921.14,2025-2026,BUDGET_DOCS
35003,South Andaman,AN,sanitation,13.42,9.82,546.97,1216.12,2025-2026,BUDGET_DOCS
35003,South Andaman,AN,electricity,27.15,23.56,1312.29,2835.69,2025-2026,BUDGET_DOCS
35003,South Andaman,AN,health,26.01,21.06,1173.04,3404.73,2025-2026,BUDGET_DOCS
4001,Chandigarh,CH,water,528.95,364.81,1785.33,3048.98,2025-2026,BUDGET_DOCS
4001,Chandigarh,CH,roads,223.45,192.38,941.48,2137.12,2025-2026,BUDGET_DOCS
4001,Chandigarh,CH,sanitation,420.7,319.31,1562.66,2525.3,2025-2026,BUDGET_DOCS
4001,Chandigarh,CH,electricity,325.28,248.94,1218.28,3445.31,2025-2026,BUDGET_DOCS
4001,Chandigarh,CH,health,317.54,218.76,1070.58,2901.69,2025-2026,BUDGET_DOCS
26001,Dadra and Nagar Haveli,DD,water,377.72,255.46,1557.29,2881.15,2025-2026,BUDGET_DOCS
26001,Dadra and Nagar Haveli,DD,roads,226.47,147.75,900.69,2656.56,2025-2026,BUDGET_DOCS
26001,Dadra and Nagar Haveli,DD,sanitation,182.85,166.0,1011.94,2453.54,2025-2026,BUDGET_DOCS
26001,Dadra and Nagar Haveli,DD,electricity,278.75,263.85,1608.44,2549.28,2025-2026,BUDGET_DOCS
26001,Dadra and Nagar Haveli,DD,health,160.6,135.18,824.06,1335.02,2025-2026,BUDGET_DOCS
26002,Daman,DD,water,283.7,237.45,1201.84,3429.1,2025-2026,BUDGET_DOCS
26002,Daman,DD,roads,201.07,182.75,924.98,2426.93,2025-2026,BUDGET_DOCS
26002,Daman,DD,sanitation,363.86,339.94,1720.59,2265.98,2025-2026,BUDGET_DOCS
26002,Daman,DD,electricity,461.69,335.8,1699.64,3349.22,2025-2026,BUDGET_DOCS
26002,Daman,DD,health,246.98,231.06,1169.5,1828.71,2025-2026,BUDGET_DOCS
26003,Diu,DD,water,315.57,231.95,1241.85,2647.28,2025-2026,BUDGET_DOCS
26003,Diu,DD,roads,308.26,230.9,1236.23,3129.63,2025-2026,BUDGET_DOCS
26003,Diu,DD,sanitation,303.67,212.68,1138.68,3454.81,2025-2026,BUDGET_DOCS
26003,Diu,DD,electricity,320.5,220.18,1178.84,3026.66,2025-2026,BUDGET_DOCS
26003,Diu,DD,health,207.11,178.08,953.44,2618.02,2025-2026,BUDGET_DOCS
7001,Central Delhi,DL,water,448.71,399.32,537.75,1236.88,2025-2026,BUDGET_DOCS
7001,Central Delhi,DL,roads,625.85,411.9,554.69,1344.64,2025-2026,BUDGET_DOCS
7001,Central Delhi,DL,sanitation,749.36,488.07,657.26,2061.26,2025-2026,BUDGET_DOCS
7001,Central Delhi,DL,electricity,1160.69,975.49,1313.65,2214.8,2025-2026,BUDGET_DOCS
7001,Central Delhi,DL,health,651.8,442.03,595.26,1407.38,2025-2026,BUDGET_DOCS
7002,East Delhi,DL,water,264.11,179.36,1105.23,2883.42,2025-2026,BUDGET_DOCS
7002,East Delhi,DL,roads,354.59,335.53,2067.57,3066.8,2025-2026,BUDGET_DOCS
7002,East Delhi,DL,sanitation,156.74,135.86,837.18,2275.34,2025-2026,BUDGET_DOCS
7002,East Delhi,DL,electricity,197.39,133.04,819.8,1483.15,2025-2026,BUDGET_DOCS
7002,East Delhi,DL,health,276.54,227.5,1401.88,2678.87,2025-2026,BUDGET_DOCS
7003,New Delhi,DL,water,194.02,126.52,951.37,2258.01,2025-2026,BUDGET_DOCS
7003,New Delhi,DL,roads,156.02,110.11,827.98,2779.33,2025-2026,BUDGET_DOCS
7003,New Delhi,DL,sanitation,172.07,136.53,1026.64,1758.64,2025-2026,BUDGET_DOCS
7003,New Delhi,DL,electricity,222.03,180.43,1356.75,2290.31,2025-2026,BUDGET_DOCS
7003,New Delhi,DL,health,94.36,79.52,597.95,1762.03,2025-2026,BUDGET_DOCS
7004,North Delhi,DL,water,331.27,219.29,1115.66,3179.41,2025-2026,BUDGET_DOCS
7004,North Delhi,DL,roads,512.07,382.34,1945.19,3197.73,2025-2026,BUDGET_DOCS
7004,North Delhi,DL,sanitation,445.49,414.5,2108.81,2955.1,2025-2026,BUDGET_DOCS
7004,North Delhi,DL,electricity,389.04,324.92,1653.06,3260.27,2025-2026,BUDGET_DOCS
7004,North Delhi,DL,health,244.11,170.78,868.86,2565.6,2025-2026,BUDGET_DOCS
7005,North East Delhi,DL,water,230.56,202.51,925.93,2173.54,2025-2026,BUDGET_DOCS
7005,North East Delhi,DL,roads,184.23,127.39,582.46,1602.93,2025-2026,BUDGET_DOCS
7005,North East Delhi,DL,sanitation,464.54,311.79,1425.58,3411.51,2025-2026,BUDGET_DOCS
7005,North East Delhi,DL,electricity,261.52,217.7,995.38,2559.28,2025-2026,BUDGET_DOCS
7005,North East Delhi,DL,health,410.45,367.75,1681.44,3039.3,2025-2026,BUDGET_DOCS
7006,North West Delhi,DL,water,115.73,88.88,703.41,1267.75,2025-2026,BUDGET_DOCS
7006,North West Delhi,DL,roads,119.62,101.92,806.61,1854.0,2025-2026,BUDGET_DOCS
7006,North West Delhi,DL,sanitation,152.1,144.17,1140.98,1623.9,2025-2026,BUDGET_DOCS
7006,North West Delhi,DL,electricity,169.44,116.66,923.26,2866.82,2025-2026,BUDGET_DOCS
7006,North West Delhi,DL,health,172.19,122.45,969.08,2233.62,2025-2026,BUDGET_DOCS
7007,Shahdara,DL,water,152.47,106.86,606.59,1279.47,2025-2026,BUDGET_DOCS
7007,Shahdara,DL,roads,223.02,187.13,1062.25,2357.87,2025-2026,BUDGET_DOCS
7007,Shahdara,DL,sanitation,189.44,159.53,905.57,1395.07,2025-2026,BUDGET_DOCS
7007,Shahdara,DL,electricity,283.99,189.16,1073.77,3019.5,2025-2026,BUDGET_DOCS
7007,Shahdara,DL,health,300.02,255.8,1452.05,3264.96,2025-2026,BUDGET_DOCS
7008,South Delhi,DL,water,372.12,315.82,1378.57,2131.13,2025-2026,BUDGET_DOCS
7008,South Delhi,DL,roads,361.61,322.87,1409.35,2020.71,2025-2026,BUDGET_DOCS
7008,South Delhi,DL,sanitation,404.58,294.82,1286.91,2128.14,2025-2026,BUDGET_DOCS
7008,South Delhi,DL,electricity,212.43,174.64,762.31,2146.73,2025-2026,BUDGET_DOCS
7008,South Delhi,DL,health,277.61,234.22,1022.38,1814.71,2025-2026,BUDGET_DOCS
7009,South East Delhi,DL,water,193.4,159.9,1382.84,2823.95,2025-2026,BUDGET_DOCS
7009,South East Delhi,DL,roads,164.53,122.42,1058.71,2626.51,2025-2026,BUDGET_DOCS
7009,South East Delhi,DL,sanitation,246.95,219.82,1901.04,3193.58,2025-2026,BUDGET_DOCS
7009,South East Delhi,DL,electricity,149.46,131.9,1140.69,1677.34,2025-2026,BUDGET_DOCS
7009,South East Delhi,DL,health,126.77,87.41,755.93,2203.99,2025-2026,BUDGET_DOCS
7010,South West Delhi,DL,water,152.36,99.22,661.9,1980.7,2025-2026,BUDGET_DOCS
7010,South West Delhi,DL,roads,145.29,113.48,757.02,1368.44,2025-2026,BUDGET_DOCS
7010,South West Delhi,DL,sanitation,342.45,239.37,1596.84,2807.73,2025-2026,BUDGET_DOCS
7010,South West Delhi,DL,electricity,378.75,356.65,2379.21,3292.12,2025-2026,BUDGET_DOCS
7010,South West Delhi,DL,health,226.74,181.24,1209.05,2817.36,2025-2026,BUDGET_DOCS
7011,West Delhi,DL,water,316.74,251.78,1236.74,2409.48,2025-2026,BUDGET_DOCS
7011,West Delhi,DL,roads,257.58,232.94,1144.2,1958.6,2025-2026,BUDGET_DOCS
7011,West Delhi,DL,sanitation,175.16,134.05,658.45,1355.0,2025-2026,BUDGET_DOCS
7011,West Delhi,DL,electricity,204.41,175.66,862.84,1377.18,2025-2026,BUDGET_DOCS
7011,West Delhi,DL,health,250.76,193.15,948.75,1787.46,2025-2026,BUDGET_DOCS
1001,Anantnag,JK,water,274.76,178.9,914.08,2760.02,2025-2026,BUDGET_DOCS
1001,Anantnag,JK,roads,418.3,291.24,1488.08,2628.06,2025-2026,BUDGET_DOCS
1001,Anantnag,JK,sanitation,187.22,168.84,862.68,2108.43,2025-2026,BUDGET_DOCS
1001,Anantnag,JK,electricity,208.22,161.4,824.67,1336.51,2025-2026,BUDGET_DOCS
1001,Anantnag,JK,health,187.42,127.39,650.89,2083.64,2025-2026,BUDGET_DOCS
1002,Bandipora,JK,water,393.79,306.88,1372.41,3421.94,2025-2026,BUDGET_DOCS
1002,Bandipora,JK,roads,114.89,92.73,414.7,1213.16,2025-2026,BUDGET_DOCS
1002,Bandipora,JK,sanitation,333.27,258.11,1154.3,1976.43,2025-2026,BUDGET_DOCS
1002,Bandipora,JK,electricity,248.91,212.82,951.76,2421.2,2025-2026,BUDGET_DOCS
1002,Bandipora,JK,health,265.24,200.49,896.62,2022.05,2025-2026,BUDGET_DOCS
1003,Baramulla,JK,water,177.96,143.04,1155.12,2429.14,2025-2026,BUDGET_DOCS
1003,Baramulla,JK,roads,116.83,92.41,746.26,1736.78,2025-2026,BUDGET_DOCS
1003,Baramulla,JK,sanitation,68.8,45.13,364.45,1296.36,2025-2026,BUDGET_DOCS
1003,Baramulla,JK,electricity,106.43,97.34,786.07,1763.85,2025-2026,BUDGET_DOCS
1003,Baramulla,JK,health,191.86,133.57,1078.64,1886.09,2025-2026,BUDGET_DOCS
1004,Budgam,JK,water,138.75,108.22,1307.91,2530.29,2025-2026,BUDGET_DOCS
1004,Budgam,JK,roads,75.34,62.45,754.75,1352.29,2025-2026,BUDGET_DOCS
1004,Budgam,JK,sanitation,215.2,197.68,2389.09,3196.42,2025-2026,BUDGET_DOCS
1004,Budgam,JK,electricity,122.7,89.79,1085.17,3218.57,2025-2026,BUDGET_DOCS
1004,Budgam,JK,health,186.97,127.67,1542.97,3477.08,2025-2026,BUDGET_DOCS
1005,Doda,JK,water,399.77,328.58,1820.98,2672.51,2025-2026,BUDGET_DOCS
1005,Doda,JK,roads,397.8,328.32,1819.54,2756.71,2025-2026,BUDGET_DOCS
1005,Doda,JK,sanitation,308.62,213.6,1183.76,2644.26,2025-2026,BUDGET_DOCS
1005,Doda,JK,electricity,250.03,216.32,1198.84,3459.96,2025-2026,BUDGET_DOCS
1005,Doda,JK,health,149.51,136.29,755.31,1777.24,2025-2026,BUDGET_DOCS
1006,Ganderbal,JK,water,92.85,78.88,887.5,1421.65,2025-2026,BUDGET_DOCS
1006,Ganderbal,JK,roads,129.83,102.32,1151.23,2283.68,2025-2026,BUDGET_DOCS
1006,Ganderbal,JK,sanitation,191.98,131.33,1477.62,2602.22,2025-2026,BUDGET_DOCS
1006,Ganderbal,JK,electricity,107.14,83.31,937.34,1910.15,2025-2026,BUDGET_DOCS
1006,Ganderbal,JK,health,130.5,105.29,1184.64,1814.8,2025-2026,BUDGET_DOCS
1007,Jammu,JK,water,240.62,226.5,1262.07,2687.42,2025-2026,BUDGET_DOCS
1007,Jammu,JK,roads,287.21,217.76,1213.37,2187.53,2025-2026,BUDGET_DOCS
1007,Jammu,JK,sanitation,319.17,279.92,1559.72,2461.86,2025-2026,BUDGET_DOCS
1007,Jammu,JK,electricity,167.14,132.74,739.63,1581.22,2025-2026,BUDGET_DOCS
1007,Jammu,JK,health,295.88,267.71,1491.69,3334.61,2025-2026,BUDGET_DOCS
1008,Kathua,JK,water,188.55,130.85,869.32,2351.5,2025-2026,BUDGET_DOCS
1008,Kathua,JK,roads,175.99,132.34,879.22,2077.42,2025-2026,BUDGET_DOCS
1008,Kathua,JK,sanitation,196.45,162.68,1080.79,1918.54,2025-2026,BUDGET_DOCS
1008,Kathua,JK,electricity,111.19,77.37,514.02,1253.83,2025-2026,BUDGET_DOCS
1008,Kathua,JK,health,164.74,117.96,783.68,1507.09,2025-2026,BUDGET_DOCS
1009,Kishtwar,JK,water,430.39,372.0,2120.87,3095.02,2025-2026,BUDGET_DOCS
1009,Kishtwar,JK,roads,278.97,237.5,1354.05,2643.68,2025-2026,BUDGET_DOCS
1009,Kishtwar,JK,sanitation,331.2,313.09,1785.0,2470.04,2025-2026,BUDGET_DOCS
1009,Kishtwar,JK,electricity,318.71,213.91,1219.55,2536.13,2025-2026,BUDGET_DOCS
1009,Kishtwar,JK,health,312.11,232.27,1324.23,3019.44,2025-2026,BUDGET_DOCS
1010,Kulgam,JK,water,318.9,280.2,1521.0,2050.07,2025-2026,BUDGET_DOCS
1010,Kulgam,JK,roads,231.45,207.85,1128.27,2642.53,2025-2026,BUDGET_DOCS
1010,Kulgam,JK,sanitation,160.81,129.21,701.39,1683.23,2025-2026,BUDGET_DOCS
1010,Kulgam,JK,electricity,251.48,228.44,1240.04,2145.36,2025-2026,BUDGET_DOCS
1010,Kulgam,JK,health,444.57,342.13,1857.18,3406.82,2025-2026,BUDGET_DOCS
1011,Kupwara,JK,water,402.53,324.8,1525.81,2504.27,2025-2026,BUDGET_DOCS
1011,Kupwara,JK,roads,309.23,271.73,1276.5,2090.02,2025-2026,BUDGET_DOCS
1011,Kupwara,JK,sanitation,232.64,207.64,975.43,2374.71,2025-2026,BUDGET_DOCS
1011,Kupwara,JK,electricity,355.23,328.45,1542.96,2692.37,2025-2026,BUDGET_DOCS
1011,Kupwara,JK,health,330.59,310.66,1459.39,2092.46,2025-2026,BUDGET_DOCS
1012,Poonch,JK,water,363.81,302.78,1831.11,3153.94,2025-2026,BUDGET_DOCS
1012,Poonch,JK,roads,156.17,134.95,816.13,2244.48,2025-2026,BUDGET_DOCS
1012,Poonch,JK,sanitation,133.64,105.32,636.94,1301.75,2025-2026,BUDGET_DOCS
1012,Poonch,JK,electricity,340.43,301.24,1821.79,2612.62,2025-2026,BUDGET_DOCS
1012,Poonch,JK,health,447.48,316.5,1914.08,3189.57,2025-2026,BUDGET_DOCS
1013,Pulwama,JK,water,437.78,369.1,1551.83,3281.66,2025-2026,BUDGET_DOCS
1013,Pulwama,JK,roads,388.19,330.99,1391.6,2407.03,2025-2026,BUDGET_DOCS
1013,Pulwama,JK,sanitation,436.25,376.6,1583.36,2900.05,2025-2026,BUDGET_DOCS
1013,Pulwama,JK,electricity,184.3,140.12,589.11,1844.36,2025-2026,BUDGET_DOCS
1013,Pulwama,JK,health,278.67,262.38,1103.14,2370.93,2025-2026,BUDGET_DOCS
1014,Rajouri,JK,water,245.95,220.31,1285.54,1945.89,2025-2026,BUDGET_DOCS
1014,Rajouri,JK,roads,343.24,299.68,1748.67,2985.82,2025-2026,BUDGET_DOCS
1014,Rajouri,JK,sanitation,259.94,237.02,1383.04,2540.39,2025-2026,BUDGET_DOCS
1014,Rajouri,JK,electricity,288.38,263.04,1534.87,2621.19,2025-2026,BUDGET_DOCS
1014,Rajouri,JK,health,179.89,133.26,777.59,1526.88,2025-2026,BUDGET_DOCS
1015,Ramban,JK,water,123.17,96.02,602.34,1885.78,2025-2026,BUDGET_DOCS
1015,Ramban,JK,roads,361.67,287.14,1801.24,3356.55,2025-2026,BUDGET_DOCS
1015,Ramban,JK,sanitation,294.62,209.91,1316.77,2944.28,2025-2026,BUDGET_DOCS
1015,Ramban,JK,electricity,155.53,124.34,779.99,1473.76,2025-2026,BUDGET_DOCS
1015,Ramban,JK,health,290.43,241.18,1512.93,2241.91,2025-2026,BUDGET_DOCS
1016,Reasi,JK,water,145.88,130.78,806.77,1899.89,2025-2026,BUDGET_DOCS
1016,Reasi,JK,roads,149.29,113.87,702.45,1721.27,2025-2026,BUDGET_DOCS
1016,Reasi,JK,sanitation,320.58,261.27,1611.75,3483.13,2025-2026,BUDGET_DOCS
1016,Reasi,JK,electricity,220.29,159.54,984.19,2641.71,2025-2026,BUDGET_DOCS
1016,Reasi,JK,health,204.68,191.18,1179.37,2195.58,2025-2026,BUDGET_DOCS
1017,Samba,JK,water,352.1,327.0,1381.71,1815.79,2025-2026,BUDGET_DOCS
1017,Samba,JK,roads,148.54,96.68,408.51,1464.28,2025-2026,BUDGET_DOCS
1017,Samba,JK,sanitation,137.62,96.29,406.87,1230.19,2025-2026,BUDGET_DOCS
1017,Samba,JK,electricity,249.28,204.25,863.04,2381.33,2025-2026,BUDGET_DOCS
1017,Samba,JK,health,250.5,184.37,779.04,1365.15,2025-2026,BUDGET_DOCS
1018,Shopian,JK,water,304.66,272.09,1182.71,2892.67,2025-2026,BUDGET_DOCS
1018,Shopian,JK,roads,468.6,345.16,1500.33,3176.69,2025-2026,BUDGET_DOCS
1018,Shopian,JK,sanitation,311.82,221.51,962.85,2664.92,2025-2026,BUDGET_DOCS
1018,Shopian,JK,electricity,589.63,458.39,1992.51,3348.75,2025-2026,BUDGET_DOCS
1018,Shopian,JK,health,404.76,376.36,1635.95,3161.3,2025-2026,BUDGET_DOCS
1019,Srinagar,JK,water,123.02,91.53,474.95,1379.31,2025-2026,BUDGET_DOCS
1019,Srinagar,JK,roads,206.32,144.87,751.74,2106.56,2025-2026,BUDGET_DOCS
1019,Srinagar,JK,sanitation,270.37,240.1,1245.89,3385.3,2025-2026,BUDGET_DOCS
1019,Srinagar,JK,electricity,277.38,238.46,1237.38,3128.06,2025-2026,BUDGET_DOCS
1019,Srinagar,JK,health,222.36,180.84,938.39,1706.41,2025-2026,BUDGET_DOCS
1020,Udhampur,JK,water,323.43,221.9,999.17,1900.19,2025-2026,BUDGET_DOCS
1020,Udhampur,JK,roads,282.24,201.35,906.63,1875.66,2025-2026,BUDGET_DOCS
1020,Udhampur,JK,sanitation,369.94,291.28,1311.57,2986.79,2025-2026,BUDGET_DOCS
1020,Udhampur,JK,electricity,567.16,442.55,1992.71,3158.37,2025-2026,BUDGET_DOCS
1020,Udhampur,JK,health,334.85,255.51,1150.51,1906.49,2025-2026,BUDGET_DOCS
37001,Kargil,LA,water,27.12,21.2,1291.51,2670.53,2025-2026,BUDGET_DOCS
37001,Kargil,LA,roads,26.85,18.2,1108.75,3156.86,2025-2026,BUDGET_DOCS
37001,Kargil,LA,sanitation,17.56,16.3,993.0,2598.07,2025-2026,BUDGET_DOCS
37001,Kargil,LA,electricity,45.79,37.29,2271.72,3428.12,2025-2026,BUDGET_DOCS
37001,Kargil,LA,health,9.51,8.47,515.99,1205.7,2025-2026,BUDGET_DOCS
37002,Leh,LA,water,20.18,18.91,1311.36,1891.59,2025-2026,BUDGET_DOCS
37002,Leh,LA,roads,15.92,11.67,809.29,1352.04,2025-2026,BUDGET_DOCS
37002,Leh,LA,sanitation,29.63,22.58,1565.87,2881.79,2025-2026,BUDGET_DOCS
37002,Leh,LA,electricity,22.01,15.61,1082.52,2309.06,2025-2026,BUDGET_DOCS
37002,Leh,LA,health,13.17,11.31,784.32,2022.48,2025-2026,BUDGET_DOCS
31001,Lakshadweep,LD,water,28.19,22.79,815.06,2381.82,2025-2026,BUDGET_DOCS
31001,Lakshadweep,LD,roads,24.38,16.58,592.97,2060.14,2025-2026,BUDGET_DOCS
31001,Lakshadweep,LD,sanitation,48.28,34.9,1248.17,2802.43,2025-2026,BUDGET_DOCS
31001,Lakshadweep,LD,electricity,35.5,26.53,948.82,1917.65,2025-2026,BUDGET_DOCS
31001,Lakshadweep,LD,health,48.13,37.54,1342.58,3358.13,2025-2026,BUDGET_DOCS
34001,Karaikal,PY,water,210.55,162.54,1770.85,2950.27,2025-2026,BUDGET_DOCS
34001,Karaikal,PY,roads,175.46,121.57,1324.49,2460.21,2025-2026,BUDGET_DOCS
34001,Karaikal,PY,sanitation,132.34,93.88,1022.81,2183.97,2025-2026,BUDGET_DOCS
34001,Karaikal,PY,electricity,221.25,168.52,1836.01,3326.34,2025-2026,BUDGET_DOCS
34001,Karaikal,PY,health,118.99,84.35,918.98,1805.54,2025-2026,BUDGET_DOCS
34002,Mahe,PY,water,118.93,78.28,705.58,1420.43,2025-2026,BUDGET_DOCS
34002,Mahe,PY,roads,98.9,73.63,663.67,2140.37,2025-2026,BUDGET_DOCS
34002,Mahe,PY,sanitation,145.36,119.18,1074.23,1789.02,2025-2026,BUDGET_DOCS
34002,Mahe,PY,electricity,116.26,89.58,807.43,1243.91,2025-2026,BUDGET_DOCS
34002,Mahe,PY,health,177.81,155.06,1397.64,3253.52,2025-2026,BUDGET_DOCS
34003,Puducherry,PY,water,181.84,120.72,1223.68,2725.49,2025-2026,BUDGET_DOCS
34003,Puducherry,PY,roads,100.44,73.0,739.96,1373.71,2025-2026,BUDGET_DOCS
34003,Puducherry,PY,sanitation,94.11,64.02,648.94,1905.52,2025-2026,BUDGET_DOCS
34003,Puducherry,PY,electricity,81.37,57.32,581.02,1724.0,2025-2026,BUDGET_DOCS
34003,Puducherry,PY,health,171.2,152.19,1542.67,2071.31,2025-2026,BUDGET_DOCS
34004,Yanam,PY,water,77.48,62.26,504.94,1211.45,2025-2026,BUDGET_DOCS
34004,Yanam,PY,roads,140.38,122.64,994.63,2187.62,2025-2026,BUDGET_DOCS
34004,Yanam,PY,sanitation,235.12,177.98,1443.45,2878.27,2025-2026,BUDGET_DOCS
34004,Yanam,PY,electricity,164.33,139.85,1134.21,2205.71,2025-2026,BUDGET_DOCS
34004,Yanam,PY,health,256.98,185.73,1506.3,2637.74,2025-2026,BUDGET_DOCS
